id,question,answer,ground_truth,retrieved_contexts_n,retrieved_contexts,seed_contexts_n,errors,runtime,tokens,faithfulness,answer_relevancy,context_precision,context_recall
151,Liệt kê các công ty bị lỗ trong năm từ danh sách các đơn vị được đầu tư.,"Không có số liệu về lợi nhuận hoặc lỗ của các công ty/đơn vị được đầu tư trong dữ liệu hiện có, vì vậy không thể liệt kê công ty nào bị lỗ trong năm.","Các công ty bị lỗ trong năm từ danh sách các đơn vị được đầu tư bao gồm: CTCP Quản lý Khách sạn và Dịch vụ Mandala, CTCP Thương mại và Du lịch Kim Bôi, CTCP Quản lý Bất động sản Mandala.",24,"Table: THUYẾT MINH BÁO CÁO TÀI CHÍNH
Subheading: Tỷ lệ sở hữu của Công ty tại các đơn vị như sau:
Item: Công ty Cổ phần Đầu tư Apec Túc Duyên | Số đầu năm Số lượng CP
Period: đầu
Value: 1.895.769
Note ref: V.2c
---
Table: THUYẾT MINH BÁO CÁO TÀI CHÍNH
Subheading: Tỷ lệ sở hữu của Công ty tại các đơn vị như sau:
Item: Công ty Cổ phần Đầu tư Quốc tế Dubai | Số đầu năm Số lượng CP
Period: đầu
Value: 7.711.250
Note ref: V.2c
---
Table: THUYẾT MINH BÁO CÁO TÀI CHÍNH
Subheading: Tỷ lệ sở hữu của Công ty tại các đơn vị như sau:
Item: Công ty Cổ phần Apec Land Huế | Số đầu năm Số lượng CP
Period: đầu
Value: 16.898.000
Note ref: V.2c
---
Table: THUYẾT MINH BÁO CÁO TÀI CHÍNH
Subheading: Tỷ lệ sở hữu của Công ty tại các đơn vị như sau:
Item: Công ty Cổ phần Lagoon Lăng Cô | Số đầu năm Số lượng CP
Period: đầu
Value: 9.000.000
Note ref: V.2c
---
Table: THUYẾT MINH BÁO CÁO TÀI CHÍNH
Subheading: Tỷ lệ sở hữu của Công ty tại các đơn vị như sau:
Item: Công ty Cổ phần Giáo dục E-ACADEMY | Số đầu năm Số lượng CP
Period: đầu
Value: 640.000
Note ref: V.2c
---
Table: THUYẾT MINH BÁO CÁO TÀI CHÍNH
Subheading: Tỷ lệ sở hữu của Công ty tại các đơn vị như sau:
Item: Công ty Cổ phần Thương mại và Du lịch Kim Bôi | Số đầu năm Số lượng CP
Period: đầu
Value: 5.200.000
Note ref: V.2c
---
Table: THUYẾT MINH BÁO CÁO TÀI CHÍNH
Subheading: Tỷ lệ sở hữu của Công ty tại các đơn vị như sau:
Item: Công ty Cổ phần Quản lý Khách sạn và Dịch vụ Mandala | Số đầu năm Số lượng CP
Period: đầu
Value: 800.000
Note ref: V.2c
---
Table: THUYẾT MINH BÁO CÁO TÀI CHÍNH
Subheading: Tỷ lệ sở hữu của Công ty tại các đơn vị như sau:
Item: Công ty Cổ phần Quản lý Vận hành Bất động sản Mandala | Số đầu năm Số lượng CP
Period: đầu
Value: 150.000
Note ref: V.2c
---
Table: THUYẾT MINH BÁO CÁO TÀI CHÍNH
Item: 2c. Đầu tư góp vốn vào đơn vị khác | Đầu tư vào Công ty con
Value: Số cuối kỳ Giá gốc: 265.354.194.016 | Số cuối kỳ Dự phòng: (40.839.502.596) | Số đầu năm Giá gốc: 355.050.194.016 | Số đầu năm Dự phòng: (15.567.613.741)
---
Table: THUYẾT MINH BÁO CÁO TÀI CHÍNH
Item: 2c. Đầu tư góp vốn vào đơn vị khác | Đầu tư vào Công ty liên kết
Value: Số cuối kỳ Giá gốc: 81.672.000.000
---
Table: THUYẾT MINH BÁO CÁO TÀI CHÍNH
Item: Thuyết minh 5: Phải thu về cho vay ngắn hạn | Công ty TNHH Đầu tư Châu Á - Thái Bình Dương - Bắc Ninh (lãi suất 12%/năm)
Value: Số cuối kỳ: 7.000.000.000 | Số đầu năm: 7.000.000.000
---
Table: THUYẾT MINH BÁO CÁO TÀI CHÍNH
Item: 2c. Đầu tư góp vốn vào đơn vị khác | Công ty Cổ phần Đầu tư Quốc tế Dubai
Value: Số cuối kỳ Giá gốc: 77.112.500.000 | Số đầu năm Giá gốc: 77.112.500.000
---
Table: THUYẾT MINH BÁO CÁO TÀI CHÍNH
Item: II. NĂM TÀI CHÍNH, ĐƠN VỊ TIỀN TỆ SỬ DỤNG TRONG KẾ TOÁN
Value: 2. Đơn vị tiền tệ sử dụng trong kế toán Đơn vị tiền tệ sử dụng trong kế toán là Đồng Việt Nam (VND) do phần lớn các nghiệp vụ được thực hiện bằng đơn vị tiền tệ VND.
---
Table: THUYẾT MINH BÁO CÁO TÀI CHÍNH
Item: 2c. Đầu tư góp vốn vào đơn vị khác | Công ty Cổ phần Đầu tư Apec Túc Duyên (i)
Value: Số cuối kỳ Giá gốc: 18.961.694.016 | Số cuối kỳ Dự phòng: (14.595.908.610) | Số đầu năm Giá gốc: 18.957.694.016 | Số đầu năm Dự phòng: (12.386.604.292)
---
Table: THUYẾT MINH BÁO CÁO TÀI CHÍNH
Subheading: Tỷ lệ sở hữu của Công ty tại các đơn vị như sau:
Item: Công ty Cổ phần Đầu tư Apec Túc Duyên | Số cuối kỳ Số lượng CP
Period: cuối
Value: 1.896.169
Note ref: V.2c
---
Table: THUYẾT MINH BÁO CÁO TÀI CHÍNH
Subheading: Tỷ lệ sở hữu của Công ty tại các đơn vị như sau:
Item: Công ty Cổ phần Đầu tư Quốc tế Dubai | Số cuối kỳ Số lượng CP
Period: cuối
Value: 7.711.250
Note ref: V.2c
---
Table: THUYẾT MINH BÁO CÁO TÀI CHÍNH
Item: Các khoản đầu tư vào công ty con
Value: ### Công ty con Công ty con là doanh nghiệp chịu sự kiểm soát của Công ty. Việc kiểm soát đạt được khi Công ty có khả năng kiểm soát các chính sách tài chính và hoạt động của doanh nghiệp nhận đầu tư nhằm thu được lợi ích kinh tế từ các hoạt động của doanh nghiệp đó.
---
Table: THUYẾT MINH BÁO CÁO TÀI CHÍNH
Item: II. NĂM TÀI CHÍNH, ĐƠN VỊ TIỀN TỆ SỬ DỤNG TRONG KẾ TOÁN
Value: 1. Năm tài chính Năm tài chính của Công ty bắt đầu từ ngày 01 tháng 01 và kết thúc vào ngày 31 tháng 12 hàng năm.
---
Table: THUYẾT MINH BÁO CÁO TÀI CHÍNH
Subheading: 2c. Đầu tư góp vốn vào đơn vị khác
Item: Đầu tư vào Công ty con | Số đầu năm Dự phòng
Period: đầu
Value: (15.567.613.741)
Note ref: V.2c
---
Table: THUYẾT MINH BÁO CÁO TÀI CHÍNH
Subheading: 2c. Đầu tư góp vốn vào đơn vị khác
Item: Đầu tư vào Công ty con | Số đầu năm Giá gốc
Period: đầu
Value: 355.050.194.016
Note ref: V.2c
---
Table: THUYẾT MINH BÁO CÁO TÀI CHÍNH
Subheading: 2c. Đầu tư góp vốn vào đơn vị khác
Item: Công ty Cổ phần Apec Land Huế | Số đầu năm Giá gốc
Period: đầu
Value: 168.980.000.000
Note ref: V.2c
---
Table: THUYẾT MINH BÁO CÁO TÀI CHÍNH
Subheading: 2c. Đầu tư góp vốn vào đơn vị khác
Item: Công ty Cổ phần Apec Land Huế | Số đầu năm Dự phòng
Period: đầu
Value: (3.181.009.449)
Note ref: V.2c
---
Table: THUYẾT MINH BÁO CÁO TÀI CHÍNH
Subheading: 2c. Đầu tư góp vốn vào đơn vị khác
Item: Công ty Cổ phần Đầu tư Quốc tế Dubai | Số đầu năm Giá gốc
Period: đầu
Value: 77.112.500.000
Note ref: V.2c
---
Table: THUYẾT MINH BÁO CÁO TÀI CHÍNH
Subheading: 2c. Đầu tư góp vốn vào đơn vị khác
Item: Công ty Cổ phần Lagoon Lăng Cô (ii) | Số đầu năm Giá gốc
Period: đầu
Value: 90.000.000.000
Note ref: V.2c",1,,35146,10658,,,,
152,Đánh giá mức độ rủi ro tiềm ẩn từ các công ty con chưa đi vào hoạt động hoặc đang chờ giải thể.,"Dựa trên số liệu hiện có:

**1. Thanh khoản và an toàn tài chính**
- Giá trị đầu tư ròng vào các công ty con cuối kỳ = 224.514.691.420 VND (giá gốc 265.354.194.016 VND – dự phòng 40.839.502.596 VND) (BẢNG CÂN ĐỐI KẾ TOÁN, mục ""Đầu tư vào Công ty con"").
- Giảm giá trị sổ so với đầu năm ≈ 115.0 tỷ VND (giá gốc giảm 90.696 tỷ VND, dự phòng tăng 25.272 tỷ VND) (BẢNG CÂN ĐỐI KẾ TOÁN).
- Tổng nợ ngắn hạn + dài hạn = 778.449.407.564 VND (BẢNG CÂN ĐỐI KẾ TOÁN).
- Tài sản lưu động chính (tiền & tương đương, khoản phải thu ngắn hạn, hàng tồn kho) = 934.875.076.365 VND (BẢNG CÂN ĐỐI KẾ TOÁN).
- **Current Ratio** ≈ 1.65 (934.9 tỷ / 567.0 tỷ) (tính từ các số trên).
- **Tỷ lệ nợ trên tổng tài sản** ≈ 45% (778.4 tỷ / (934.9 tỷ + 224.5 tỷ)) (tính từ các số trên).

*Nhận xét*:
- Các công ty con chưa hoạt động và đang chờ giải thể không tạo ra dòng tiền, gây ra rủi ro tài chính đáng kể.
- Dự phòng tăng mạnh cho thấy khả năng mất giá hoặc không thu hồi được vốn đã đầu tư.
- Mặc dù Current Ratio trên 1.5, khả năng thanh khoản của công ty mẹ vẫn phụ thuộc vào tài sản lưu động chính; nếu chúng giảm hoặc thu hồi khó khăn, khả năng trả nợ sẽ bị ảnh hưởng nghiêm trọng.
- Đòn bẩy tài chính ở mức trung‑cao (tỷ lệ nợ ≈ 45%) và cần được giám sát.

**Kết luận tổng thể**: Các công ty con chưa đi vào hoạt động hoặc đang chờ giải thể tạo ra rủi ro tài chính đáng kể do không sinh lợi và giá trị sổ giảm mạnh. Công ty mẹ hiện vẫn duy trì khả năng thanh khoản tương đối (Current Ratio ≈ 1.65) nhưng phụ thuộc vào tài sản lưu động hiện hữu; do đó cần giám sát chặt chẽ tiến độ giải thể, xem xét ghi giảm bổ sung và cân nhắc tái cấu trúc hoặc bán tài sản không sinh lợi để giảm rủi ro tài chính.","Các công ty con chưa đi vào hoạt động (như CTCP Đầu tư Quốc tế Dubai) hoặc đang chờ giải thể (như CTCP Đầu tư APEC Túc Duyên và CTCP Lagoon Lăng Cô đã ngừng hoạt động) tiềm ẩn mức độ rủi ro đáng kể. Đối với các công ty chưa đi vào hoạt động, vốn đầu tư bị đình trệ, không tạo ra doanh thu hay lợi nhuận, đồng thời phát sinh chi phí duy trì. Đối với các công ty đang chờ giải thể hoặc đã ngừng hoạt động, rủi ro lớn nhất là mất vốn đầu tư (như đã thấy với CTCP Lagoon Lăng Cô), chi phí thanh lý, và tổn thất có thể được ghi nhận trên báo cáo tài chính của công ty mẹ. Những công ty này làm tăng gánh nặng tài chính và giảm hiệu quả sử dụng vốn của Công ty APEC Investment.",56,"Table: THUYẾT MINH BÁO CÁO TÀI CHÍNH
Subheading: 1. Tiền và các khoản tương đương tiền
Item: Các khoản tương đương tiền | Số cuối năm
Period: cuối
Value: 80.000.000.000
Note ref: V.1
---
Table: THUYẾT MINH BÁO CÁO TÀI CHÍNH
Subheading: 1. Tiền và các khoản tương đương tiền
Item: Các khoản tương đương tiền | Số đầu năm
Period: đầu
Value: 42.000.000.000
Note ref: V.1
---
Table: THUYẾT MINH BÁO CÁO TÀI CHÍNH
Subheading: 1. Tiền và các khoản tương đương tiền
Item: Cộng | Số cuối năm
Period: cuối
Value: 97.964.405.114
Note ref: V.1
---
Table: THUYẾT MINH BÁO CÁO TÀI CHÍNH
Subheading: 1. Tiền và các khoản tương đương tiền
Item: Cộng | Số đầu năm
Period: đầu
Value: 60.575.342.749
Note ref: V.1
---
Table: THUYẾT MINH BÁO CÁO TÀI CHÍNH
Subheading: 1. Tiền và các khoản tương đương tiền
Item: Tiền mặt | Số cuối năm
Period: cuối
Value: 24.085.667
Note ref: V.1
---
Table: BẢNG CÂN ĐỐI KẾ TOÁN
Item: Các khoản phải thu ngắn hạn | Số đầu năm
Period: đầu
Value: 401.680.516.983
---
Table: BẢNG CÂN ĐỐI KẾ TOÁN
Item: Các khoản phải thu ngắn hạn | Số cuối năm
Period: cuối
Value: 362.793.062.285
---
Table: THUYẾT MINH BÁO CÁO TÀI CHÍNH
Subheading: 7. Hàng tồn kho
Item: Cộng | Số cuối kỳ
Period: cuối
Value: 474.117.608.966
Note ref: V.7
---
Table: THUYẾT MINH BÁO CÁO TÀI CHÍNH
Subheading: 7. Hàng tồn kho
Item: Cộng | Số đầu năm
Period: đầu
Value: 528.207.406.021
Note ref: V.7
---
Table: THUYẾT MINH BÁO CÁO TÀI CHÍNH
Subheading: 7. Hàng tồn kho
Item: Hàng hóa | Số cuối kỳ
Period: cuối
Value: 12.556.351.760
Note ref: V.7
---
Table: THUYẾT MINH BÁO CÁO TÀI CHÍNH
Subheading: 7. Hàng tồn kho
Item: Hàng hóa | Số đầu năm
Period: đầu
Value: 13.506.255.452
Note ref: V.7
---
Table: THUYẾT MINH BÁO CÁO TÀI CHÍNH
Subheading: 7. Hàng tồn kho
Item: Hàng hóa Bất động sản | Số cuối kỳ
Period: cuối
Value: 167.636.178.947
Note ref: V.7
---
Table: THUYẾT MINH BÁO CÁO TÀI CHÍNH
Item: 17a. Phải trả ngắn hạn khác | Các khoản phải trả ngắn hạn khác
Value: Số cuối kỳ: 3.010.459.022 | Số đầu năm: 35.240.039
---
Table: THUYẾT MINH BÁO CÁO TÀI CHÍNH
Subheading: 17a. Phải trả ngắn hạn khác
Item: Các khoản phải trả ngắn hạn khác | Số cuối kỳ
Period: cuối
Value: 3.010.459.022
Note ref: V.17a
---
Table: THUYẾT MINH BÁO CÁO TÀI CHÍNH
Subheading: 17a. Phải trả ngắn hạn khác
Item: Các khoản phải trả ngắn hạn khác | Số đầu năm
Period: đầu
Value: 35.240.039
Note ref: V.17a
---
Table: THUYẾT MINH BÁO CÁO TÀI CHÍNH
Item: Thuyết minh 13: Phải trả người bán ngắn hạn | Phải trả các bên liên quan
Value: Số cuối kỳ: 44.740.534.882 | Số đầu năm: 42.763.541.686
---
Table: THUYẾT MINH BÁO CÁO TÀI CHÍNH
Item: Thuyết minh 13: Phải trả người bán ngắn hạn | Phải trả các nhà cung cấp khác
Value: Số cuối kỳ: 26.265.437.526 | Số đầu năm: 46.581.188.492
---
Table: BẢNG CÂN ĐỐI KẾ TOÁN
Subheading: Tổng nợ ngắn hạn
Item: I. Nợ ngắn hạn | Số cuối năm
Period: cuối
Value: 566.994.110.452
---
Table: BẢNG CÂN ĐỐI KẾ TOÁN
Subheading: Tổng nợ ngắn hạn
Item: I. Nợ ngắn hạn | Số đầu năm
Period: đầu
Value: 895.630.596.406
---
Table: THUYẾT MINH BÁO CÁO TÀI CHÍNH
Item: 18a. Vay ngắn hạn | Chuyển sang nợ vay ngắn hạn
Value: Khoản mục: Chuyển sang nợ vay ngắn hạn | Số cuối kỳ Giá trị: (19.424.900.000) | Số cuối kỳ Khả năng trả nợ: (19.424.900.000) | Trong kỳ Giảm: 19.424.900.000 | Số đầu kỳ Giá trị: - | Số đầu kỳ Khả năng trả nợ: -
---
Table: THUYẾT MINH BÁO CÁO TÀI CHÍNH
Subheading: 18a. Vay ngắn hạn
Item: a) Vay ngắn hạn | Số cuối kỳ Khả năng trả nợ
Period: cuối
Value: 156.502.422.354
Note ref: V.18a
---
Table: THUYẾT MINH BÁO CÁO TÀI CHÍNH
Subheading: 18a. Vay ngắn hạn
Item: a) Vay ngắn hạn | Số đầu kỳ Khả năng trả nợ
Period: đầu
Value: 380.475.557.454
Note ref: V.18a
---
Table: BẢNG CÂN ĐỐI KẾ TOÁN
Subheading: Tổng nợ dài hạn
Item: II. Nợ dài hạn | Số cuối năm
Period: cuối
Value: 211.455.297.112
---
Table: BẢNG CÂN ĐỐI KẾ TOÁN
Subheading: Tổng nợ dài hạn
Item: II. Nợ dài hạn | Số đầu năm
Period: đầu
Value: 115.369.440.931
---
Table: THUYẾT MINH BÁO CÁO TÀI CHÍNH
Item: 18a. Vay ngắn hạn | Kết chuyển từ vay và nợ dài hạn
Value: Khoản mục: Kết chuyển từ vay và nợ dài hạn | Số cuối kỳ Giá trị: 19.424.900.000 | Số cuối kỳ Khả năng trả nợ: 19.424.900.000 | Trong kỳ Tăng: 19.424.900.000
---
Table: THUYẾT MINH BÁO CÁO TÀI CHÍNH
Subheading: 18a. Vay ngắn hạn
Item: Kết chuyển từ vay và nợ dài hạn | Số cuối kỳ Khả năng trả nợ
Period: cuối
Value: 19.424.900.000
Note ref: V.18a
---
Table: THUYẾT MINH BÁO CÁO TÀI CHÍNH
Item: 18a. Vay ngắn hạn | b) Vay dài hạn
Value: Khoản mục: b) Vay dài hạn | Số cuối kỳ Giá trị: 165.014.900.000 | Số cuối kỳ Khả năng trả nợ: 165.014.900.000 | Trong kỳ Tăng: 114.959.800.000 | Trong kỳ Giảm: 19.424.900.000 | Số đầu kỳ Giá trị: 69.480.000.000 | Số đầu kỳ Khả năng trả nợ: 69.480.000.000
---
Table: THUYẾT MINH BÁO CÁO TÀI CHÍNH
Item: 2c. Đầu tư góp vốn vào đơn vị khác | Đầu tư vào Công ty con
Value: Số cuối kỳ Giá gốc: 265.354.194.016 | Số cuối kỳ Dự phòng: (40.839.502.596) | Số đầu năm Giá gốc: 355.050.194.016 | Số đầu năm Dự phòng: (15.567.613.741)
---
Table: THUYẾT MINH BÁO CÁO TÀI CHÍNH
Subheading: 2c. Đầu tư góp vốn vào đơn vị khác
Item: Đầu tư vào Công ty con | Số đầu năm Giá gốc
Period: đầu
Value: 355.050.194.016
Note ref: V.2c
---
Table: THUYẾT MINH BÁO CÁO TÀI CHÍNH
Subheading: 2c. Đầu tư góp vốn vào đơn vị khác
Item: Đầu tư vào Công ty con | Số đầu năm Dự phòng
Period: đầu
Value: (15.567.613.741)
Note ref: V.2c
---
Table: THUYẾT MINH BÁO CÁO TÀI CHÍNH
Subheading: 2c. Đầu tư góp vốn vào đơn vị khác
Item: Đầu tư vào Công ty con | Số cuối kỳ Giá gốc
Period: cuối
Value: 265.354.194.016
Note ref: V.2c
---
Table: THUYẾT MINH BÁO CÁO TÀI CHÍNH
Subheading: 2c. Đầu tư góp vốn vào đơn vị khác
Item: Đầu tư vào Công ty con | Số cuối kỳ Dự phòng
Period: cuối
Value: (40.839.502.596)
Note ref: V.2c
---
Table: BẢNG CÂN ĐỐI KẾ TOÁN
Item: Vay và nợ thuê tài chính ngắn hạn | Số cuối năm
Period: cuối
Value: 156.502.422.354
Note ref: V.18a
---
Table: BẢNG CÂN ĐỐI KẾ TOÁN
Item: Vay và nợ thuê tài chính ngắn hạn | Số đầu năm
Period: đầu
Value: 380.475.557.454
Note ref: V.18a
---
Table: THUYẾT MINH BÁO CÁO TÀI CHÍNH
Item: Các khoản đầu tư vào công ty con
Value: ### Công ty con Công ty con là doanh nghiệp chịu sự kiểm soát của Công ty. Việc kiểm soát đạt được khi Công ty có khả năng kiểm soát các chính sách tài chính và hoạt động của doanh nghiệp nhận đầu tư nhằm thu được lợi ích kinh tế từ các hoạt động của doanh nghiệp đó.
---
Table: THUYẾT MINH BÁO CÁO TÀI CHÍNH
Item: Thuyết minh báo cáo tài chính
Value: Công ty Cổ phần Đầu tư Quốc tế Dubai chưa đi vào hoạt động, chưa có doanh thu trong kỳ.
---
Table: THUYẾT MINH BÁO CÁO TÀI CHÍNH
Item: 2c. Đầu tư góp vốn vào đơn vị khác
Value: (i) Trong kỳ, Công ty đã đầu tư thêm 4.000.000 VND bằng tiền gửi ngân hàng. Theo Nghị quyết số 04/NQ-HĐQT ngày 30/01/2024, Hội đồng quản trị Công ty quyết định giải thể Công ty Cổ phần Apec Túc Duyên do hoạt động kinh doanh không hiệu quả. Cho đến thời điểm lập báo cáo tài chính này, Công ty Cổ phần Apec Túc Duyên chưa hoàn thành thủ tục giải thể.
---
Table: THUYẾT MINH BÁO CÁO TÀI CHÍNH
Item: Thuyết minh báo cáo tài chính
Value: Công ty Cổ phần Apec Túc Duyên đang chờ giải thể.
---
Table: THUYẾT MINH BÁO CÁO TÀI CHÍNH
Item: Thuyết minh báo cáo tài chính
Value: 15. Chi phí đi vay Chi phí đi vay bao gồm lãi tiền vay và các chi phí khác phát sinh liên quan trực tiếp đến các khoản vay. Chi phí đi vay được ghi nhận vào chi phí khi phát sinh. Trường hợp chi phí đi vay liên quan trực tiếp đến việc đầu tư xây dựng hoặc sản xuất tài sản dở dang cần có một thời gian đủ dài (trên 12 tháng) để có thể đưa vào sử dụng theo mục đích định trước hoặc bán thì chi phí đi vay này được tính vào giá trị của tài sản đó. Đối với khoản vay riêng phục vụ việc xây dựng tài sản cố định, bất động sản đầu tư, lãi vay được vốn hóa kể cả khi thời gian xây dựng dưới 12 tháng. Các khoản thu nhập phát sinh từ việc đầu tư tạm thời các khoản vay được ghi giảm nguyên giá tài sản có liên quan. Đối với các khoản vốn vay chung trong đó có sử dụng cho mục đích đầu tư xây dựng hoặc sản xuất tài sản dở dang thì chi phí đi vay vốn hóa được xác định theo tỷ lệ vốn hóa đối với chi phí lũy kế bình quân gia quyền phát sinh cho việc đầu tư xây dựng cơ bản hoặc sản xuất tài sản đó. Tỷ lệ vốn hóa được tính theo tỷ lệ lãi suất bình quân gia quyền của các khoản vay chưa trả trong năm, ngoại trừ các khoản vay riêng biệt phục vụ cho mục đích hình thành một tài sản cụ thể.
---
Table: THUYẾT MINH BÁO CÁO TÀI CHÍNH
Item: 2c. Đầu tư góp vốn vào đơn vị khác | Công ty Cổ phần Đầu tư Apec Túc Duyên (i)
Value: Số cuối kỳ Giá gốc: 18.961.694.016 | Số cuối kỳ Dự phòng: (14.595.908.610) | Số đầu năm Giá gốc: 18.957.694.016 | Số đầu năm Dự phòng: (12.386.604.292)
---
Table: THUYẾT MINH BÁO CÁO TÀI CHÍNH
Item: 2c. Đầu tư góp vốn vào đơn vị khác | Đầu tư vào Công ty liên kết
Value: Số cuối kỳ Giá gốc: 81.672.000.000
---
Table: THUYẾT MINH BÁO CÁO TÀI CHÍNH
Item: 2c. Đầu tư góp vốn vào đơn vị khác | Công ty Cổ phần Đầu tư Quốc tế Dubai
Value: Số cuối kỳ Giá gốc: 77.112.500.000 | Số đầu năm Giá gốc: 77.112.500.000
---
Table: THUYẾT MINH BÁO CÁO TÀI CHÍNH
Item: Thuyết minh 5: Cấu trúc Công ty | Công ty Cổ phần Đầu tư Apec Túc Duyên
Value: Tên công ty: Công ty Cổ phần Đầu tư Apec Túc Duyên | Địa chỉ trụ sở chính: Ngõ 3 Bắc Nam, tổ 22, phường Gia Sàng, thành phố Thái Nguyên, tỉnh Thái Nguyên | Hoạt động kinh doanh chính: Đầu tư, kinh doanh bất động sản | Tỷ lệ vốn góp: 100% | Tỷ lệ lợi ích: 100% | Tỷ lệ quyền biểu quyết: 100%
---
Table: THUYẾT MINH BÁO CÁO TÀI CHÍNH
Item: Thuyết minh 5: Cấu trúc Công ty | Công ty Cổ phần Đầu tư Quốc tế Dubai
Value: Tên công ty: Công ty Cổ phần Đầu tư Quốc tế Dubai | Địa chỉ trụ sở chính: Đường Yên Ninh, Phường Mỹ Hải, TP. Phan Rang, Tháp Chàm, Ninh Thuận | Hoạt động kinh doanh chính: Đầu tư, kinh doanh bất động sản | Tỷ lệ vốn góp: 55% | Tỷ lệ lợi ích: 55% | Tỷ lệ quyền biểu quyết: 55%
---
Table: THUYẾT MINH BÁO CÁO TÀI CHÍNH
Item: Thuyết minh báo cáo tài chính | Công ty Cổ phần Đầu tư Quốc tế Dubai
Value: Công ty: Công ty Cổ phần Đầu tư Quốc tế Dubai | Số vốn Công ty cam kết góp: 357.500.000.000 | Số đã góp tại 31/12/2024: 77.112.500.000 | Số còn phải góp: 280.387.500.000
---
Table: THUYẾT MINH BÁO CÁO TÀI CHÍNH
Item: Thuyết minh báo cáo tài chính | Công ty Cổ phần Đầu tư Apec Túc Duyên
Value: Số cuối kỳ Số lượng CP: 1.896.169 | Số cuối kỳ Tỷ lệ sở hữu: 100,00% | Số đầu năm Số lượng CP: 1.895.769 | Số đầu năm Tỷ lệ sở hữu: 100,00%
---
Table: THUYẾT MINH BÁO CÁO TÀI CHÍNH
Item: Thuyết minh báo cáo tài chính | Công ty Cổ phần Đầu tư Quốc tế Dubai
Value: Số cuối kỳ Số lượng CP: 7.711.250 | Số cuối kỳ Tỷ lệ sở hữu: 77,42% | Số đầu năm Số lượng CP: 7.711.250 | Số đầu năm Tỷ lệ sở hữu: 77,42%
---
Table: THUYẾT MINH BÁO CÁO TÀI CHÍNH
Item: Thuyết minh báo cáo tài chính | Công ty Cổ phần Đầu tư Apec Thái Nguyên
Value: Số cuối kỳ Giá trị: 19.158.137.730 | Số cuối kỳ Dự phòng: - | Số đầu năm Giá trị: 19.158.137.730 | Số đầu năm Dự phòng: -
---
Table: THUYẾT MINH BÁO CÁO TÀI CHÍNH
Item: Thuyết minh 13: Phải trả người bán ngắn hạn | Công ty Cổ phần Đầu tư IDJ Việt Nam
Value: Số cuối kỳ: 43.901.675.948 | Số đầu năm: 40.389.375.625
---
Table: THUYẾT MINH BÁO CÁO TÀI CHÍNH
Item: Thuyết minh 13: Phải trả người bán ngắn hạn | Công ty CP Tập Đoàn Đầu tư Xây Dựng Ricons
Value: Số cuối kỳ: - | Số đầu năm: 16.482.655.152
---
Table: THUYẾT MINH BÁO CÁO TÀI CHÍNH
Item: Thuyết minh báo cáo tài chính | Công ty Cổ phần Đầu tư và Xuất nhập khẩu Foodinco
Value: Số cuối năm Giá gốc: 701.190.000 | Số cuối năm Giá trị hợp lý: 494.034.493 | Số cuối năm Dự phòng: (207.155.507) | Số đầu năm Giá gốc: 701.190.000 | Số đầu năm Giá trị hợp lý: 494.034.493 | Số đầu năm Dự phòng: (207.155.507)
---
Table: THUYẾT MINH BÁO CÁO TÀI CHÍNH
Item: Thuyết minh 6: Các khoản phải thu khác | Công ty TNHH Đầu tư và Xây dựng Đô thị Việt Thái - Đặt cọc
Value: Số cuối kỳ Giá trị: 7.194.490.000 | Số cuối kỳ Dự phòng: - | Số đầu năm Giá trị: 7.194.490.000 | Số đầu năm Dự phòng: -
---
Table: THUYẾT MINH BÁO CÁO TÀI CHÍNH
Item: Thuyết minh 5: Phải thu về cho vay ngắn hạn | Công ty TNHH Đầu tư Châu Á - Thái Bình Dương - Bắc Ninh (lãi suất 12%/năm)
Value: Số cuối kỳ: 7.000.000.000 | Số đầu năm: 7.000.000.000
---
Table: THUYẾT MINH BÁO CÁO TÀI CHÍNH
Item: 2c. Đầu tư góp vốn vào đơn vị khác | Công ty Cổ phần Apec Land Huế
Value: Số cuối kỳ Giá gốc: 168.980.000.000 | Số cuối kỳ Dự phòng: (26.243.593.986) | Số đầu năm Giá gốc: 168.980.000.000 | Số đầu năm Dự phòng: (3.181.009.449)
---
Table: THUYẾT MINH BÁO CÁO TÀI CHÍNH
Item: 2c. Đầu tư góp vốn vào đơn vị khác | Công ty Cổ phần Giáo dục E-ACADEMY
Value: Số cuối kỳ Giá gốc: 300.000.000
---
Table: THUYẾT MINH BÁO CÁO TÀI CHÍNH
Item: 2c. Đầu tư góp vốn vào đơn vị khác | Công ty Cổ phần Lagoon Lăng Cô (ii)
Value: Số cuối kỳ Giá gốc: - | Số cuối kỳ Dự phòng: - | Số đầu năm Giá gốc: 90.000.000.000 | Số đầu năm Dự phòng: -",1,,695254,29190,,,,
153,Phân tích tác động của việc chuyển loại khoản đầu tư từ các khoản đầu tư khác sang đầu tư vào công ty liên kết đối với báo cáo tài chính của công ty.,"Dựa trên số liệu hiện có:

**1. Khả năng sinh lời** (agent_profitability)
- Giá trị đầu tư vào công ty liên kết (cuối kỳ): 81.672.000.000 đ (BẢNG CÂN ĐỐI KẾ TOÁN, mục *Đầu tư vào Công ty liên kết*)
- Giá trị đầu tư vào công ty con (cuối kỳ): 265.354.194.016 đ (BẢNG CÂN ĐỐI KẾ TOÁN, mục *Đầu tư góp vốn vào đơn vị khác*)
- Lợi nhuận sau thuế quý IV 2024: 12.090.244.768 đ (BÁO CÁO KẾ QUẢ HOẠT ĐỘNG KINH DOANH, cuối kỳ)

*Nhận xét*:
- Chuyển loại khoản ""các khoản đầu tư khác"" sang ""đầu tư vào công ty liên kết"" làm tăng giá trị tài sản đầu tư được phân loại lại thành 81,672 tỷ đồng, nhưng không tạo ra luân chuyển tiền mặt.
- Khi khoản đầu tư được xếp vào công ty liên kết, công ty phải ghi nhận phần lợi nhuận (hoặc lỗ) của công ty liên kết theo tỷ lệ sở hữu (22,26 %). Dữ liệu về lợi nhuận chia sẻ từ công ty liên kết hiện chưa có, vì vậy không thể định lượng tác động trực tiếp lên lợi nhuận ròng và các chỉ số sinh lời (ROA, ROE).

**2. Thanh khoản và an toàn tài chính** (agent_liquidity_solvency)
- Tổng tài sản (cuối kỳ): 1.662.694.128.863 đ (BẢNG CÂN ĐỐI KẾ TOÁN)
- Vốn chủ sở hữu (cuối kỳ): 884.244.721.299 đ (BẢNG CÂN ĐỐI KẾ TOÁN)
- Nợ ngắn hạn (cuối kỳ): 566.994.110.452 đ (BẢNG CÂN ĐỐI KẾ TOÁN)
- Tỷ lệ nợ trên vốn (Debt‑to‑Equity): 0,64 (≈ 64%)

*Nhận xét*:
- Việc chuyển loại không làm thay đổi tổng tài sản hay vốn chủ sở hữu vì chỉ thay đổi phân loại trong tài sản dài hạn.
- Do thiếu số liệu tài sản ngắn hạn (tiền và các khoản tương đương tiền, các khoản phải thu, hàng tồn kho) nên không thể tính Current Ratio, Quick Ratio hay Cash Ratio.
- Với Debt‑to‑Equity ≈ 64 % công ty vẫn duy trì mức đòn bẩy tương đối ổn, nhưng không thể đánh giá đầy đủ rủi ro thanh khoản.

**3. Dòng tiền** (agent_cashflow_analysis)
- Lưu chuyển tiền thuần từ hoạt động đầu tư (năm nay): 40.218.532.929 đ (BÁO CÁO LƯU CHUYỂN TIỀN TỆ)
- Tiền chi đầu tư góp vốn vào đơn vị khác (năm nay): 300.000.000 đ (BÁO CÁO LƯU CHUYỂN TIỀN TỆ)
- Tiền thu hồi đầu tư góp vốn vào đơn vị khác (năm nay): không được nêu trong dữ liệu hiện có.

*Nhận xét*:
- Chuyển loại khoản đầu tư là giao dịch phi tiền mặt; vì vậy lưu chuyển tiền thuần từ hoạt động đầu tư không giảm đáng kể do chuyển loại, mà giảm chủ yếu vì giảm chi đầu tư từ ~6,49 tỷ đồng (năm trước) xuống 0,3 tỷ đồng (năm này).
- Không có dữ liệu chi tiết về lợi nhuận chia sẻ và cổ tức nhận được nên không thể đo lường ảnh hưởng của việc ghi nhận lợi nhuận từ công ty liên kết lên CFO.

**Kết luận tổng thể**
- Việc chuyển loại khoản đầu tư làm thay đổi cấu trúc tài sản, tăng tỷ trọng ""đầu tư vào công ty liên kết"" và tiềm năng ghi nhận lợi nhuận chia sẻ, nhưng do thiếu dữ liệu về lợi nhuận của công ty liên kết, tổng tài sản, vốn chủ sở hữu và các khoản tài sản ngắn hạn, không thể định lượng cụ thể ảnh hưởng tới lợi nhuận ròng, ROA, ROE cũng như các chỉ số thanh khoản. Nhìn chung, chuyển loại không gây biến động lớn về dòng tiền đầu tư, nhưng có thể cải thiện lợi nhuận nếu công ty liên kết có kết quả tốt và tăng tính rủi ro nếu công ty liên kết gặp khó khăn.","Việc chuyển loại khoản đầu tư vào CTCP Thương mại và Du lịch Kim Bôi từ các khoản đầu tư khác sang đầu tư vào công ty liên kết có tác động quan trọng đến báo cáo tài chính. Trước đây, khoản đầu tư này có thể được ghi nhận theo giá gốc và chỉ lập dự phòng khi có bằng chứng rõ ràng về suy giảm giá trị. Khi chuyển sang đầu tư vào công ty liên kết, nó sẽ được ghi nhận theo phương pháp vốn chủ sở hữu (equity method). Theo phương pháp này, công ty mẹ sẽ ghi nhận phần lợi nhuận hoặc lỗ của công ty liên kết tương ứng với tỷ lệ sở hữu vào báo cáo kết quả hoạt động kinh doanh của mình. Điều này giúp phản ánh tốt hơn ảnh hưởng của khoản đầu tư đến lợi nhuận của công ty mẹ, nhưng cũng có thể làm tăng biến động lợi nhuận nếu công ty liên kết có kết quả kinh doanh không ổn định. Ngoài ra, việc thay đổi này cũng có thể ảnh hưởng đến các chỉ số tài chính liên quan đến đầu tư và cơ cấu tài sản.",80,"Table: THUYẾT MINH BÁO CÁO TÀI CHÍNH
Item: 2c. Đầu tư góp vốn vào đơn vị khác | Đầu tư vào Công ty liên kết
Value: Số cuối kỳ Giá gốc: 81.672.000.000
---
Table: THUYẾT MINH BÁO CÁO TÀI CHÍNH
Subheading: 2c. Đầu tư góp vốn vào đơn vị khác
Item: Đầu tư vào Công ty liên kết | Số cuối kỳ Giá gốc
Period: cuối
Value: 81.672.000.000
Note ref: V.2c
---
Table: THUYẾT MINH BÁO CÁO TÀI CHÍNH
Subheading: 2c. Đầu tư góp vốn vào đơn vị khác
Item: Đầu tư vào Công ty con | Số cuối kỳ Giá gốc
Period: cuối
Value: 265.354.194.016
Note ref: V.2c
---
Table: THUYẾT MINH BÁO CÁO TÀI CHÍNH
Subheading: 2c. Đầu tư góp vốn vào đơn vị khác
Item: Đầu tư vào Công ty con | Số đầu năm Giá gốc
Period: đầu
Value: 355.050.194.016
Note ref: V.2c
---
Table: THUYẾT MINH BÁO CÁO TÀI CHÍNH
Subheading: 2c. Đầu tư góp vốn vào đơn vị khác
Item: Đầu tư vào Công ty con | Số đầu năm Dự phòng
Period: đầu
Value: (15.567.613.741)
Note ref: V.2c
---
Table: BẢNG CÂN ĐỐI KẾ TOÁN
Item: Đầu tư tài chính dài hạn | Số đầu năm
Period: đầu
Value: 422.404.832.365
Note ref: V.2c
---
Table: BẢNG CÂN ĐỐI KẾ TOÁN
Item: Đầu tư tài chính dài hạn | Số cuối năm
Period: cuối
Value: 306.186.691.420
Note ref: V.2c
---
Table: BẢNG CÂN ĐỐI KẾ TOÁN
Item: Đầu tư tài chính ngắn hạn | Số đầu năm
Period: đầu
Value: 37.792.275.971
---
Table: BẢNG CÂN ĐỐI KẾ TOÁN
Item: Đầu tư tài chính ngắn hạn | Số cuối năm
Period: cuối
Value: 39.734.935.971
---
Table: THUYẾT MINH BÁO CÁO TÀI CHÍNH
Subheading: 2c. Đầu tư góp vốn vào đơn vị khác
Item: Đầu tư góp vốn vào đơn vị khác | Số đầu năm Giá gốc
Period: đầu
Value: 91.172.000.000
Note ref: V.2c
---
Table: THUYẾT MINH BÁO CÁO TÀI CHÍNH
Subheading: 2c. Đầu tư góp vốn vào đơn vị khác
Item: Đầu tư góp vốn vào đơn vị khác | Số cuối kỳ Giá gốc
Period: cuối
Value: 9.500.000.000
Note ref: V.2c
---
Table: THUYẾT MINH BÁO CÁO TÀI CHÍNH
Subheading: 2c. Đầu tư góp vốn vào đơn vị khác
Item: Đầu tư góp vốn vào đơn vị khác | Số đầu năm Dự phòng
Period: đầu
Value: (8.249.747.910)
Note ref: V.2c
---
Table: THUYẾT MINH BÁO CÁO TÀI CHÍNH
Subheading: 2c. Đầu tư góp vốn vào đơn vị khác
Item: Cộng | Số đầu năm Giá gốc
Period: đầu
Value: 446.222.194.016
Note ref: V.2c
---
Table: THUYẾT MINH BÁO CÁO TÀI CHÍNH
Subheading: 2c. Đầu tư góp vốn vào đơn vị khác
Item: Cộng | Số đầu năm Dự phòng
Period: đầu
Value: (23.817.361.651)
Note ref: V.2c
---
Table: THUYẾT MINH BÁO CÁO TÀI CHÍNH
Item: IV. CHÍNH SÁCH KẾ TOÁN ÁP DỤNG
Value: Chứng khoán kinh doanh được ghi sổ kế toán theo giá gốc. Giá gốc của chứng khoán kinh doanh được xác định theo giá trị hợp lý của các khoản thanh toán tại thời điểm giao dịch phát sinh cộng các chi phí liên quan đến giao dịch mua chứng khoán kinh doanh.
---
Table: THUYẾT MINH BÁO CÁO TÀI CHÍNH
Item: Các khoản đầu tư vào công ty con
Value: ### Công ty con Công ty con là doanh nghiệp chịu sự kiểm soát của Công ty. Việc kiểm soát đạt được khi Công ty có khả năng kiểm soát các chính sách tài chính và hoạt động của doanh nghiệp nhận đầu tư nhằm thu được lợi ích kinh tế từ các hoạt động của doanh nghiệp đó.
---
Table: THUYẾT MINH BÁO CÁO TÀI CHÍNH
Item: Thuyết minh báo cáo tài chính
Value: với 23.356.000 cổ phần. Công ty sở hữu 5.200.000 cổ phần với tỷ lệ sở hữu là 22,26% (số đầu năm 5.200.000 cổ phần với tỷ lệ sở hữu 19,05%). Công ty Cổ phần Thương mại và Du lịch Kim Bôi từ khoản đầu tư khác trở thành công ty liên kết trong kỳ.
---
Table: BẢNG CÂN ĐỐI KẾ TOÁN
Subheading: Tổng tài sản
Item: TỔNG CỘNG TÀI SẢN | Số đầu năm
Period: đầu
Value: 1.906.094.474.649
---
Table: BẢNG CÂN ĐỐI KẾ TOÁN
Subheading: Tổng tài sản
Item: TỔNG CỘNG TÀI SẢN | Số cuối năm
Period: cuối
Value: 1.662.694.128.863
---
Table: BẢNG CÂN ĐỐI KẾ TOÁN
Subheading: Tổng vốn chủ sở hữu
Item: D - NGUỒN VỐN CHỦ SỞ HỮU | Số đầu năm
Period: đầu
Value: 895.094.437.312
---
Table: BẢNG CÂN ĐỐI KẾ TOÁN
Subheading: Tổng vốn chủ sở hữu
Item: D - NGUỒN VỐN CHỦ SỞ HỮU | Số cuối năm
Period: cuối
Value: 884.244.721.299
---
Table: THUYẾT MINH BÁO CÁO TÀI CHÍNH
Subheading: 19a. Bảng đối chiếu biến động của vốn chủ sở hữu — Kỳ này
Item: Số dư đầu năm | Cộng
Value: 895.094.437.312
Note ref: V.19a
---
Table: THUYẾT MINH BÁO CÁO TÀI CHÍNH
Subheading: 19a. Bảng đối chiếu biến động của vốn chủ sở hữu — Kỳ này
Item: Số dư cuối kỳ | Cộng
Value: 884.244.721.299
Note ref: V.19a
---
Table: THUYẾT MINH BÁO CÁO TÀI CHÍNH
Subheading: 19a. Bảng đối chiếu biến động của vốn chủ sở hữu — Kỳ trước
Item: Số dư cuối kỳ | Cộng
Value: 895.094.437.312
Note ref: V.19a
---
Table: BẢNG CÂN ĐỐI KẾ TOÁN
Subheading: Tổng nợ ngắn hạn
Item: I. Nợ ngắn hạn | Số cuối năm
Period: cuối
Value: 566.994.110.452
---
Table: BẢNG CÂN ĐỐI KẾ TOÁN
Subheading: Tổng nợ ngắn hạn
Item: I. Nợ ngắn hạn | Số đầu năm
Period: đầu
Value: 895.630.596.406
---
Table: THUYẾT MINH BÁO CÁO TÀI CHÍNH
Item: 18a. Vay ngắn hạn | Chuyển sang nợ vay ngắn hạn
Value: Khoản mục: Chuyển sang nợ vay ngắn hạn | Số cuối kỳ Giá trị: (19.424.900.000) | Số cuối kỳ Khả năng trả nợ: (19.424.900.000) | Trong kỳ Giảm: 19.424.900.000 | Số đầu kỳ Giá trị: - | Số đầu kỳ Khả năng trả nợ: -
---
Table: THUYẾT MINH BÁO CÁO TÀI CHÍNH
Subheading: 18a. Vay ngắn hạn
Item: a) Vay ngắn hạn | Số cuối kỳ Khả năng trả nợ
Period: cuối
Value: 156.502.422.354
Note ref: V.18a
---
Table: THUYẾT MINH BÁO CÁO TÀI CHÍNH
Subheading: 18a. Vay ngắn hạn
Item: a) Vay ngắn hạn | Số đầu kỳ Khả năng trả nợ
Period: đầu
Value: 380.475.557.454
Note ref: V.18a
---
Table: THUYẾT MINH BÁO CÁO TÀI CHÍNH
Item: Thuyết minh báo cáo tài chính
Value: Các khoản đầu tư vào công cụ vốn của đơn vị khác Đầu tư vào công cụ vốn của đơn vị khác bao gồm các khoản đầu tư công cụ vốn Công ty không có quyền kiểm soát, đồng kiểm soát hoặc có ảnh hưởng đáng kể đối với bên được đầu tư.
---
Table: THUYẾT MINH BÁO CÁO TÀI CHÍNH
Item: Thuyết minh báo cáo tài chính
Value: Dự phòng tổn thất cho các khoản đầu tư vào công cụ vốn của đơn vị khác được trích lập như sau: Đối với khoản đầu tư vào cổ phiếu niêm yết hoặc giá trị hợp lý khoản đầu tư được xác định tin cậy, việc lập dự phòng dựa trên giá trị thị trường của cổ phiếu. Đối với khoản đầu tư không xác định được giá trị hợp lý tại thời điểm báo cáo, việc lập dự phòng được thực hiện căn cứ vào khoản lỗ của bên được đầu tư với mức trích lập bằng chênh lệch giữa vốn đầu tư thực tế của các chủ sở hữu và vốn chủ sở hữu tại ngày kết thúc năm tài chính nhân với tỷ lệ vốn điều lệ của Công ty so với tổng vốn điều lệ thực góp tại đơn vị khác.
---
Table: THUYẾT MINH BÁO CÁO TÀI CHÍNH
Item: Thuyết minh báo cáo tài chính
Value: 11. Các khoản nợ phải trả và chi phí phải trả Các khoản nợ phải trả và chi phí phải trả được ghi nhận cho số tiền phải trả trong tương lai liên quan đến hàng hóa và dịch vụ đã nhận được. Chi phí phải trả được ghi nhận dựa trên các ước tính hợp lý về số tiền phải trả. Việc phân loại các khoản phải trả là phải trả người bán, chi phí phải trả, và phải trả khác được thực hiện theo nguyên tắc sau: Phải trả người bán phản ánh các khoản phải trả mang tính chất thương mại phát sinh từ giao dịch mua hàng hóa, dịch vụ, tài sản và người bán là đơn vị độc lập với Công ty. Chi phí phải trả phản ánh các khoản phải trả cho hàng hóa, dịch vụ đã nhận được từ người bán hoặc đã cung cấp cho người mua nhưng chưa chi trả do chưa có hóa đơn hoặc chưa đủ hồ sơ, tài liệu kế toán và các khoản phải trả cho người lao động về tiền lương nghỉ phép, các khoản chi phí sản xuất, kinh doanh phải trích trước. Phải trả khác phản ánh các khoản phải trả không có tính thương mại, không liên quan đến giao dịch mua, bán, cung cấp hàng hóa dịch vụ. Các khoản nợ phải trả và chi phí phải trả được phân loại ngắn hạn và dài hạn trên Bảng cân đối kế toán căn cứ theo kỳ hạn còn lại tại ngày kết thúc năm tài chính.
---
Table: THUYẾT MINH BÁO CÁO TÀI CHÍNH
Item: Thuyết minh báo cáo tài chính
Value: 15. Chi phí đi vay Chi phí đi vay bao gồm lãi tiền vay và các chi phí khác phát sinh liên quan trực tiếp đến các khoản vay. Chi phí đi vay được ghi nhận vào chi phí khi phát sinh. Trường hợp chi phí đi vay liên quan trực tiếp đến việc đầu tư xây dựng hoặc sản xuất tài sản dở dang cần có một thời gian đủ dài (trên 12 tháng) để có thể đưa vào sử dụng theo mục đích định trước hoặc bán thì chi phí đi vay này được tính vào giá trị của tài sản đó. Đối với khoản vay riêng phục vụ việc xây dựng tài sản cố định, bất động sản đầu tư, lãi vay được vốn hóa kể cả khi thời gian xây dựng dưới 12 tháng. Các khoản thu nhập phát sinh từ việc đầu tư tạm thời các khoản vay được ghi giảm nguyên giá tài sản có liên quan. Đối với các khoản vốn vay chung trong đó có sử dụng cho mục đích đầu tư xây dựng hoặc sản xuất tài sản dở dang thì chi phí đi vay vốn hóa được xác định theo tỷ lệ vốn hóa đối với chi phí lũy kế bình quân gia quyền phát sinh cho việc đầu tư xây dựng cơ bản hoặc sản xuất tài sản đó. Tỷ lệ vốn hóa được tính theo tỷ lệ lãi suất bình quân gia quyền của các khoản vay chưa trả trong năm, ngoại trừ các khoản vay riêng biệt phục vụ cho mục đích hình thành một tài sản cụ thể.
---
Table: BÁO CÁO KẾT QUẢ HOẠT ĐỘNG KINH DOANH
Item: Lợi nhuận thuần từ hoạt động kinh doanh | Quý IV năm 2024
Period: cuối
Value: 12.205.164.159
---
Table: BÁO CÁO KẾT QUẢ HOẠT ĐỘNG KINH DOANH
Item: Lợi nhuận thuần từ hoạt động kinh doanh | Quý IV năm 2023
Period: đầu
Value: (29.778.741.081)
---
Table: BÁO CÁO KẾT QUẢ HOẠT ĐỘNG KINH DOANH
Item: Lợi nhuận thuần từ hoạt động kinh doanh | Lũy kế đến quý IV năm 2024
Period: cuối
Value: (12.918.933.440)
---
Table: BÁO CÁO KẾT QUẢ HOẠT ĐỘNG KINH DOANH
Item: Lợi nhuận thuần từ hoạt động kinh doanh | Lũy kế đến quý IV năm 2023
Period: đầu
Value: (43.531.303.789)
---
Table: THUYẾT MINH BÁO CÁO TÀI CHÍNH
Item: Lợi nhuận sau thuế thu nhập doanh nghiệp | Quý IV năm 2024
Period: cuối
Value: 12.090.244.768
---
Table: THUYẾT MINH BÁO CÁO TÀI CHÍNH
Item: Lợi nhuận sau thuế thu nhập doanh nghiệp | Quý IV năm 2023
Period: đầu
Value: (33.607.254.235)
---
Table: THUYẾT MINH BÁO CÁO TÀI CHÍNH
Item: Lợi nhuận sau thuế thu nhập doanh nghiệp | Lũy kế đến quý IV năm 2024
Period: cuối
Value: (10.849.716.013)
---
Table: THUYẾT MINH BÁO CÁO TÀI CHÍNH
Item: Lợi nhuận sau thuế thu nhập doanh nghiệp | Lũy kế đến quý IV năm 2023
Period: đầu
Value: (48.187.112.561)
---
Table: THUYẾT MINH BÁO CÁO TÀI CHÍNH
Item: Thuyết minh 17: Thuế thu nhập doanh nghiệp
Value: Chi phí thuế thu nhập doanh nghiệp chỉ bao gồm thuế thu nhập hiện hành, là khoản thuế được tính dựa trên thu nhập tính thuế. Thu nhập tính thuế chênh lệch so với lợi nhuận kế toán là do điều chỉnh các khoản chênh lệch tạm thời giữa thuế và kế toán, các chi phí không được trừ cũng như điều chỉnh các khoản thu nhập không phải chịu thuế và các khoản lỗ được chuyển.
---
Table: THUYẾT MINH BÁO CÁO TÀI CHÍNH
Subheading: 1. Doanh thu bán hàng và cung cấp dịch vụ
Item: Cộng | Luỹ kế từ đầu năm đến cuối kỳ này Năm nay
Value: 209.580.465.103
Note ref: V.1
---
Table: THUYẾT MINH BÁO CÁO TÀI CHÍNH
Subheading: 1. Doanh thu bán hàng và cung cấp dịch vụ
Item: Cộng | Luỹ kế từ đầu năm đến cuối kỳ này Năm trước
Value: 200.062.416.867
Note ref: V.1
---
Table: THUYẾT MINH BÁO CÁO TÀI CHÍNH
Subheading: 1. Doanh thu bán hàng và cung cấp dịch vụ
Item: Doanh thu bán hàng hóa | Luỹ kế từ đầu năm đến cuối kỳ này Năm nay
Value: 16.668.489.482
Note ref: V.1
---
Table: THUYẾT MINH BÁO CÁO TÀI CHÍNH
Subheading: 1. Doanh thu bán hàng và cung cấp dịch vụ
Item: Doanh thu bán hàng hóa | Luỹ kế từ đầu năm đến cuối kỳ này Năm trước
Value: 10.481.414.367
Note ref: V.1
---
Table: THUYẾT MINH BÁO CÁO TÀI CHÍNH
Subheading: 1. Doanh thu bán hàng và cung cấp dịch vụ
Item: Doanh thu cung cấp dịch vụ, cho thuê mặt bằng | Luỹ kế từ đầu năm đến cuối kỳ này Năm nay
Value: 5.168.271.585
Note ref: V.1
---
Table: THUYẾT MINH BÁO CÁO TÀI CHÍNH
Subheading: 3. Giá vốn hàng bán
Item: Giá vốn hàng hóa | Luỹ kế từ đầu năm đến cuối kỳ này Năm nay
Value: 8.583.372.428
Note ref: V.3
---
Table: THUYẾT MINH BÁO CÁO TÀI CHÍNH
Subheading: 3. Giá vốn hàng bán
Item: Giá vốn hàng hóa | Luỹ kế từ đầu năm đến cuối kỳ này Năm trước
Value: 5.826.158.687
Note ref: V.3
---
Table: THUYẾT MINH BÁO CÁO TÀI CHÍNH
Subheading: 3. Giá vốn hàng bán
Item: Cộng | Luỹ kế từ đầu năm đến cuối kỳ này Năm nay
Value: 133.703.128.164
Note ref: V.3
---
Table: THUYẾT MINH BÁO CÁO TÀI CHÍNH
Subheading: 3. Giá vốn hàng bán
Item: Cộng | Luỹ kế từ đầu năm đến cuối kỳ này Năm trước
Value: 130.209.711.138
Note ref: V.3
---
Table: THUYẾT MINH BÁO CÁO TÀI CHÍNH
Subheading: 3. Giá vốn hàng bán
Item: Giá vốn cung cấp dịch vụ, cho thuê mặt bằng | Luỹ kế từ đầu năm đến cuối kỳ này Năm nay
Value: 23.857.655.031
Note ref: V.3
---
Table: THUYẾT MINH BÁO CÁO TÀI CHÍNH
Item: Thuyết minh báo cáo tài chính
Value: Các khoản đầu tư vào công cụ vốn của đơn vị khác được ghi nhận ban đầu theo giá gốc, bao gồm giá mua hoặc khoản góp vốn cộng các chi phí trực tiếp liên quan đến hoạt động đầu tư. Cổ tức của các kỳ trước khi khoản đầu tư được mua được hạch toán giảm giá trị của chính khoản đầu tư đó. Cổ tức của các kỳ sau khi khoản đầu tư được mua được ghi nhận doanh thu. Cổ tức được nhận bằng cổ phiếu chỉ được theo dõi số lượng cổ phiếu tăng thêm, không ghi nhận giá trị cổ phiếu nhận được.
---
Table: BÁO CÁO LƯU CHUYỂN TIỀN TỆ
Item: Tiền chi đầu tư góp vốn vào đơn vị khác | Năm nay
Value: (300.000.000)
---
Table: BÁO CÁO LƯU CHUYỂN TIỀN TỆ
Item: Tiền chi đầu tư góp vốn vào đơn vị khác | Năm trước
Value: (6.486.981.982)
---
Table: THUYẾT MINH BÁO CÁO TÀI CHÍNH
Subheading: 2c. Đầu tư góp vốn vào đơn vị khác
Item: Đầu tư góp vốn vào đơn vị khác | Số cuối kỳ Dự phòng
Period: cuối
Value: (9.500.000.000)
Note ref: V.2c
---
Table: THUYẾT MINH BÁO CÁO TÀI CHÍNH
Subheading: 2c. Đầu tư góp vốn vào đơn vị khác
Item: Cộng | Số cuối kỳ Giá gốc
Period: cuối
Value: 356.526.194.016
Note ref: V.2c
---
Table: THUYẾT MINH BÁO CÁO TÀI CHÍNH
Subheading: 2c. Đầu tư góp vốn vào đơn vị khác
Item: Cộng | Số cuối kỳ Dự phòng
Period: cuối
Value: (50.339.502.596)
Note ref: V.2c
---
Table: BÁO CÁO LƯU CHUYỂN TIỀN TỆ
Item: Lưu chuyển tiền thuần từ hoạt động đầu tư | Năm nay
Value: 40.218.532.929
---
Table: BÁO CÁO LƯU CHUYỂN TIỀN TỆ
Item: Lưu chuyển tiền thuần từ hoạt động đầu tư | Năm trước
Value: 87.211.618.301
---
Table: THUYẾT MINH BÁO CÁO TÀI CHÍNH
Item: IV. CHÍNH SÁCH KẾ TOÁN ÁP DỤNG
Value: 3. Các khoản đầu tư tài chính Chứng khoán kinh doanh Khoản đầu tư được phân loại là chứng khoán kinh doanh khi nắm giữ vì mục đích mua bán để kiếm lời.
---
Table: THUYẾT MINH BÁO CÁO TÀI CHÍNH
Item: IV. CHÍNH SÁCH KẾ TOÁN ÁP DỤNG
Value: Thời điểm ghi nhận các khoản chứng khoán kinh doanh là thời điểm Công ty có quyền sở hữu, cụ thể như sau: Đối với chứng khoán niêm yết: được ghi nhận tại thời điểm khớp lệnh (T+0). Đối với chứng khoán chưa niêm yết: được ghi nhận tại thời điểm chính thức có quyền sở hữu theo quy định của pháp luật.
---
Table: THUYẾT MINH BÁO CÁO TÀI CHÍNH
Item: 2c. Đầu tư góp vốn vào đơn vị khác | Đầu tư vào Công ty con
Value: Số cuối kỳ Giá gốc: 265.354.194.016 | Số cuối kỳ Dự phòng: (40.839.502.596) | Số đầu năm Giá gốc: 355.050.194.016 | Số đầu năm Dự phòng: (15.567.613.741)
---
Table: THUYẾT MINH BÁO CÁO TÀI CHÍNH
Item: IV. CHÍNH SÁCH KẾ TOÁN ÁP DỤNG
Value: 1. Cơ sở lập Báo cáo tài chính
---
Table: THUYẾT MINH BÁO CÁO TÀI CHÍNH
Item: IV. CHÍNH SÁCH KẾ TOÁN ÁP DỤNG
Value: -----------Page 12
---
Table: THUYẾT MINH BÁO CÁO TÀI CHÍNH
Item: IV. CHÍNH SÁCH KẾ TOÁN ÁP DỤNG
Value: 2. Tiền và các khoản tương đương tiền Tiền bao gồm tiền mặt và tiền gửi ngân hàng không kỳ hạn. Các khoản tương đương tiền là các khoản đầu tư ngắn hạn có thời hạn thu hồi không quá 3 tháng kể từ ngày đầu tư, có khả năng chuyển đổi dễ dàng thành một lượng tiền xác định và không có rủi ro trong việc chuyển đổi thành tiền tại thời điểm báo cáo.
---
Table: THUYẾT MINH BÁO CÁO TÀI CHÍNH
Item: Thuyết minh báo cáo tài chính | Công ty Cổ phần Đầu tư Quốc tế Dubai
Value: Công ty: Công ty Cổ phần Đầu tư Quốc tế Dubai | Số vốn Công ty cam kết góp: 357.500.000.000 | Số đã góp tại 31/12/2024: 77.112.500.000 | Số còn phải góp: 280.387.500.000
---
Table: THUYẾT MINH BÁO CÁO TÀI CHÍNH
Item: 2c. Đầu tư góp vốn vào đơn vị khác | Công ty Cổ phần Đầu tư Quốc tế Dubai
Value: Số cuối kỳ Giá gốc: 77.112.500.000 | Số đầu năm Giá gốc: 77.112.500.000
---
Table: THUYẾT MINH BÁO CÁO TÀI CHÍNH
Item: Thuyết minh báo cáo tài chính | Công ty Cổ phần Đầu tư Apec Túc Duyên
Value: Số cuối kỳ Số lượng CP: 1.896.169 | Số cuối kỳ Tỷ lệ sở hữu: 100,00% | Số đầu năm Số lượng CP: 1.895.769 | Số đầu năm Tỷ lệ sở hữu: 100,00%
---
Table: THUYẾT MINH BÁO CÁO TÀI CHÍNH
Item: Thuyết minh báo cáo tài chính | Công ty Cổ phần Đầu tư Quốc tế Dubai
Value: Số cuối kỳ Số lượng CP: 7.711.250 | Số cuối kỳ Tỷ lệ sở hữu: 77,42% | Số đầu năm Số lượng CP: 7.711.250 | Số đầu năm Tỷ lệ sở hữu: 77,42%
---
Table: THUYẾT MINH BÁO CÁO TÀI CHÍNH
Item: Thuyết minh báo cáo tài chính | Công ty Cổ phần Đầu tư Apec Thái Nguyên
Value: Số cuối kỳ Giá trị: 19.158.137.730 | Số cuối kỳ Dự phòng: - | Số đầu năm Giá trị: 19.158.137.730 | Số đầu năm Dự phòng: -
---
Table: THUYẾT MINH BÁO CÁO TÀI CHÍNH
Item: 2c. Đầu tư góp vốn vào đơn vị khác | Công ty Cổ phần Đầu tư Apec Túc Duyên (i)
Value: Số cuối kỳ Giá gốc: 18.961.694.016 | Số cuối kỳ Dự phòng: (14.595.908.610) | Số đầu năm Giá gốc: 18.957.694.016 | Số đầu năm Dự phòng: (12.386.604.292)
---
Table: THUYẾT MINH BÁO CÁO TÀI CHÍNH
Item: Thuyết minh báo cáo tài chính | Công ty Cổ phần Đầu tư và Xuất nhập khẩu Foodinco
Value: Số cuối năm Giá gốc: 701.190.000 | Số cuối năm Giá trị hợp lý: 494.034.493 | Số cuối năm Dự phòng: (207.155.507) | Số đầu năm Giá gốc: 701.190.000 | Số đầu năm Giá trị hợp lý: 494.034.493 | Số đầu năm Dự phòng: (207.155.507)
---
Table: THUYẾT MINH BÁO CÁO TÀI CHÍNH
Item: II. NĂM TÀI CHÍNH, ĐƠN VỊ TIỀN TỆ SỬ DỤNG TRONG KẾ TOÁN
Value: 1. Năm tài chính Năm tài chính của Công ty bắt đầu từ ngày 01 tháng 01 và kết thúc vào ngày 31 tháng 12 hàng năm.
---
Table: THUYẾT MINH BÁO CÁO TÀI CHÍNH
Item: Thuyết minh 5: Cấu trúc Công ty | Công ty Cổ phần Đầu tư Apec Túc Duyên
Value: Tên công ty: Công ty Cổ phần Đầu tư Apec Túc Duyên | Địa chỉ trụ sở chính: Ngõ 3 Bắc Nam, tổ 22, phường Gia Sàng, thành phố Thái Nguyên, tỉnh Thái Nguyên | Hoạt động kinh doanh chính: Đầu tư, kinh doanh bất động sản | Tỷ lệ vốn góp: 100% | Tỷ lệ lợi ích: 100% | Tỷ lệ quyền biểu quyết: 100%
---
Table: THUYẾT MINH BÁO CÁO TÀI CHÍNH
Item: Thuyết minh 5: Cấu trúc Công ty | Công ty Cổ phần Đầu tư Quốc tế Dubai
Value: Tên công ty: Công ty Cổ phần Đầu tư Quốc tế Dubai | Địa chỉ trụ sở chính: Đường Yên Ninh, Phường Mỹ Hải, TP. Phan Rang, Tháp Chàm, Ninh Thuận | Hoạt động kinh doanh chính: Đầu tư, kinh doanh bất động sản | Tỷ lệ vốn góp: 55% | Tỷ lệ lợi ích: 55% | Tỷ lệ quyền biểu quyết: 55%
---
Table: THUYẾT MINH BÁO CÁO TÀI CHÍNH
Item: Thuyết minh 13: Phải trả người bán ngắn hạn | Công ty Cổ phần Đầu tư IDJ Việt Nam
Value: Số cuối kỳ: 43.901.675.948 | Số đầu năm: 40.389.375.625
---
Table: THUYẾT MINH BÁO CÁO TÀI CHÍNH
Item: Thuyết minh báo cáo tài chính
Value: Doanh thu cung cấp dịch vụ Doanh thu của giao dịch về cung cấp dịch vụ được ghi nhận khi kết quả của giao dịch đó được xác định một cách đáng tin cậy. Trường hợp giao dịch về cung cấp dịch vụ liên quan nhiều kỳ thì doanh thu được ghi nhận trong kỳ theo kết quả phần công việc đã hoàn thành tại ngày của Bảng cân đối kế toán của kỳ đó. Kết quả của giao dịch cung cấp dịch vụ được xác định khi thỏa mãn tất cả bốn (4) điều kiện sau: Doanh thu được xác định tương đối chắc chắn Có khả năng thu được lợi ích kinh tế từ giao dịch cung cấp dịch vụ đó. Xác định được phần công việc đã hoàn thành tại ngày của Bảng cân đối kế toán; và Xác định được chi phí phát sinh cho giao dịch và chi phí để hoàn thành giao dịch cung cấp dịch vụ đó.
---
Table: THUYẾT MINH BÁO CÁO TÀI CHÍNH
Item: Thuyết minh 5: Phải thu về cho vay ngắn hạn | Công ty TNHH Đầu tư Châu Á - Thái Bình Dương - Bắc Ninh (lãi suất 12%/năm)
Value: Số cuối kỳ: 7.000.000.000 | Số đầu năm: 7.000.000.000
---
Table: THUYẾT MINH BÁO CÁO TÀI CHÍNH
Item: Thuyết minh 13: Phải trả người bán ngắn hạn | Công ty CP Tập Đoàn Đầu tư Xây Dựng Ricons
Value: Số cuối kỳ: - | Số đầu năm: 16.482.655.152",1,,1011578,61308,,,,
154,Tính toán tổng số tiền còn phải góp của Công ty APEC Investment cho các cam kết góp vốn.,Không có số liệu về số tiền còn phải góp của Công ty APEC Investment trong dữ liệu hiện có.,Tổng số tiền còn phải góp của Công ty APEC Investment cho các cam kết góp vốn là:\n-   CTCP Đầu tư Quốc tế Dubai: 280.387.500.000 VND\n-   CTCP Quản lý Khách sạn và Dịch vụ Mandala: 11.000.000.000 VND\n-   CTCP Quản lý Bất động sản Mandala: 17.500.000.000 VND\n-   CTCP Giáo dục Eacademy: 6.100.000.000 VND\nTổng cộng số tiền còn phải góp là 280.387.500.000 + 11.000.000.000 + 17.500.000.000 + 6.100.000.000 = 314.987.500.000 VND.,5,"Table: THUYẾT MINH BÁO CÁO TÀI CHÍNH
Item: Thuyết minh báo cáo tài chính | Công ty Cổ phần Quản lý Khách sạn và Dịch vụ Mandala
Value: Công ty: Công ty Cổ phần Quản lý Khách sạn và Dịch vụ Mandala | Số vốn Công ty cam kết góp: 19.000.000.000 | Số đã góp tại 31/12/2024: 8.000.000.000 | Số còn phải góp: 11.000.000.000
---
Table: THUYẾT MINH BÁO CÁO TÀI CHÍNH
Subheading: Tại ngày 31 tháng 12 năm 2024, các khoản cam kết góp vốn như sau:
Item: Công ty Cổ phần Quản lý Khách sạn và Dịch vụ Mandala | Số vốn Công ty cam kết góp
Value: 19.000.000.000
Note ref: V.2c
---
Table: THUYẾT MINH BÁO CÁO TÀI CHÍNH
Subheading: Tại ngày 31 tháng 12 năm 2024, các khoản cam kết góp vốn như sau:
Item: Công ty Cổ phần Quản lý Khách sạn và Dịch vụ Mandala | Số đã góp tại 31/12/2024
Period: cuối
Value: 8.000.000.000
Note ref: V.2c
---
Table: THUYẾT MINH BÁO CÁO TÀI CHÍNH
Subheading: Tại ngày 31 tháng 12 năm 2024, các khoản cam kết góp vốn như sau:
Item: Công ty Cổ phần Quản lý Khách sạn và Dịch vụ Mandala | Số còn phải góp
Value: 11.000.000.000
Note ref: V.2c
---
Table: THUYẾT MINH BÁO CÁO TÀI CHÍNH
Item: 2c. Đầu tư góp vốn vào đơn vị khác | Công ty Cổ phần Quản lý Khách sạn và Dịch vụ Mandala
Value: Số cuối kỳ Giá gốc: 1.500.000.000 | Số cuối kỳ Dự phòng: (1.500.000.000) | Số đầu năm Giá gốc: 1.500.000.000 | Số đầu năm Dự phòng: (1.500.000.000)",1,,35321,9617,,,,
155,Dự báo ảnh hưởng của việc các công ty liên kết và công ty con bị lỗ đến lợi nhuận hợp nhất của Công ty APEC Investment.,"Dựa trên số liệu hiện có (Q4 2024, Báo cáo tài chính hợp nhất):

**1. Khả năng sinh lời**
- Lợi nhuận sau thuế hợp nhất (Q4 2024): 12.090.244.768 VNĐ (BÁO CÁO KẾT QUẢ HOẠT ĐỘNG KINH DOANH).
- Đầu tư vào công ty con: Giá gốc cuối kỳ 265.354.194.016 VNĐ, Dự phòng cuối kỳ 40.839.502.596 VNĐ (BẢNG CÂN ĐỐI KẾ TOÁN).
- Đầu tư vào công ty liên kết: Giá gốc cuối kỳ 81.672.000.000 VNĐ (không có dự phòng) (BẢNG CÂN ĐỐI KẾ TOÁN).
- Thuyết minh: Dự phòng tổn thất cho khoản đầu tư vào công ty con được trích lập khi công ty con bị lỗ (THUYẾT MINH BÁO CÁO TÀI CHÍNH).

*Nhận xét*:
- Dự phòng hiện tại cho công ty con (≈ 40,84 tỷ VNĐ) sẽ được ghi vào chi phí dự phòng trong kỳ, làm giảm lợi nhuận hợp nhất.
- Thiếu số liệu lỗ thực tế của công ty con và công ty liên kết, cũng như tỷ lệ sở hữu, nên không thể tính toán chi tiết mức ảnh hưởng của lỗ này lên lợi nhuận hợp nhất.
- Nếu lỗ thực tế của công ty con vượt dự phòng hiện có, phần lỗ còn lại sẽ được ghi nhận bổ sung vào chi phí, làm giảm lợi nhuận sau thuế. Đối với công ty liên kết, do không có thông tin dự phòng hoặc mức lỗ, ảnh hưởng cũng không thể xác định.

**Kết luận tổng thể**
- Hiện có lợi nhuận sau thuế 12,09 tỷ VNĐ, nhưng do thiếu dữ liệu về lỗ và tỷ lệ sở hữu của công ty con, công ty liên kết, khả năng dự báo ảnh hưởng của các khoản lỗ này còn giới hạn. Cần bổ sung số liệu lỗ thực tế và tỷ lệ sở hữu để đưa ra ước tính ảnh hưởng chính xác.","Việc các công ty con (như CTCP Đầu tư Quốc tế Dubai chưa có doanh thu, CTCP APEC Land Huế đang giai đoạn đầu tư) và công ty liên kết (CTCP Thương mại và Du lịch Kim Bôi) cùng với các đơn vị khác (CTCP Quản lý Khách sạn và Dịch vụ Mandala, CTCP Quản lý Bất động sản Mandala) bị lỗ trong năm sẽ có ảnh hưởng tiêu cực trực tiếp đến lợi nhuận hợp nhất của Công ty APEC Investment. Theo phương pháp vốn chủ sở hữu (áp dụng cho công ty liên kết) và hợp nhất toàn bộ (áp dụng cho công ty con), phần lỗ của các đơn vị này sẽ được ghi nhận vào báo cáo kết quả hoạt động kinh doanh hợp nhất, làm giảm tổng lợi nhuận hợp nhất. Ngoài ra, việc này có thể dẫn đến việc tăng dự phòng giảm giá đầu tư, gây thêm chi phí cho công ty mẹ. Điều này cho thấy công ty mẹ phải gánh chịu rủi ro và kết quả kinh doanh kém hiệu quả của các đơn vị đầu tư, ảnh hưởng đến khả năng sinh lời tổng thể của tập đoàn.",36,"Table: THUYẾT MINH BÁO CÁO TÀI CHÍNH
Item: Lợi nhuận sau thuế thu nhập doanh nghiệp | Quý IV năm 2024
Period: cuối
Value: 12.090.244.768
---
Table: THUYẾT MINH BÁO CÁO TÀI CHÍNH
Item: Lợi nhuận sau thuế thu nhập doanh nghiệp | Quý IV năm 2023
Period: đầu
Value: (33.607.254.235)
---
Table: THUYẾT MINH BÁO CÁO TÀI CHÍNH
Item: Lợi nhuận sau thuế thu nhập doanh nghiệp | Lũy kế đến quý IV năm 2024
Period: cuối
Value: (10.849.716.013)
---
Table: THUYẾT MINH BÁO CÁO TÀI CHÍNH
Item: Lợi nhuận sau thuế thu nhập doanh nghiệp | Lũy kế đến quý IV năm 2023
Period: đầu
Value: (48.187.112.561)
---
Table: THUYẾT MINH BÁO CÁO TÀI CHÍNH
Item: Thuyết minh 17: Thuế thu nhập doanh nghiệp
Value: Chi phí thuế thu nhập doanh nghiệp chỉ bao gồm thuế thu nhập hiện hành, là khoản thuế được tính dựa trên thu nhập tính thuế. Thu nhập tính thuế chênh lệch so với lợi nhuận kế toán là do điều chỉnh các khoản chênh lệch tạm thời giữa thuế và kế toán, các chi phí không được trừ cũng như điều chỉnh các khoản thu nhập không phải chịu thuế và các khoản lỗ được chuyển.
---
Table: THUYẾT MINH BÁO CÁO TÀI CHÍNH
Item: Thuyết minh báo cáo tài chính
Value: Dự phòng tổn thất cho các khoản đầu tư vào công ty con Dự phòng tổn thất cho các khoản đầu tư vào công ty con được trích lập khi công ty con bị lỗ, với mức trích lập bằng chênh lệch giữa vốn đầu tư thực tế của các bên tại công ty con và vốn chủ sở hữu thực có tại ngày kết thúc năm tài chính nhân với tỷ lệ sở hữu vốn điều lệ thực góp của Công ty tại công ty con.
---
Table: THUYẾT MINH BÁO CÁO TÀI CHÍNH
Item: Các khoản đầu tư vào công ty con
Value: ### Công ty con Công ty con là doanh nghiệp chịu sự kiểm soát của Công ty. Việc kiểm soát đạt được khi Công ty có khả năng kiểm soát các chính sách tài chính và hoạt động của doanh nghiệp nhận đầu tư nhằm thu được lợi ích kinh tế từ các hoạt động của doanh nghiệp đó.
---
Table: THUYẾT MINH BÁO CÁO TÀI CHÍNH
Item: Thuyết minh 18: Bên liên quan
Value: Các bên được coi là liên quan nếu một bên có khả năng kiểm soát hoặc có ảnh hưởng đáng kể đối với bên kia trong việc ra quyết định các chính sách tài chính và hoạt động. Các bên cũng được xem là bên liên quan nếu cùng chịu sự kiểm soát chung hay chịu ảnh hưởng đáng kể chung.
---
Table: THUYẾT MINH BÁO CÁO TÀI CHÍNH
Item: Thuyết minh báo cáo tài chính
Value: Đối với chứng khoán niêm yết trên thị trường chứng khoán: giá đóng cửa tại ngày gần nhất có giao dịch tính đến thời điểm kết thúc năm tài chính. Đối với cổ phiếu đã đăng ký giao dịch trên thị trường giao dịch của các công ty đại chúng chưa niêm yết (UPCOM): giá tham chiếu bình quân trong 30 ngày giao dịch liền kề gần nhất trước thời điểm kết thúc năm tài chính do Sở Giao dịch chứng khoán công bố. Trường hợp cổ phiếu đã niêm yết trên thị trường chứng khoán hoặc cổ phiếu của công ty cổ phần đã đăng ký giao dịch trên thị trường Upcom không có giao dịch trong vòng 30 ngày trước ngày trích lập dự phòng, cổ phiếu đã niêm yết bị hủy niêm yết, bị đình chỉ giao dịch, bị ngừng giao dịch: việc lập dự phòng được thực hiện căn cứ vào khoản lỗ của công ty được đầu tư mức trích lập bằng chênh lệch giữa vốn đầu tư thực tế của các chủ sở hữu và vốn chủ sở hữu tại ngày kết thúc năm tài chính nhân với tỷ lệ sở hữu vốn điều lệ của Công ty so với tổng số vốn điều lệ thực góp.
---
Table: THUYẾT MINH BÁO CÁO TÀI CHÍNH
Item: Thuyết minh 18: Bên liên quan
Value: Trong việc xem xét mối quan hệ của các bên liên quan, bản chất của mối quan hệ được chú trọng nhiều hơn hình thức pháp lý.
---
Table: THUYẾT MINH BÁO CÁO TÀI CHÍNH
Item: 2c. Đầu tư góp vốn vào đơn vị khác | Đầu tư vào Công ty liên kết
Value: Số cuối kỳ Giá gốc: 81.672.000.000
---
Table: THUYẾT MINH BÁO CÁO TÀI CHÍNH
Item: 2c. Đầu tư góp vốn vào đơn vị khác | Đầu tư vào Công ty con
Value: Số cuối kỳ Giá gốc: 265.354.194.016 | Số cuối kỳ Dự phòng: (40.839.502.596) | Số đầu năm Giá gốc: 355.050.194.016 | Số đầu năm Dự phòng: (15.567.613.741)
---
Table: THUYẾT MINH BÁO CÁO TÀI CHÍNH
Item: 2c. Đầu tư góp vốn vào đơn vị khác | Công ty Cổ phần Quản lý Khách sạn và Dịch vụ Mandala
Value: Số cuối kỳ Giá gốc: 1.500.000.000 | Số cuối kỳ Dự phòng: (1.500.000.000) | Số đầu năm Giá gốc: 1.500.000.000 | Số đầu năm Dự phòng: (1.500.000.000)
---
Table: THUYẾT MINH BÁO CÁO TÀI CHÍNH
Item: Thuyết minh báo cáo tài chính | Công ty Cổ phần Đầu tư và Xuất nhập khẩu Foodinco
Value: Số cuối năm Giá gốc: 701.190.000 | Số cuối năm Giá trị hợp lý: 494.034.493 | Số cuối năm Dự phòng: (207.155.507) | Số đầu năm Giá gốc: 701.190.000 | Số đầu năm Giá trị hợp lý: 494.034.493 | Số đầu năm Dự phòng: (207.155.507)
---
Table: THUYẾT MINH BÁO CÁO TÀI CHÍNH
Item: 2c. Đầu tư góp vốn vào đơn vị khác | Công ty Cổ phần Thương mại và Du lịch Kim Bôi (iii)
Value: Số cuối kỳ Giá gốc: 81.672.000.000 | Số cuối kỳ Dự phòng: -
---
Table: THUYẾT MINH BÁO CÁO TÀI CHÍNH
Item: 2c. Đầu tư góp vốn vào đơn vị khác | Công ty Cổ phần Thương mại và Du lịch Kim Bôi
Value: Số cuối kỳ Giá gốc: - | Số cuối kỳ Dự phòng: - | Số đầu năm Giá gốc: 81.672.000.000
---
Table: THUYẾT MINH BÁO CÁO TÀI CHÍNH
Item: Thuyết minh báo cáo tài chính | Công ty Cổ phần Quản lý Khách sạn và Dịch vụ Mandala
Value: Công ty: Công ty Cổ phần Quản lý Khách sạn và Dịch vụ Mandala | Số vốn Công ty cam kết góp: 19.000.000.000 | Số đã góp tại 31/12/2024: 8.000.000.000 | Số còn phải góp: 11.000.000.000
---
Table: THUYẾT MINH BÁO CÁO TÀI CHÍNH
Item: Thuyết minh báo cáo tài chính | Công ty Cổ phần Thương mại và Du lịch Kim Bôi
Value: Số cuối kỳ Số lượng CP: 5.200.000 | Số cuối kỳ Tỷ lệ sở hữu: 22,26% | Số đầu năm Số lượng CP: 5.200.000 | Số đầu năm Tỷ lệ sở hữu: 19,05%
---
Table: THUYẾT MINH BÁO CÁO TÀI CHÍNH
Item: Thuyết minh báo cáo tài chính | Công ty Cổ phần Quản lý Khách sạn và Dịch vụ Mandala
Value: Số cuối kỳ Số lượng CP: 800.000 | Số cuối kỳ Tỷ lệ sở hữu: 19,00% | Số đầu năm Số lượng CP: 800.000 | Số đầu năm Tỷ lệ sở hữu: 19,00%
---
Table: THUYẾT MINH BÁO CÁO TÀI CHÍNH
Item: Thuyết minh 13: Phải trả người bán ngắn hạn | Công ty Cổ phần Quản lý khách sạn và Dịch vụ Mandala
Value: Số cuối kỳ: 584.241.575 | Số đầu năm: 301.100.000
---
Table: THUYẾT MINH BÁO CÁO TÀI CHÍNH
Item: Thuyết minh 6: Các khoản phải thu khác | Công ty TNHH Đầu tư và Xây dựng Đô thị Việt Thái - Đặt cọc
Value: Số cuối kỳ Giá trị: 7.194.490.000 | Số cuối kỳ Dự phòng: - | Số đầu năm Giá trị: 7.194.490.000 | Số đầu năm Dự phòng: -
---
Table: THUYẾT MINH BÁO CÁO TÀI CHÍNH
Item: Thuyết minh 5: Phải thu về cho vay ngắn hạn | Công ty Cổ phần Thương mại và Du lịch Kim Bôi (lãi suất 13%/năm)
Value: Số cuối kỳ: 9.888.000.000 | Số đầu năm: 9.888.000.000
---
Table: THUYẾT MINH BÁO CÁO TÀI CHÍNH
Item: Thuyết minh 1: Tiền và các khoản tương đương tiền | Tiền gửi tại công ty chứng khoán
Value: Số cuối năm: 109.902.610 | Số đầu năm: 110.425.559
---
Table: THUYẾT MINH BÁO CÁO TÀI CHÍNH
Subheading: Tỷ lệ sở hữu của Công ty tại các đơn vị như sau:
Item: Công ty Cổ phần Thương mại và Du lịch Kim Bôi | Số cuối kỳ Số lượng CP
Period: cuối
Value: 5.200.000
Note ref: V.2c
---
Table: THUYẾT MINH BÁO CÁO TÀI CHÍNH
Subheading: Tỷ lệ sở hữu của Công ty tại các đơn vị như sau:
Item: Công ty Cổ phần Thương mại và Du lịch Kim Bôi | Số đầu năm Số lượng CP
Period: đầu
Value: 5.200.000
Note ref: V.2c
---
Table: THUYẾT MINH BÁO CÁO TÀI CHÍNH
Subheading: Tỷ lệ sở hữu của Công ty tại các đơn vị như sau:
Item: Công ty Cổ phần Quản lý Khách sạn và Dịch vụ Mandala | Số cuối kỳ Số lượng CP
Period: cuối
Value: 800.000
Note ref: V.2c
---
Table: THUYẾT MINH BÁO CÁO TÀI CHÍNH
Subheading: Tỷ lệ sở hữu của Công ty tại các đơn vị như sau:
Item: Công ty Cổ phần Quản lý Khách sạn và Dịch vụ Mandala | Số đầu năm Số lượng CP
Period: đầu
Value: 800.000
Note ref: V.2c
---
Table: THUYẾT MINH BÁO CÁO TÀI CHÍNH
Subheading: Tại ngày 31 tháng 12 năm 2024, các khoản cam kết góp vốn như sau:
Item: Công ty Cổ phần Quản lý Khách sạn và Dịch vụ Mandala | Số vốn Công ty cam kết góp
Value: 19.000.000.000
Note ref: V.2c
---
Table: THUYẾT MINH BÁO CÁO TÀI CHÍNH
Item: Thuyết minh báo cáo tài chính
Value: Dự phòng tổn thất cho các khoản đầu tư vào công cụ vốn của đơn vị khác được trích lập như sau: Đối với khoản đầu tư vào cổ phiếu niêm yết hoặc giá trị hợp lý khoản đầu tư được xác định tin cậy, việc lập dự phòng dựa trên giá trị thị trường của cổ phiếu. Đối với khoản đầu tư không xác định được giá trị hợp lý tại thời điểm báo cáo, việc lập dự phòng được thực hiện căn cứ vào khoản lỗ của bên được đầu tư với mức trích lập bằng chênh lệch giữa vốn đầu tư thực tế của các chủ sở hữu và vốn chủ sở hữu tại ngày kết thúc năm tài chính nhân với tỷ lệ vốn điều lệ của Công ty so với tổng vốn điều lệ thực góp tại đơn vị khác.
---
Table: THUYẾT MINH BÁO CÁO TÀI CHÍNH
Item: Thuyết minh báo cáo tài chính
Value: 6. Chi phí trả trước Chi phí trả trước bao gồm các chi phí thực tế đã phát sinh nhưng có liên quan đến kết quả hoạt động sản xuất kinh doanh của nhiều kỳ kế toán. Chi phí trả trước của Công ty là chi phí công cụ dụng cụ và chi phí bán hàng dự án chưa bàn giao. Các chi phí trả trước này được phân bổ trong khoảng thời gian trả trước hoặc thời gian các lợi ích kinh tế tương ứng được tạo ra từ các chi phí này.
---
Table: THUYẾT MINH BÁO CÁO TÀI CHÍNH
Item: Thuyết minh báo cáo tài chính
Value: Doanh thu cung cấp dịch vụ Doanh thu của giao dịch về cung cấp dịch vụ được ghi nhận khi kết quả của giao dịch đó được xác định một cách đáng tin cậy. Trường hợp giao dịch về cung cấp dịch vụ liên quan nhiều kỳ thì doanh thu được ghi nhận trong kỳ theo kết quả phần công việc đã hoàn thành tại ngày của Bảng cân đối kế toán của kỳ đó. Kết quả của giao dịch cung cấp dịch vụ được xác định khi thỏa mãn tất cả bốn (4) điều kiện sau: Doanh thu được xác định tương đối chắc chắn Có khả năng thu được lợi ích kinh tế từ giao dịch cung cấp dịch vụ đó. Xác định được phần công việc đã hoàn thành tại ngày của Bảng cân đối kế toán; và Xác định được chi phí phát sinh cho giao dịch và chi phí để hoàn thành giao dịch cung cấp dịch vụ đó.
---
Table: THUYẾT MINH BÁO CÁO TÀI CHÍNH
Subheading: 2c. Đầu tư góp vốn vào đơn vị khác
Item: Đầu tư vào Công ty con | Số đầu năm Giá gốc
Period: đầu
Value: 355.050.194.016
Note ref: V.2c
---
Table: THUYẾT MINH BÁO CÁO TÀI CHÍNH
Subheading: 2c. Đầu tư góp vốn vào đơn vị khác
Item: Đầu tư vào Công ty con | Số đầu năm Dự phòng
Period: đầu
Value: (15.567.613.741)
Note ref: V.2c
---
Table: THUYẾT MINH BÁO CÁO TÀI CHÍNH
Subheading: 2c. Đầu tư góp vốn vào đơn vị khác
Item: Đầu tư vào Công ty con | Số cuối kỳ Giá gốc
Period: cuối
Value: 265.354.194.016
Note ref: V.2c
---
Table: THUYẾT MINH BÁO CÁO TÀI CHÍNH
Subheading: 2c. Đầu tư góp vốn vào đơn vị khác
Item: Đầu tư vào Công ty con | Số cuối kỳ Dự phòng
Period: cuối
Value: (40.839.502.596)
Note ref: V.2c
---
Table: THUYẾT MINH BÁO CÁO TÀI CHÍNH
Subheading: 2c. Đầu tư góp vốn vào đơn vị khác
Item: Đầu tư vào Công ty liên kết | Số cuối kỳ Giá gốc
Period: cuối
Value: 81.672.000.000
Note ref: V.2c",1,,222564,23255,,,,
156,Tổng phải thu ngắn hạn của khách hàng cuối kỳ là bao nhiêu VND?,Phải thu ngắn hạn của khách hàng cuối kỳ là 83.697.533.531 VND.,Tổng phải thu ngắn hạn của khách hàng cuối kỳ là 83.697.533.531 VND.,1,"Table: BẢNG CÂN ĐỐI KẾ TOÁN
Item: Phải thu ngắn hạn của khách hàng | Số cuối năm
Period: cuối
Value: 83.697.533.531
Note ref: V.3a",1,,17591,6787,,,,
157,Số dư trả trước cho người bán ngắn hạn cuối kỳ là bao nhiêu VND?,Số dư trả trước cho người bán ngắn hạn cuối kỳ là 11.748.605.329 VND.,Số dư trả trước cho người bán ngắn hạn cuối kỳ là 11.748.605.329 VND.,1,"Table: BẢNG CÂN ĐỐI KẾ TOÁN
Item: Trả trước cho người bán ngắn hạn | Số cuối năm
Period: cuối
Value: 11.748.605.329
Note ref: V.4",1,,11158,6876,,,,
158,Dự án nào có số dư phải thu từ khách hàng bất động sản giảm nhiều nhất từ đầu năm đến cuối kỳ?,"Dựa trên số liệu hiện có:
**2. Thanh khoản và an toàn tài chính**
- Dự án Phú Yên: Số đầu năm = 146.477.845.146 đồng, Số cuối kỳ = 71.075.343.687 đồng, Giảm = 75.402.501.459 đồng (BẢNG CÂN ĐỐI KẾ TOÁN, note V.14)
- Dự án Đa hội: Số đầu năm = 4.773.842.332 đồng, Số cuối kỳ = 4.773.842.332 đồng, Giảm = 0 đồng (BẢNG CÂN ĐỐI KẾ TOÁN, note V.14)
- Dự án Mũi Né: Không có số đầu năm, không tính được mức giảm (BẢNG CÂN ĐỐI KẾ TOÁN)

*Nhận xét*:
- Dự án Phú Yên có mức giảm lớn nhất, hơn 75 tỷ đồng so với đầu năm.
- Dự án Đa hội không có thay đổi.
- Dự án Mũi Né thiếu dữ liệu đầu năm nên không thể đánh giá mức giảm.

**Kết luận tổng thể**:
Dự án Phú Yên là dự án có sự giảm sút đáng kể trong khoản phải thu bất động sản, cần theo dõi và xem xét nguyên nhân; các dự án khác không có giảm hoặc thiếu dữ liệu.","Dự án Apec Aqua Park Bắc Giang có số dư phải thu từ khách hàng bất động sản giảm nhiều nhất, từ 32.014.908.837 VND đầu năm xuống 27.110.410.792 VND cuối kỳ, giảm khoảng 4.904.498.045 VND.",31,"Table: BẢNG CÂN ĐỐI KẾ TOÁN
Subheading: Bất động sản đầu tư
Item: Nguyên giá | Số đầu năm
Period: đầu
Value: 107.081.636.718
---
Table: BẢNG CÂN ĐỐI KẾ TOÁN
Subheading: Bất động sản đầu tư
Item: Giá trị hao mòn lũy kế | Số đầu năm
Period: đầu
Value: (1.224.860.164)
---
Table: BẢNG CÂN ĐỐI KẾ TOÁN
Subheading: Bất động sản đầu tư
Item: Nguyên giá | Số cuối năm
Period: cuối
Value: 247.051.384.582
---
Table: BẢNG CÂN ĐỐI KẾ TOÁN
Subheading: Bất động sản đầu tư
Item: Giá trị hao mòn lũy kế | Số cuối năm
Period: cuối
Value: (12.390.572.835)
---
Table: THUYẾT MINH BÁO CÁO TÀI CHÍNH
Subheading: Bất động sản đầu tư sử dụng để cho thuê được khấu hao theo phương pháp đường thẳng dựa trên thời gian hữu dụng ước tính. Số năm khấu hao của bất động sản đầu tư như sau:
Item: Shophouse |
Value: 44
Note ref: V.9
---
Table: BẢNG CÂN ĐỐI KẾ TOÁN
Item: Phải thu dài hạn của khách hàng | Số đầu năm
Period: đầu
Value: 11.256.809.243
Note ref: V.3b
---
Table: BẢNG CÂN ĐỐI KẾ TOÁN
Item: Phải thu dài hạn của khách hàng | Số cuối năm
Period: cuối
Value: 3.411.400.228
Note ref: V.3b
---
Table: THUYẾT MINH BÁO CÁO TÀI CHÍNH
Item: 3a. Phải thu khách hàng ngắn hạn | Phải thu các khách hàng (Dự án BĐS)
Value: Số cuối kỳ: 60.579.645.168 | Số đầu năm: 65.925.262.843
---
Table: THUYẾT MINH BÁO CÁO TÀI CHÍNH
Subheading: Là khoản trả trước theo tiến độ của các khách hàng dự án Bất động sản, bao gồm:
Item: Cộng | Số cuối kỳ
Period: cuối
Value: 101.716.698.889
Note ref: V.14
---
Table: THUYẾT MINH BÁO CÁO TÀI CHÍNH
Subheading: Là khoản trả trước theo tiến độ của các khách hàng dự án Bất động sản, bao gồm:
Item: Dự án Đa hội | Số cuối kỳ
Period: cuối
Value: 4.773.842.332
Note ref: V.14
---
Table: THUYẾT MINH BÁO CÁO TÀI CHÍNH
Subheading: Là khoản trả trước theo tiến độ của các khách hàng dự án Bất động sản, bao gồm:
Item: Dự án Phú Yên | Số cuối kỳ
Period: cuối
Value: 71.075.343.687
Note ref: V.14
---
Table: THUYẾT MINH BÁO CÁO TÀI CHÍNH
Subheading: Là khoản trả trước theo tiến độ của các khách hàng dự án Bất động sản, bao gồm:
Item: Dự án Mũi Né | Số cuối kỳ
Period: cuối
Value: 513.203.706
Note ref: V.14
---
Table: THUYẾT MINH BÁO CÁO TÀI CHÍNH
Subheading: 3a. Phải thu khách hàng ngắn hạn
Item: Phải thu các khách hàng (Dự án BĐS) | Số cuối kỳ
Period: cuối
Value: 60.579.645.168
Note ref: V.3a
---
Table: THUYẾT MINH BÁO CÁO TÀI CHÍNH
Subheading: 3a. Phải thu khách hàng ngắn hạn
Item: Dự án Đa Hội | Số cuối kỳ
Period: cuối
Value: 8.692.247.981
Note ref: V.3a
---
Table: THUYẾT MINH BÁO CÁO TÀI CHÍNH
Item: 19a. Bảng đối chiếu biến động của vốn chủ sở hữu | Số dư cuối kỳ
Value: Vốn đầu tư của chủ sở hữu: 840.839.760.000 | Lợi nhuận sau thuế chưa phân phối: 54.254.677.312 | Cộng: 895.094.437.312
---
Table: THUYẾT MINH BÁO CÁO TÀI CHÍNH
Item: 19a. Bảng đối chiếu biến động của vốn chủ sở hữu | Số dư cuối kỳ
Value: Vốn đầu tư của chủ sở hữu: 840.839.760.000 | Lợi nhuận sau thuế chưa phân phối: 43.404.961.299 | Cộng: 884.244.721.299
---
Table: THUYẾT MINH BÁO CÁO TÀI CHÍNH
Subheading: Là khoản trả trước theo tiến độ của các khách hàng dự án Bất động sản, bao gồm:
Item: Cộng | Số đầu năm
Period: đầu
Value: 175.052.735.650
Note ref: V.14
---
Table: THUYẾT MINH BÁO CÁO TÀI CHÍNH
Subheading: Là khoản trả trước theo tiến độ của các khách hàng dự án Bất động sản, bao gồm:
Item: Dự án Apec Aquapark Bắc Giang | Số cuối kỳ
Period: cuối
Value: 25.354.309.164
Note ref: V.14
---
Table: THUYẾT MINH BÁO CÁO TÀI CHÍNH
Subheading: Là khoản trả trước theo tiến độ của các khách hàng dự án Bất động sản, bao gồm:
Item: Dự án Mũi Né | Số đầu năm
Period: đầu
Value: 13.812.280.739
Note ref: V.14
---
Table: THUYẾT MINH BÁO CÁO TÀI CHÍNH
Subheading: Là khoản trả trước theo tiến độ của các khách hàng dự án Bất động sản, bao gồm:
Item: Dự án Phú Yên | Số đầu năm
Period: đầu
Value: 146.477.845.146
Note ref: V.14
---
Table: THUYẾT MINH BÁO CÁO TÀI CHÍNH
Subheading: Là khoản trả trước theo tiến độ của các khách hàng dự án Bất động sản, bao gồm:
Item: Dự án Đa hội | Số đầu năm
Period: đầu
Value: 4.773.842.332
Note ref: V.14
---
Table: THUYẾT MINH BÁO CÁO TÀI CHÍNH
Subheading: 3a. Phải thu khách hàng ngắn hạn
Item: Phải thu các khách hàng (Dự án BĐS) | Số đầu năm
Period: đầu
Value: 65.925.262.843
Note ref: V.3a
---
Table: THUYẾT MINH BÁO CÁO TÀI CHÍNH
Subheading: 3a. Phải thu khách hàng ngắn hạn
Item: Dự án Đa Hội | Số đầu năm
Period: đầu
Value: 8.692.247.981
Note ref: V.3a
---
Table: THUYẾT MINH BÁO CÁO TÀI CHÍNH
Item: 19a. Bảng đối chiếu biến động của vốn chủ sở hữu | Số dư đầu năm
Value: Vốn đầu tư của chủ sở hữu: 840.839.760.000 | Lợi nhuận sau thuế chưa phân phối: 54.254.677.312 | Cộng: 895.094.437.312
---
Table: THUYẾT MINH BÁO CÁO TÀI CHÍNH
Subheading: Là khoản trả trước theo tiến độ của các khách hàng dự án Bất động sản, bao gồm:
Item: Dự án Apec Aquapark Bắc Giang | Số đầu năm
Period: đầu
Value: 9.988.767.433
Note ref: V.14
---
Table: THUYẾT MINH BÁO CÁO TÀI CHÍNH
Subheading: 3a. Phải thu khách hàng ngắn hạn
Item: Dự án Apec Aquapark Bắc Giang | Số cuối kỳ
Period: cuối
Value: 27.110.410.792
Note ref: V.3a
---
Table: THUYẾT MINH BÁO CÁO TÀI CHÍNH
Subheading: 3a. Phải thu khách hàng ngắn hạn
Item: Dự án Apec Mandala Wyndham Phú Yên | Số cuối kỳ
Period: cuối
Value: 24.776.986.395
Note ref: V.3a
---
Table: THUYẾT MINH BÁO CÁO TÀI CHÍNH
Subheading: 3a. Phải thu khách hàng ngắn hạn
Item: Dự án Apec Aquapark Bắc Giang | Số đầu năm
Period: đầu
Value: 32.014.908.837
Note ref: V.3a
---
Table: THUYẾT MINH BÁO CÁO TÀI CHÍNH
Subheading: 3a. Phải thu khách hàng ngắn hạn
Item: Dự án Apec Mandala Wyndham Phú Yên | Số đầu năm
Period: đầu
Value: 25.218.106.025
Note ref: V.3a
---
Table: THUYẾT MINH BÁO CÁO TÀI CHÍNH
Subheading: 1. Doanh thu bán hàng và cung cấp dịch vụ
Item: Doanh thu bán bất động sản | Luỹ kế từ đầu năm đến cuối kỳ này Năm trước
Value: 173.529.958.522
Note ref: V.1
---
Table: THUYẾT MINH BÁO CÁO TÀI CHÍNH
Subheading: 1. Doanh thu bán hàng và cung cấp dịch vụ
Item: Doanh thu bán bất động sản | Luỹ kế từ đầu năm đến cuối kỳ này Năm nay
Value: 187.743.704.036
Note ref: V.1",1,,135679,41594,,,,
159,Phải thu dài hạn của khách hàng phát sinh từ dự án nào và theo chính sách gì?,Phải thu dài hạn của khách hàng phát sinh từ dự án **Apec Aquapark Bắc Giang** và được ghi nhận theo **chính sách bán hàng trả chậm** (thời gian thanh toán còn lại trên 12 tháng kể từ ngày kết thúc kỳ kế toán).,"Phải thu dài hạn của khách hàng phát sinh từ Dự án Apec Aqua Park Bắc Giang, theo chính sách trả chậm với thời hạn thanh toán còn lại trên 12 tháng kể từ ngày lập bảng cân đối kế toán.",24,"Table: THUYẾT MINH BÁO CÁO TÀI CHÍNH
Item: 3b. Phải thu khách hàng dài hạn
Value: Là các khoản phải thu khách hàng mua bất động sản Dự án Apec Aquapark Bắc Giang theo chính sách bán hàng trả chậm, có thời gian thanh toán còn lại trên 12 tháng kể từ ngày kết thúc kỳ kế toán
---
Table: THUYẾT MINH BÁO CÁO TÀI CHÍNH
Item: 3a. Phải thu khách hàng ngắn hạn | Phải thu các khách hàng (Dự án BĐS)
Value: Số cuối kỳ: 60.579.645.168 | Số đầu năm: 65.925.262.843
---
Table: THUYẾT MINH BÁO CÁO TÀI CHÍNH
Item: Thuyết minh 6: Các khoản phải thu khác | Các khoản phải thu dài hạn khác
Value: Số cuối kỳ Giá trị: 328.250.000 | Số cuối kỳ Dự phòng: - | Số đầu năm Giá trị: 31.250.000 | Số đầu năm Dự phòng: -
---
Table: THUYẾT MINH BÁO CÁO TÀI CHÍNH
Item: Thuyết minh 6: Các khoản phải thu khác | b) Dài hạn
Value: Số cuối kỳ Giá trị: 27.431.011.835 | Số cuối kỳ Dự phòng: - | Số đầu năm Giá trị: 27.134.011.835 | Số đầu năm Dự phòng: -
---
Table: THUYẾT MINH BÁO CÁO TÀI CHÍNH
Item: 3a. Phải thu khách hàng ngắn hạn | Dự án Đa Hội
Value: Số cuối kỳ: 8.692.247.981 | Số đầu năm: 8.692.247.981
---
Table: THUYẾT MINH BÁO CÁO TÀI CHÍNH
Item: 3a. Phải thu khách hàng ngắn hạn | Dự án Apec Aquapark Bắc Giang
Value: Số cuối kỳ: 27.110.410.792 | Số đầu năm: 32.014.908.837
---
Table: THUYẾT MINH BÁO CÁO TÀI CHÍNH
Item: 18a. Vay ngắn hạn | Kết chuyển từ vay và nợ dài hạn
Value: Khoản mục: Kết chuyển từ vay và nợ dài hạn | Số cuối kỳ Giá trị: 19.424.900.000 | Số cuối kỳ Khả năng trả nợ: 19.424.900.000 | Trong kỳ Tăng: 19.424.900.000
---
Table: THUYẾT MINH BÁO CÁO TÀI CHÍNH
Item: 3a. Phải thu khách hàng ngắn hạn | Các khách hàng khác
Value: Số cuối kỳ: 23.117.888.363 | Số đầu năm: 18.417.568.707
---
Table: THUYẾT MINH BÁO CÁO TÀI CHÍNH
Subheading: 3a. Phải thu khách hàng ngắn hạn
Item: Phải thu các khách hàng (Dự án BĐS) | Số cuối kỳ
Period: cuối
Value: 60.579.645.168
Note ref: V.3a
---
Table: THUYẾT MINH BÁO CÁO TÀI CHÍNH
Subheading: 3a. Phải thu khách hàng ngắn hạn
Item: Phải thu các khách hàng (Dự án BĐS) | Số đầu năm
Period: đầu
Value: 65.925.262.843
Note ref: V.3a
---
Table: THUYẾT MINH BÁO CÁO TÀI CHÍNH
Subheading: 3a. Phải thu khách hàng ngắn hạn
Item: Dự án Đa Hội | Số cuối kỳ
Period: cuối
Value: 8.692.247.981
Note ref: V.3a
---
Table: THUYẾT MINH BÁO CÁO TÀI CHÍNH
Subheading: 3a. Phải thu khách hàng ngắn hạn
Item: Dự án Đa Hội | Số đầu năm
Period: đầu
Value: 8.692.247.981
Note ref: V.3a
---
Table: THUYẾT MINH BÁO CÁO TÀI CHÍNH
Item: 3a. Phải thu khách hàng ngắn hạn | Dự án Apec Mandala Wyndham Phú Yên
Value: Số cuối kỳ: 24.776.986.395 | Số đầu năm: 25.218.106.025
---
Table: THUYẾT MINH BÁO CÁO TÀI CHÍNH
Item: Thuyết minh 4: Các khoản phải thu
Value: Các khoản nợ phải thu được trình bày theo giá trị ghi sổ trừ đi các khoản dự phòng phải thu khó đòi. Việc phân loại các khoản phải thu là phải thu khách hàng và phải thu khác được thực hiện theo nguyên tắc sau: Phải thu của khách hàng phản ánh các khoản phải thu mang tính chất thương mại phát sinh từ giao dịch có tính chất mua – bán giữa Công ty và người mua là đơn vị độc lập với Công ty. Phải thu khác phản ánh các khoản phải thu không có tính thương mại, không liên quan đến giao dịch mua – bán.
---
Table: THUYẾT MINH BÁO CÁO TÀI CHÍNH
Subheading: 3a. Phải thu khách hàng ngắn hạn
Item: Dự án Apec Aquapark Bắc Giang | Số cuối kỳ
Period: cuối
Value: 27.110.410.792
Note ref: V.3a
---
Table: THUYẾT MINH BÁO CÁO TÀI CHÍNH
Subheading: 3a. Phải thu khách hàng ngắn hạn
Item: Dự án Apec Aquapark Bắc Giang | Số đầu năm
Period: đầu
Value: 32.014.908.837
Note ref: V.3a
---
Table: THUYẾT MINH BÁO CÁO TÀI CHÍNH
Subheading: 3a. Phải thu khách hàng ngắn hạn
Item: Dự án Apec Mandala Wyndham Phú Yên | Số cuối kỳ
Period: cuối
Value: 24.776.986.395
Note ref: V.3a
---
Table: THUYẾT MINH BÁO CÁO TÀI CHÍNH
Subheading: 3a. Phải thu khách hàng ngắn hạn
Item: Dự án Apec Mandala Wyndham Phú Yên | Số đầu năm
Period: đầu
Value: 25.218.106.025
Note ref: V.3a
---
Table: THUYẾT MINH BÁO CÁO TÀI CHÍNH
Subheading: 3a. Phải thu khách hàng ngắn hạn
Item: Cộng | Số cuối kỳ
Period: cuối
Value: 83.697.533.531
Note ref: V.3a
---
Table: THUYẾT MINH BÁO CÁO TÀI CHÍNH
Subheading: 3a. Phải thu khách hàng ngắn hạn
Item: Cộng | Số đầu năm
Period: đầu
Value: 84.342.831.550
Note ref: V.3a
---
Table: THUYẾT MINH BÁO CÁO TÀI CHÍNH
Item: Thuyết minh 8: Chi phí trả trước dài hạn | Các dự án khác
Value: Số cuối kỳ: 1.305.599.377 | Số đầu năm: 1.244.284.892
---
Table: THUYẾT MINH BÁO CÁO TÀI CHÍNH
Subheading: 3a. Phải thu khách hàng ngắn hạn
Item: Các khách hàng khác | Số cuối kỳ
Period: cuối
Value: 23.117.888.363
Note ref: V.3a
---
Table: THUYẾT MINH BÁO CÁO TÀI CHÍNH
Subheading: 3a. Phải thu khách hàng ngắn hạn
Item: Các khách hàng khác | Số đầu năm
Period: đầu
Value: 18.417.568.707
Note ref: V.3a
---
Table: THUYẾT MINH BÁO CÁO TÀI CHÍNH
Item: Thuyết minh 6: Các khoản phải thu khác | Các khoản phải thu ngắn hạn khác
Value: Số cuối kỳ Giá trị: 5.727.143.845 | Số cuối kỳ Dự phòng: - | Số đầu năm Giá trị: 5.659.974.185 | Số đầu năm Dự phòng: -",1,,65981,9554,,,,
160,Đánh giá xu hướng biến động của các khoản phải thu từ khách hàng bất động sản và trả trước cho người bán ngắn hạn.,"Dựa trên số liệu hiện có (so sánh đầu năm và cuối kỳ):

**1. Thanh khoản và an toàn tài chính**
- **Phải thu khách hàng bất động sản (ngắn hạn)**
  - Số đầu năm: 65.925.262.843 (Thuyết minh 3a – Phải thu các khách hàng (Dự án BĐS))
  - Số cuối kỳ: 60.579.645.168 (Thuyết minh 3a – Phải thu các khách hàng (Dự án BĐS))
  - Thay đổi: -5.345.617.675
  - Tỷ lệ biến đổi: **-8.1 %** (giảm)
- **Trả trước cho người bán ngắn hạn**
  - Số đầu năm: 17.709.353.952 (Bảng cân đối – Trả trước cho nhà cung cấp, subheading “Trả trước cho người bán ngắn hạn”)
  - Số cuối kỳ: 11.748.605.329 (Bảng cân đối – Trả trước cho người bán ngắn hạn)
  - Thay đổi: -5.960.748.623
  - Tỷ lệ biến đổi: **-33.7 %** (giảm)

*Nhận xét*:
- Khoản phải thu từ khách hàng bất động sản giảm khoảng 8 %, cho thấy khả năng thu hồi tiền nhanh hơn hoặc doanh thu bán bất động sản giảm trong kỳ.
- Trả trước cho người bán ngắn hạn giảm mạnh hơn (≈34 %), phản ánh công ty đã giảm mức trả trước, nâng tính linh hoạt tiền mặt và giảm áp lực thanh khoản.
- Cả hai xu hướng đều hỗ trợ cải thiện vị thế thanh khoản ngắn hạn, tuy nhiên cần lưu ý nếu giảm phải thu là do doanh thu giảm, có thể ảnh hưởng tới khả năng tạo dòng tiền trong tương lai.

**Kết luận tổng thể**
- Các khoản phải thu và trả trước đều có xu hướng giảm, cải thiện thanh khoản ngắn hạn. Tuy nhiên, giảm phải thu có thể phản ánh doanh thu bất động sản giảm, cần theo dõi để đảm bảo không ảnh hưởng tiêu cực đến dòng tiền và lợi nhuận trong các kỳ tiếp theo.","Các khoản phải thu từ khách hàng bất động sản đã giảm nhẹ từ 84.342.831.550 VND đầu năm xuống 83.697.533.531 VND cuối kỳ. Điều này có thể cho thấy công ty đã thu được một phần nợ từ các dự án hoặc tốc độ bán hàng có sự thay đổi. Riêng các dự án lớn như Mandala Wyndham Phú Yên và Apec Aqua Park Bắc Giang đều giảm. Trong khi đó, trả trước cho người bán ngắn hạn cũng giảm đáng kể từ 17.709.353.952 VND xuống 11.748.605.329 VND. Xu hướng giảm của cả hai khoản mục này cho thấy công ty có thể đang thu hồi các khoản nợ cũ và giảm bớt các khoản tạm ứng cho nhà cung cấp, hoặc quy mô giao dịch mua bán đã giảm, ảnh hưởng đến nhu cầu vốn lưu động.",30,"Table: BẢNG CÂN ĐỐI KẾ TOÁN
Item: Phải thu ngắn hạn của khách hàng | Số cuối năm
Period: cuối
Value: 83.697.533.531
Note ref: V.3a
---
Table: BẢNG CÂN ĐỐI KẾ TOÁN
Item: Trả trước cho người bán ngắn hạn | Số cuối năm
Period: cuối
Value: 11.748.605.329
Note ref: V.4
---
Table: THUYẾT MINH BÁO CÁO TÀI CHÍNH
Subheading: 4. Trả trước cho người bán ngắn hạn
Item: Cộng | Số đầu năm
Period: đầu
Value: 17.709.353.952
Note ref: V.4
---
Table: THUYẾT MINH BÁO CÁO TÀI CHÍNH
Subheading: 4. Trả trước cho người bán ngắn hạn
Item: Cộng | Số cuối kỳ
Period: cuối
Value: 11.748.605.329
Note ref: V.4
---
Table: THUYẾT MINH BÁO CÁO TÀI CHÍNH
Subheading: 4. Trả trước cho người bán ngắn hạn
Item: Trả trước cho nhà cung cấp | Số đầu năm
Period: đầu
Value: 17.709.353.952
Note ref: V.4
---
Table: THUYẾT MINH BÁO CÁO TÀI CHÍNH
Subheading: 4. Trả trước cho người bán ngắn hạn
Item: Trả trước cho nhà cung cấp | Số cuối kỳ
Period: cuối
Value: 11.748.605.329
Note ref: V.4
---
Table: THUYẾT MINH BÁO CÁO TÀI CHÍNH
Item: 3b. Phải thu khách hàng dài hạn
Value: Là các khoản phải thu khách hàng mua bất động sản Dự án Apec Aquapark Bắc Giang theo chính sách bán hàng trả chậm, có thời gian thanh toán còn lại trên 12 tháng kể từ ngày kết thúc kỳ kế toán
---
Table: THUYẾT MINH BÁO CÁO TÀI CHÍNH
Item: 3a. Phải thu khách hàng ngắn hạn | Phải thu các khách hàng (Dự án BĐS)
Value: Số cuối kỳ: 60.579.645.168 | Số đầu năm: 65.925.262.843
---
Table: THUYẾT MINH BÁO CÁO TÀI CHÍNH
Item: Thuyết minh 6: Các khoản phải thu khác | Công ty Cổ phần Quản lý vận hành Bất động sản Mandala - Chi hộ
Value: Số cuối kỳ Giá trị: 7.890.358.009 | Số cuối kỳ Dự phòng: - | Số đầu năm Giá trị: 7.127.444.882 | Số đầu năm Dự phòng: -
---
Table: THUYẾT MINH BÁO CÁO TÀI CHÍNH
Item: 3a. Phải thu khách hàng ngắn hạn | Các khách hàng khác
Value: Số cuối kỳ: 23.117.888.363 | Số đầu năm: 18.417.568.707
---
Table: THUYẾT MINH BÁO CÁO TÀI CHÍNH
Subheading: 3a. Phải thu khách hàng ngắn hạn
Item: Cộng | Số đầu năm
Period: đầu
Value: 84.342.831.550
Note ref: V.3a
---
Table: THUYẾT MINH BÁO CÁO TÀI CHÍNH
Subheading: Là khoản trả trước theo tiến độ của các khách hàng dự án Bất động sản, bao gồm:
Item: Cộng | Số cuối kỳ
Period: cuối
Value: 101.716.698.889
Note ref: V.14
---
Table: THUYẾT MINH BÁO CÁO TÀI CHÍNH
Subheading: 3a. Phải thu khách hàng ngắn hạn
Item: Cộng | Số cuối kỳ
Period: cuối
Value: 83.697.533.531
Note ref: V.3a
---
Table: THUYẾT MINH BÁO CÁO TÀI CHÍNH
Subheading: Là khoản trả trước theo tiến độ của các khách hàng dự án Bất động sản, bao gồm:
Item: Cộng | Số đầu năm
Period: đầu
Value: 175.052.735.650
Note ref: V.14
---
Table: THUYẾT MINH BÁO CÁO TÀI CHÍNH
Subheading: Là khoản trả trước theo tiến độ của các khách hàng dự án Bất động sản, bao gồm:
Item: Dự án Mũi Né | Số cuối kỳ
Period: cuối
Value: 513.203.706
Note ref: V.14
---
Table: THUYẾT MINH BÁO CÁO TÀI CHÍNH
Subheading: Là khoản trả trước theo tiến độ của các khách hàng dự án Bất động sản, bao gồm:
Item: Dự án Mũi Né | Số đầu năm
Period: đầu
Value: 13.812.280.739
Note ref: V.14
---
Table: THUYẾT MINH BÁO CÁO TÀI CHÍNH
Subheading: Là khoản trả trước theo tiến độ của các khách hàng dự án Bất động sản, bao gồm:
Item: Dự án Đa hội | Số cuối kỳ
Period: cuối
Value: 4.773.842.332
Note ref: V.14
---
Table: THUYẾT MINH BÁO CÁO TÀI CHÍNH
Subheading: Là khoản trả trước theo tiến độ của các khách hàng dự án Bất động sản, bao gồm:
Item: Dự án Đa hội | Số đầu năm
Period: đầu
Value: 4.773.842.332
Note ref: V.14
---
Table: THUYẾT MINH BÁO CÁO TÀI CHÍNH
Item: Thuyết minh 1: Doanh thu bán hàng và cung cấp dịch vụ | Doanh thu bán bất động sản
Value: Luỹ kế từ đầu năm đến cuối kỳ này Năm nay: 187.743.704.036 | Luỹ kế từ đầu năm đến cuối kỳ này Năm trước: 173.529.958.522
---
Table: THUYẾT MINH BÁO CÁO TÀI CHÍNH
Subheading: Là khoản trả trước theo tiến độ của các khách hàng dự án Bất động sản, bao gồm:
Item: Dự án Phú Yên | Số cuối kỳ
Period: cuối
Value: 71.075.343.687
Note ref: V.14
---
Table: THUYẾT MINH BÁO CÁO TÀI CHÍNH
Subheading: Là khoản trả trước theo tiến độ của các khách hàng dự án Bất động sản, bao gồm:
Item: Dự án Phú Yên | Số đầu năm
Period: đầu
Value: 146.477.845.146
Note ref: V.14
---
Table: THUYẾT MINH BÁO CÁO TÀI CHÍNH
Item: Thuyết minh 7: Hàng tồn kho | Hàng hóa Bất động sản
Value: Số cuối kỳ: 167.636.178.947 | Số đầu năm: 222.245.021.866
---
Table: THUYẾT MINH BÁO CÁO TÀI CHÍNH
Subheading: Là khoản trả trước theo tiến độ của các khách hàng dự án Bất động sản, bao gồm:
Item: Dự án Apec Aquapark Bắc Giang | Số cuối kỳ
Period: cuối
Value: 25.354.309.164
Note ref: V.14
---
Table: THUYẾT MINH BÁO CÁO TÀI CHÍNH
Subheading: Là khoản trả trước theo tiến độ của các khách hàng dự án Bất động sản, bao gồm:
Item: Dự án Apec Aquapark Bắc Giang | Số đầu năm
Period: đầu
Value: 9.988.767.433
Note ref: V.14
---
Table: THUYẾT MINH BÁO CÁO TÀI CHÍNH
Item: 17b. Phải trả dài hạn khác | Công ty Cổ phần Bất động sản An Phát Land
Value: Số cuối kỳ: 45.860.005.476 | Số đầu năm: 45.860.005.476
---
Table: THUYẾT MINH BÁO CÁO TÀI CHÍNH
Item: Thuyết minh 13: Phải trả người bán ngắn hạn | Công ty Cổ phần Quản lý Vận hành Bất động sản Mandala
Value: Số cuối kỳ: 19.682.287
---
Table: THUYẾT MINH BÁO CÁO TÀI CHÍNH
Subheading: 3a. Phải thu khách hàng ngắn hạn
Item: Các khách hàng khác | Số cuối kỳ
Period: cuối
Value: 23.117.888.363
Note ref: V.3a
---
Table: THUYẾT MINH BÁO CÁO TÀI CHÍNH
Subheading: 3a. Phải thu khách hàng ngắn hạn
Item: Các khách hàng khác | Số đầu năm
Period: đầu
Value: 18.417.568.707
Note ref: V.3a
---
Table: THUYẾT MINH BÁO CÁO TÀI CHÍNH
Subheading: 3a. Phải thu khách hàng ngắn hạn
Item: Phải thu các khách hàng (Dự án BĐS) | Số cuối kỳ
Period: cuối
Value: 60.579.645.168
Note ref: V.3a
---
Table: THUYẾT MINH BÁO CÁO TÀI CHÍNH
Subheading: 3a. Phải thu khách hàng ngắn hạn
Item: Phải thu các khách hàng (Dự án BĐS) | Số đầu năm
Period: đầu
Value: 65.925.262.843
Note ref: V.3a",1,,337056,21806,,,,
161,Phân tích rủi ro thanh khoản nếu các khoản phải thu từ khách hàng tiếp tục giảm mạnh.,"Dựa trên số liệu hiện có:

**1. Thanh khoản và an toàn tài chính** (agent_liquidity_solvency)
- Các khoản phải thu ngắn hạn: đầu năm 401.680.516.983 đ, cuối năm 362.793.062.285 đ (giảm ~9,7 %).
- Phải thu dài hạn của khách hàng: đầu năm 11.256.809.243 đ, cuối năm 3.411.400.228 đ (giảm ~70 %).
- Tiền và các khoản tương đương tiền (cả tiền mặt và tiền gửi): cuối năm 80.000.000.000 đ.
- Nợ ngắn hạn: cuối năm 566.994.110.452 đ (đầu năm 895.630.596.406 đ).
- **Current Ratio** = (Tiền & khoản tương đương + Các khoản phải thu ngắn hạn) ÷ Nợ ngắn hạn = 442.817.147.952 ÷ 566.994.110.452 ≈ **0,78**.
- **Quick Ratio** = Tiền & khoản tương đương ÷ Nợ ngắn hạn = 80.000.000.000 ÷ 566.994.110.452 ≈ **0,14**.
- **Cash Ratio** ≈ **0,14** (vì tiền mặt gần như không đáng kể).
- Nếu các khoản phải thu tiếp tục giảm 10 % so với kỳ cuối, Current Ratio sẽ giảm xuống khoảng **0,70**.

*Nhận xét*:
- Current Ratio < 1, cho thấy công ty không đủ tài sản lưu động để trả hết nợ ngắn hạn ngay lập tức.
- Sự sụt giảm mạnh của phải thu (đặc biệt là phải thu dài hạn) làm giảm khả năng chuyển đổi sang tiền mặt.
- Nợ ngắn hạn dù đã giảm nhưng vẫn cao hơn tài sản lưu động khả dụng.
- Nếu xu hướng giảm AR tiếp tục, áp lực thanh khoản sẽ tăng đáng kể.

**2. Dòng tiền** (agent_cashflow_analysis)
- Tổng giảm các khoản phải thu trong kỳ: **‑46.732.863.713** đ.
- Lưu chuyển tiền thuần từ hoạt động kinh doanh năm nay: **36.158.929.436** đ (so với năm trước âm ‑4.379.663.565 đ).
- Tiền và các khoản tương đương tiền cuối năm: **80.000.000.000** đ, tăng **38.000.000.000** đ so với đầu năm.
- CFO dương chủ yếu do giảm các khoản phải thu và một số yếu tố phi tiền tệ khác.

*Nhận xét*:
- CFO dương và tăng tiền mặt hiện tại giảm thiểu rủi ro thanh khoản.
- Tuy nhiên, nếu giảm AR không còn là nguồn hỗ trợ tiền mặt (ví dụ doanh thu giảm), CFO có thể sụt giảm, làm giảm tiền mặt và tăng rủi ro thanh khoản.
- Công ty sẽ phụ thuộc vào các nguồn tài trợ bên ngoài (vay ngắn hạn, phát hành cổ phiếu) hoặc cắt giảm chi phí nếu CFO giảm.

**Kết luận tổng thể**
Rủi ro thanh khoản hiện tại còn ở mức **cao**, do Current Ratio < 1 và Quick Ratio rất thấp, mặc dù CFO dương và tiền mặt tăng. Nếu xu hướng giảm mạnh các khoản phải thu tiếp tục, khả năng thanh khoản sẽ suy giảm nghiêm trọng. Công ty cần **giám sát chặt chẽ AR**, **tăng tốc thu hồi nợ**, và **đảm bảo duy trì CFO** ít nhất bằng mức nhu cầu tài trợ lưu động để tránh áp lực thanh khoản trong tương lai.","Nếu các khoản phải thu từ khách hàng tiếp tục giảm mạnh mà không phải do thu hồi tiền mặt nhanh chóng hoặc doanh số giảm, điều này tiềm ẩn rủi ro thanh khoản. Mặc dù việc giảm phải thu có thể do khách hàng thanh toán nhanh hơn, nhưng nếu là do giảm doanh số bán hàng hoặc do các khoản phải thu trở nên khó đòi và phải xóa sổ/trích lập dự phòng, nó sẽ ảnh hưởng tiêu cực đến dòng tiền hoạt động. Công ty có thể gặp khó khăn trong việc duy trì hoạt động kinh doanh và thanh toán các nghĩa vụ ngắn hạn nếu nguồn tiền từ bán hàng bị suy giảm hoặc không được chuyển đổi thành tiền mặt kịp thời. Đặc biệt, đối với ngành bất động sản với chu kỳ thanh toán dài, việc quản lý dòng tiền từ các khoản phải thu là rất quan trọng.",54,"Table: BẢNG CÂN ĐỐI KẾ TOÁN
Item: Các khoản phải thu ngắn hạn | Số đầu năm
Period: đầu
Value: 401.680.516.983
---
Table: BẢNG CÂN ĐỐI KẾ TOÁN
Item: Các khoản phải thu ngắn hạn | Số cuối năm
Period: cuối
Value: 362.793.062.285
---
Table: BẢNG CÂN ĐỐI KẾ TOÁN
Item: Phải thu dài hạn của khách hàng | Số đầu năm
Period: đầu
Value: 11.256.809.243
Note ref: V.3b
---
Table: BẢNG CÂN ĐỐI KẾ TOÁN
Item: Phải thu dài hạn của khách hàng | Số cuối năm
Period: cuối
Value: 3.411.400.228
Note ref: V.3b
---
Table: THUYẾT MINH BÁO CÁO TÀI CHÍNH
Subheading: 1. Tiền và các khoản tương đương tiền
Item: Các khoản tương đương tiền | Số cuối năm
Period: cuối
Value: 80.000.000.000
Note ref: V.1
---
Table: THUYẾT MINH BÁO CÁO TÀI CHÍNH
Subheading: 1. Tiền và các khoản tương đương tiền
Item: Các khoản tương đương tiền | Số đầu năm
Period: đầu
Value: 42.000.000.000
Note ref: V.1
---
Table: THUYẾT MINH BÁO CÁO TÀI CHÍNH
Subheading: 1. Tiền và các khoản tương đương tiền
Item: Cộng | Số cuối năm
Period: cuối
Value: 97.964.405.114
Note ref: V.1
---
Table: THUYẾT MINH BÁO CÁO TÀI CHÍNH
Subheading: 1. Tiền và các khoản tương đương tiền
Item: Cộng | Số đầu năm
Period: đầu
Value: 60.575.342.749
Note ref: V.1
---
Table: THUYẾT MINH BÁO CÁO TÀI CHÍNH
Subheading: 1. Tiền và các khoản tương đương tiền
Item: Tiền mặt | Số cuối năm
Period: cuối
Value: 24.085.667
Note ref: V.1
---
Table: THUYẾT MINH BÁO CÁO TÀI CHÍNH
Item: 3a. Phải thu khách hàng ngắn hạn | Phải thu các khách hàng (Dự án BĐS)
Value: Số cuối kỳ: 60.579.645.168 | Số đầu năm: 65.925.262.843
---
Table: THUYẾT MINH BÁO CÁO TÀI CHÍNH
Item: 3a. Phải thu khách hàng ngắn hạn | Các khách hàng khác
Value: Số cuối kỳ: 23.117.888.363 | Số đầu năm: 18.417.568.707
---
Table: THUYẾT MINH BÁO CÁO TÀI CHÍNH
Item: Thuyết minh 4: Các khoản phải thu
Value: Các khoản nợ phải thu được trình bày theo giá trị ghi sổ trừ đi các khoản dự phòng phải thu khó đòi. Việc phân loại các khoản phải thu là phải thu khách hàng và phải thu khác được thực hiện theo nguyên tắc sau: Phải thu của khách hàng phản ánh các khoản phải thu mang tính chất thương mại phát sinh từ giao dịch có tính chất mua – bán giữa Công ty và người mua là đơn vị độc lập với Công ty. Phải thu khác phản ánh các khoản phải thu không có tính thương mại, không liên quan đến giao dịch mua – bán.
---
Table: THUYẾT MINH BÁO CÁO TÀI CHÍNH
Subheading: 3a. Phải thu khách hàng ngắn hạn
Item: Cộng | Số cuối kỳ
Period: cuối
Value: 83.697.533.531
Note ref: V.3a
---
Table: THUYẾT MINH BÁO CÁO TÀI CHÍNH
Item: 3b. Phải thu khách hàng dài hạn
Value: Là các khoản phải thu khách hàng mua bất động sản Dự án Apec Aquapark Bắc Giang theo chính sách bán hàng trả chậm, có thời gian thanh toán còn lại trên 12 tháng kể từ ngày kết thúc kỳ kế toán
---
Table: BẢNG CÂN ĐỐI KẾ TOÁN
Subheading: Tổng nợ ngắn hạn
Item: I. Nợ ngắn hạn | Số cuối năm
Period: cuối
Value: 566.994.110.452
---
Table: BẢNG CÂN ĐỐI KẾ TOÁN
Subheading: Tổng nợ ngắn hạn
Item: I. Nợ ngắn hạn | Số đầu năm
Period: đầu
Value: 895.630.596.406
---
Table: THUYẾT MINH BÁO CÁO TÀI CHÍNH
Item: 18a. Vay ngắn hạn | Chuyển sang nợ vay ngắn hạn
Value: Khoản mục: Chuyển sang nợ vay ngắn hạn | Số cuối kỳ Giá trị: (19.424.900.000) | Số cuối kỳ Khả năng trả nợ: (19.424.900.000) | Trong kỳ Giảm: 19.424.900.000 | Số đầu kỳ Giá trị: - | Số đầu kỳ Khả năng trả nợ: -
---
Table: THUYẾT MINH BÁO CÁO TÀI CHÍNH
Subheading: 18a. Vay ngắn hạn
Item: a) Vay ngắn hạn | Số cuối kỳ Khả năng trả nợ
Period: cuối
Value: 156.502.422.354
Note ref: V.18a
---
Table: THUYẾT MINH BÁO CÁO TÀI CHÍNH
Subheading: 18a. Vay ngắn hạn
Item: a) Vay ngắn hạn | Số đầu kỳ Khả năng trả nợ
Period: đầu
Value: 380.475.557.454
Note ref: V.18a
---
Table: THUYẾT MINH BÁO CÁO TÀI CHÍNH
Item: 17a. Phải trả ngắn hạn khác | Các khoản phải trả ngắn hạn khác
Value: Số cuối kỳ: 3.010.459.022 | Số đầu năm: 35.240.039
---
Table: THUYẾT MINH BÁO CÁO TÀI CHÍNH
Subheading: 17a. Phải trả ngắn hạn khác
Item: Các khoản phải trả ngắn hạn khác | Số cuối kỳ
Period: cuối
Value: 3.010.459.022
Note ref: V.17a
---
Table: THUYẾT MINH BÁO CÁO TÀI CHÍNH
Subheading: 17a. Phải trả ngắn hạn khác
Item: Các khoản phải trả ngắn hạn khác | Số đầu năm
Period: đầu
Value: 35.240.039
Note ref: V.17a
---
Table: THUYẾT MINH BÁO CÁO TÀI CHÍNH
Item: Thuyết minh 13: Phải trả người bán ngắn hạn | Phải trả các bên liên quan
Value: Số cuối kỳ: 44.740.534.882 | Số đầu năm: 42.763.541.686
---
Table: THUYẾT MINH BÁO CÁO TÀI CHÍNH
Item: Thuyết minh 13: Phải trả người bán ngắn hạn | Phải trả các nhà cung cấp khác
Value: Số cuối kỳ: 26.265.437.526 | Số đầu năm: 46.581.188.492
---
Table: BẢNG CÂN ĐỐI KẾ TOÁN
Subheading: Tổng vốn chủ sở hữu
Item: D - NGUỒN VỐN CHỦ SỞ HỮU | Số đầu năm
Period: đầu
Value: 895.094.437.312
---
Table: BẢNG CÂN ĐỐI KẾ TOÁN
Subheading: Tổng vốn chủ sở hữu
Item: D - NGUỒN VỐN CHỦ SỞ HỮU | Số cuối năm
Period: cuối
Value: 884.244.721.299
---
Table: THUYẾT MINH BÁO CÁO TÀI CHÍNH
Subheading: 19a. Bảng đối chiếu biến động của vốn chủ sở hữu — Kỳ này
Item: Số dư đầu năm | Cộng
Value: 895.094.437.312
Note ref: V.19a
---
Table: THUYẾT MINH BÁO CÁO TÀI CHÍNH
Subheading: 19a. Bảng đối chiếu biến động của vốn chủ sở hữu — Kỳ này
Item: Số dư cuối kỳ | Cộng
Value: 884.244.721.299
Note ref: V.19a
---
Table: THUYẾT MINH BÁO CÁO TÀI CHÍNH
Subheading: 19a. Bảng đối chiếu biến động của vốn chủ sở hữu — Kỳ trước
Item: Số dư cuối kỳ | Cộng
Value: 895.094.437.312
Note ref: V.19a
---
Table: BÁO CÁO LƯU CHUYỂN TIỀN TỆ
Item: Lưu chuyển tiền thuần từ hoạt động kinh doanh | Năm nay
Value: 36.158.929.436
---
Table: BÁO CÁO LƯU CHUYỂN TIỀN TỆ
Item: Lưu chuyển tiền thuần từ hoạt động kinh doanh | Năm trước
Value: (4.379.663.565)
---
Table: THUYẾT MINH BÁO CÁO TÀI CHÍNH
Subheading: 1. Doanh thu bán hàng và cung cấp dịch vụ
Item: Cộng | Luỹ kế từ đầu năm đến cuối kỳ này Năm nay
Value: 209.580.465.103
Note ref: V.1
---
Table: THUYẾT MINH BÁO CÁO TÀI CHÍNH
Subheading: 1. Doanh thu bán hàng và cung cấp dịch vụ
Item: Cộng | Luỹ kế từ đầu năm đến cuối kỳ này Năm trước
Value: 200.062.416.867
Note ref: V.1
---
Table: THUYẾT MINH BÁO CÁO TÀI CHÍNH
Item: Thuyết minh 1: Doanh thu bán hàng và cung cấp dịch vụ | Doanh thu cung cấp dịch vụ, cho thuê mặt bằng
Value: Luỹ kế từ đầu năm đến cuối kỳ này Năm nay: 5.168.271.585 | Luỹ kế từ đầu năm đến cuối kỳ này Năm trước: 7.582.607.948
---
Table: THUYẾT MINH BÁO CÁO TÀI CHÍNH
Item: Thuyết minh 1: Doanh thu bán hàng và cung cấp dịch vụ | Doanh thu bán hàng hóa
Value: Luỹ kế từ đầu năm đến cuối kỳ này Năm nay: 16.668.489.482 | Luỹ kế từ đầu năm đến cuối kỳ này Năm trước: 10.481.414.367
---
Table: THUYẾT MINH BÁO CÁO TÀI CHÍNH
Subheading: 1. Doanh thu bán hàng và cung cấp dịch vụ
Item: Doanh thu bán hàng hóa | Luỹ kế từ đầu năm đến cuối kỳ này Năm nay
Value: 16.668.489.482
Note ref: V.1
---
Table: THUYẾT MINH BÁO CÁO TÀI CHÍNH
Subheading: 3a. Phải thu khách hàng ngắn hạn
Item: Cộng | Số đầu năm
Period: đầu
Value: 84.342.831.550
Note ref: V.3a
---
Table: THUYẾT MINH BÁO CÁO TÀI CHÍNH
Subheading: 3a. Phải thu khách hàng ngắn hạn
Item: Phải thu các khách hàng (Dự án BĐS) | Số cuối kỳ
Period: cuối
Value: 60.579.645.168
Note ref: V.3a
---
Table: THUYẾT MINH BÁO CÁO TÀI CHÍNH
Item: Thuyết minh 6: Các khoản phải thu khác | Các khoản phải thu ngắn hạn khác
Value: Số cuối kỳ Giá trị: 5.727.143.845 | Số cuối kỳ Dự phòng: - | Số đầu năm Giá trị: 5.659.974.185 | Số đầu năm Dự phòng: -
---
Table: THUYẾT MINH BÁO CÁO TÀI CHÍNH
Subheading: 3a. Phải thu khách hàng ngắn hạn
Item: Phải thu các khách hàng (Dự án BĐS) | Số đầu năm
Period: đầu
Value: 65.925.262.843
Note ref: V.3a
---
Table: THUYẾT MINH BÁO CÁO TÀI CHÍNH
Item: Thuyết minh 6: Các khoản phải thu khác | Các khoản phải thu dài hạn khác
Value: Số cuối kỳ Giá trị: 328.250.000 | Số cuối kỳ Dự phòng: - | Số đầu năm Giá trị: 31.250.000 | Số đầu năm Dự phòng: -
---
Table: THUYẾT MINH BÁO CÁO TÀI CHÍNH
Item: Thuyết minh 6: Các khoản phải thu khác | Các khoản ký quỹ, ký cược khác
Value: Số cuối kỳ Giá trị: 1.461.098.582 | Số cuối kỳ Dự phòng: - | Số đầu năm Giá trị: 1.461.098.582 | Số đầu năm Dự phòng: -
---
Table: THUYẾT MINH BÁO CÁO TÀI CHÍNH
Item: Thuyết minh 6: Các khoản phải thu khác | Dự thu các khoản lãi tiền gửi có kỳ hạn, lãi cho vay khác
Value: Số cuối kỳ Giá trị: 10.484.971.014 | Số cuối kỳ Dự phòng: - | Số đầu năm Giá trị: 9.087.213.733 | Số đầu năm Dự phòng: -
---
Table: THUYẾT MINH BÁO CÁO TÀI CHÍNH
Subheading: 6. Các khoản phải thu khác
Item: Công ty TNHH Xử lý Môi trường Từ Sơn | Số cuối kỳ Giá trị
Period: cuối
Value: 7.944.624.105
Note ref: V.6
---
Table: THUYẾT MINH BÁO CÁO TÀI CHÍNH
Subheading: 6. Các khoản phải thu khác
Item: Công ty TNHH Xử lý Môi trường Từ Sơn | Số đầu năm Giá trị
Period: đầu
Value: 7.944.624.105
Note ref: V.6
---
Table: THUYẾT MINH BÁO CÁO TÀI CHÍNH
Subheading: 3a. Phải thu khách hàng ngắn hạn
Item: Các khách hàng khác | Số đầu năm
Period: đầu
Value: 18.417.568.707
Note ref: V.3a
---
Table: THUYẾT MINH BÁO CÁO TÀI CHÍNH
Subheading: 3a. Phải thu khách hàng ngắn hạn
Item: Các khách hàng khác | Số cuối kỳ
Period: cuối
Value: 23.117.888.363
Note ref: V.3a
---
Table: THUYẾT MINH BÁO CÁO TÀI CHÍNH
Item: Thuyết minh 15: Thuế và các khoản phải nộp Nhà nước | Thuế và các khoản phải nộp Nhà Nước
Value: Số cuối kỳ: 189.777.117 | Số đầu năm: 572.128.041
---
Table: THUYẾT MINH BÁO CÁO TÀI CHÍNH
Item: Thuyết minh 2: Các khoản giảm trừ doanh thu | Doanh thu
Value: Năm trước: 17.812.053.373
---
Table: THUYẾT MINH BÁO CÁO TÀI CHÍNH
Subheading: 2. Các khoản giảm trừ doanh thu
Item: Doanh thu | Năm trước
Value: 17.812.053.373
Note ref: V.2
---
Table: THUYẾT MINH BÁO CÁO TÀI CHÍNH
Subheading: 2. Các khoản giảm trừ doanh thu
Item: Cộng | Năm trước
Value: 17.812.053.373
Note ref: V.2
---
Table: THUYẾT MINH BÁO CÁO TÀI CHÍNH
Subheading: 6. Các khoản phải thu khác
Item: Công ty Cổ phần Quản lý Khách sạn & Dịch vụ Mandala | Số cuối kỳ Giá trị
Period: cuối
Value: 12.000.000.000
Note ref: V.6
---
Table: THUYẾT MINH BÁO CÁO TÀI CHÍNH
Subheading: 6. Các khoản phải thu khác
Item: Công ty Cổ phần Quản lý Khách sạn & Dịch vụ Mandala | Số đầu năm Giá trị
Period: đầu
Value: 2.406.535.958
Note ref: V.6
---
Table: THUYẾT MINH BÁO CÁO TÀI CHÍNH
Item: Thuyết minh 4: Các khoản phải thu
Value: Tăng, giảm số dư dự phòng nợ phải thu khó đòi cần phải trích lập tại ngày kết thúc năm tài chính được ghi nhận vào chi phí quản lý doanh nghiệp.",1,,362835,38732,,,,
162,Giải thích tác động của chính sách trả chậm đối với các khoản phải thu dài hạn của khách hàng đến dòng tiền của công ty.,"Dựa trên số liệu hiện có:

**1. Dòng tiền**
- Phải thu dài hạn của khách hàng (đầu năm): 11 256 809 243 đồng (BẢNG CÂN ĐỐI KẾ TOÁN, note V.3b)
- Phải thu dài hạn của khách hàng (cuối năm): 3 411 400 228 đồng (BẢNG CÂN ĐỐI KẾ TOÁN, note V.3b)
- Thay đổi = 11 256 809 243 − 3 411 400 228 = 7 845 409 015 đồng (giảm) → khoảng 7,85 tỷ đồng tiền được giải phóng khỏi khoản phải thu (công thức: Đầu kỳ − Cuối kỳ)
- Lưu chuyển tiền thuần từ hoạt động kinh doanh năm nay: 36 158 929 436 đồng (BÁO CÁO LƯU CHUYỂN TIỀN TỆ)

*Nhận xét*:
- Chính sách bán hàng trả chậm gây tồn dư phải thu dài hạn, nhưng công ty đã thu được ~7,85 tỷ đồng trong năm, giảm nợ và hỗ trợ lưu chuyển tiền từ hoạt động kinh doanh.
- CFO vẫn dương mạnh (36,16 tỷ đồng); dù giảm phải thu dài hạn cho thấy lợi nhuận kế toán chuyển thành tiền mặt, nhưng nếu phải thu dài hạn tăng lại do tiếp tục áp dụng chính sách, CFO có thể bị kìm hãm.
- Khoản phải thu dài hạn còn 3,41 tỷ đồng cuối kỳ, công ty cần quản lý thời gian thu hồi để tránh áp lực thanh khoản.

**Kết luận tổng thể**
Chính sách trả chậm đã giảm đáng kể khoản phải thu dài hạn, giải phóng khoảng 7,85 tỷ đồng vào lưu chuyển tiền hoạt động, hỗ trợ dòng tiền hiện tại. Tuy nhiên, tồn dư phải thu dài hạn vẫn còn 3,41 tỷ đồng, vì vậy công ty cần duy trì kiểm soát thu hồi nợ để tránh ảnh hưởng tiêu cực tới thanh khoản trong các kỳ tiếp theo.","Chính sách trả chậm đối với các khoản phải thu dài hạn của khách hàng (như tại Dự án Apec Aqua Park Bắc Giang) có tác động đáng kể đến dòng tiền của công ty. Mặc dù chính sách này có thể giúp công ty thu hút khách hàng và thúc đẩy doanh số, nó lại làm chậm quá trình thu tiền mặt. Thay vì nhận tiền ngay lập tức, công ty phải chờ đợi trong một khoảng thời gian dài hơn (trên 12 tháng) để thu hồi các khoản nợ này. Điều này làm giảm lưu chuyển tiền tệ từ hoạt động kinh doanh trong ngắn hạn, đòi hỏi công ty phải tìm kiếm các nguồn tài trợ khác (ví dụ: vay nợ) để bù đắp thâm hụt tiền mặt và duy trì hoạt động. Nếu công ty có nhiều dự án áp dụng chính sách trả chậm, rủi ro thanh khoản có thể tăng lên nếu việc quản lý dòng tiền không hiệu quả.",33,"Table: BẢNG CÂN ĐỐI KẾ TOÁN
Item: Phải thu dài hạn của khách hàng | Số đầu năm
Period: đầu
Value: 11.256.809.243
Note ref: V.3b
---
Table: BẢNG CÂN ĐỐI KẾ TOÁN
Item: Phải thu dài hạn của khách hàng | Số cuối năm
Period: cuối
Value: 3.411.400.228
Note ref: V.3b
---
Table: BẢNG CÂN ĐỐI KẾ TOÁN
Item: Phải thu dài hạn khác | Số cuối năm
Period: cuối
Value: 27.431.011.835
Note ref: V.6b
---
Table: BẢNG CÂN ĐỐI KẾ TOÁN
Item: Phải thu dài hạn khác | Số đầu năm
Period: đầu
Value: 27.134.011.835
Note ref: V.6b
---
Table: THUYẾT MINH BÁO CÁO TÀI CHÍNH
Item: 3b. Phải thu khách hàng dài hạn
Value: Là các khoản phải thu khách hàng mua bất động sản Dự án Apec Aquapark Bắc Giang theo chính sách bán hàng trả chậm, có thời gian thanh toán còn lại trên 12 tháng kể từ ngày kết thúc kỳ kế toán
---
Table: THUYẾT MINH BÁO CÁO TÀI CHÍNH
Item: Thuyết minh 4: Các khoản phải thu
Value: Các khoản nợ phải thu được trình bày theo giá trị ghi sổ trừ đi các khoản dự phòng phải thu khó đòi. Việc phân loại các khoản phải thu là phải thu khách hàng và phải thu khác được thực hiện theo nguyên tắc sau: Phải thu của khách hàng phản ánh các khoản phải thu mang tính chất thương mại phát sinh từ giao dịch có tính chất mua – bán giữa Công ty và người mua là đơn vị độc lập với Công ty. Phải thu khác phản ánh các khoản phải thu không có tính thương mại, không liên quan đến giao dịch mua – bán.
---
Table: THUYẾT MINH BÁO CÁO TÀI CHÍNH
Item: 3a. Phải thu khách hàng ngắn hạn | Các khách hàng khác
Value: Số cuối kỳ: 23.117.888.363 | Số đầu năm: 18.417.568.707
---
Table: THUYẾT MINH BÁO CÁO TÀI CHÍNH
Item: 3a. Phải thu khách hàng ngắn hạn | Phải thu các khách hàng (Dự án BĐS)
Value: Số cuối kỳ: 60.579.645.168 | Số đầu năm: 65.925.262.843
---
Table: THUYẾT MINH BÁO CÁO TÀI CHÍNH
Subheading: 6. Các khoản phải thu khác
Item: b) Dài hạn | Số cuối kỳ Giá trị
Period: cuối
Value: 27.431.011.835
Note ref: V.6
---
Table: BÁO CÁO LƯU CHUYỂN TIỀN TỆ
Item: Lưu chuyển tiền thuần từ hoạt động kinh doanh | Năm nay
Value: 36.158.929.436
---
Table: BÁO CÁO LƯU CHUYỂN TIỀN TỆ
Item: Lưu chuyển tiền thuần từ hoạt động kinh doanh | Năm trước
Value: (4.379.663.565)
---
Table: THUYẾT MINH BÁO CÁO TÀI CHÍNH
Subheading: 6. Các khoản phải thu khác
Item: b) Dài hạn | Số đầu năm Giá trị
Period: đầu
Value: 27.134.011.835
Note ref: V.6
---
Table: THUYẾT MINH BÁO CÁO TÀI CHÍNH
Item: Thuyết minh 6: Các khoản phải thu khác | Các khoản phải thu dài hạn khác
Value: Số cuối kỳ Giá trị: 328.250.000 | Số cuối kỳ Dự phòng: - | Số đầu năm Giá trị: 31.250.000 | Số đầu năm Dự phòng: -
---
Table: THUYẾT MINH BÁO CÁO TÀI CHÍNH
Item: Thuyết minh 6: Các khoản phải thu khác | b) Dài hạn
Value: Số cuối kỳ Giá trị: 27.431.011.835 | Số cuối kỳ Dự phòng: - | Số đầu năm Giá trị: 27.134.011.835 | Số đầu năm Dự phòng: -
---
Table: THUYẾT MINH BÁO CÁO TÀI CHÍNH
Item: 17a. Phải trả ngắn hạn khác | Các khoản phải trả ngắn hạn khác
Value: Số cuối kỳ: 3.010.459.022 | Số đầu năm: 35.240.039
---
Table: THUYẾT MINH BÁO CÁO TÀI CHÍNH
Item: Thuyết minh 6: Các khoản phải thu khác | Dự thu các khoản lãi tiền gửi có kỳ hạn, lãi cho vay khác
Value: Số cuối kỳ Giá trị: 10.484.971.014 | Số cuối kỳ Dự phòng: - | Số đầu năm Giá trị: 9.087.213.733 | Số đầu năm Dự phòng: -
---
Table: THUYẾT MINH BÁO CÁO TÀI CHÍNH
Item: Thuyết minh 6: Các khoản phải thu khác | Các khoản phải thu ngắn hạn khác
Value: Số cuối kỳ Giá trị: 5.727.143.845 | Số cuối kỳ Dự phòng: - | Số đầu năm Giá trị: 5.659.974.185 | Số đầu năm Dự phòng: -
---
Table: THUYẾT MINH BÁO CÁO TÀI CHÍNH
Subheading: 6. Các khoản phải thu khác
Item: Các khoản phải thu dài hạn khác | Số cuối kỳ Giá trị
Period: cuối
Value: 328.250.000
Note ref: V.6
---
Table: THUYẾT MINH BÁO CÁO TÀI CHÍNH
Subheading: 6. Các khoản phải thu khác
Item: Các khoản phải thu dài hạn khác | Số đầu năm Giá trị
Period: đầu
Value: 31.250.000
Note ref: V.6
---
Table: THUYẾT MINH BÁO CÁO TÀI CHÍNH
Item: Thuyết minh 8: Chi phí trả trước dài hạn | Các chi phí trả trước dài hạn khác
Value: Số đầu năm: 77.774.900
---
Table: THUYẾT MINH BÁO CÁO TÀI CHÍNH
Item: Thuyết minh 16: Chi phí phải trả ngắn hạn | Các chi phí phải trả ngắn hạn khác
Value: Số cuối kỳ: - | Số đầu năm: 1.767.586.446
---
Table: THUYẾT MINH BÁO CÁO TÀI CHÍNH
Item: Thuyết minh báo cáo tài chính
Value: 11. Các khoản nợ phải trả và chi phí phải trả Các khoản nợ phải trả và chi phí phải trả được ghi nhận cho số tiền phải trả trong tương lai liên quan đến hàng hóa và dịch vụ đã nhận được. Chi phí phải trả được ghi nhận dựa trên các ước tính hợp lý về số tiền phải trả. Việc phân loại các khoản phải trả là phải trả người bán, chi phí phải trả, và phải trả khác được thực hiện theo nguyên tắc sau: Phải trả người bán phản ánh các khoản phải trả mang tính chất thương mại phát sinh từ giao dịch mua hàng hóa, dịch vụ, tài sản và người bán là đơn vị độc lập với Công ty. Chi phí phải trả phản ánh các khoản phải trả cho hàng hóa, dịch vụ đã nhận được từ người bán hoặc đã cung cấp cho người mua nhưng chưa chi trả do chưa có hóa đơn hoặc chưa đủ hồ sơ, tài liệu kế toán và các khoản phải trả cho người lao động về tiền lương nghỉ phép, các khoản chi phí sản xuất, kinh doanh phải trích trước. Phải trả khác phản ánh các khoản phải trả không có tính thương mại, không liên quan đến giao dịch mua, bán, cung cấp hàng hóa dịch vụ. Các khoản nợ phải trả và chi phí phải trả được phân loại ngắn hạn và dài hạn trên Bảng cân đối kế toán căn cứ theo kỳ hạn còn lại tại ngày kết thúc năm tài chính.
---
Table: THUYẾT MINH BÁO CÁO TÀI CHÍNH
Subheading: 17b. Phải trả dài hạn khác
Item: Cộng | Số cuối kỳ
Period: cuối
Value: 46.440.397.112
Note ref: V.17b
---
Table: THUYẾT MINH BÁO CÁO TÀI CHÍNH
Subheading: 17b. Phải trả dài hạn khác
Item: Cộng | Số đầu năm
Period: đầu
Value: 45.889.440.931
Note ref: V.17b
---
Table: THUYẾT MINH BÁO CÁO TÀI CHÍNH
Subheading: 17b. Phải trả dài hạn khác
Item: Ký quỹ, ký cược | Số cuối kỳ
Period: cuối
Value: 580.391.636
Note ref: V.17b
---
Table: THUYẾT MINH BÁO CÁO TÀI CHÍNH
Subheading: 17b. Phải trả dài hạn khác
Item: Ký quỹ, ký cược | Số đầu năm
Period: đầu
Value: 29.435.455
Note ref: V.17b
---
Table: THUYẾT MINH BÁO CÁO TÀI CHÍNH
Item: 18a. Vay ngắn hạn | b) Vay dài hạn
Value: Khoản mục: b) Vay dài hạn | Số cuối kỳ Giá trị: 165.014.900.000 | Số cuối kỳ Khả năng trả nợ: 165.014.900.000 | Trong kỳ Tăng: 114.959.800.000 | Trong kỳ Giảm: 19.424.900.000 | Số đầu kỳ Giá trị: 69.480.000.000 | Số đầu kỳ Khả năng trả nợ: 69.480.000.000
---
Table: THUYẾT MINH BÁO CÁO TÀI CHÍNH
Subheading: 17b. Phải trả dài hạn khác
Item: Công ty Cổ phần Bất động sản An Phát Land | Số cuối kỳ
Period: cuối
Value: 45.860.005.476
Note ref: V.17b
---
Table: THUYẾT MINH BÁO CÁO TÀI CHÍNH
Subheading: 17b. Phải trả dài hạn khác
Item: Công ty Cổ phần Bất động sản An Phát Land | Số đầu năm
Period: đầu
Value: 45.860.005.476
Note ref: V.17b
---
Table: THUYẾT MINH BÁO CÁO TÀI CHÍNH
Item: Thuyết minh 6: Các khoản phải thu khác | a) Ngắn hạn
Value: Số cuối kỳ Giá trị: 184.685.805.476 | Số cuối kỳ Dự phòng: - | Số đầu năm Giá trị: 176.837.852.532 | Số đầu năm Dự phòng: -
---
Table: THUYẾT MINH BÁO CÁO TÀI CHÍNH
Item: 17a. Phải trả ngắn hạn khác | Cổ tức, lợi nhuận phải trả
Value: Số cuối kỳ: 656.640.000 | Số đầu năm: 531.525.000
---
Table: THUYẾT MINH BÁO CÁO TÀI CHÍNH
Item: 17a. Phải trả ngắn hạn khác
Value: () Khoản nhận tiền góp vốn của các tổ chức, cá nhân vào các dự án Công ty đang thực hiện để được phân chia sản phẩm là nhà ở của Dự án mà không phải thông qua sàn giao dịch bất động sản. Khi các dự án đủ điều kiện pháp lý để ký hợp đồng mua bán và các bên ký hợp đồng mua bán nhà ở thì toàn bộ tiền vốn góp thực tế sẽ được chuyển thành khoản tiền thanh toán đầu tiên của Giá bán nhà ở.
---
Table: THUYẾT MINH BÁO CÁO TÀI CHÍNH
Item: Thuyết minh 16: Chi phí phải trả ngắn hạn | Chi phí lãi vay phải trả
Value: Số cuối kỳ: 11.570.981.974 | Số đầu năm: 13.826.762.941",1,,423109,22034,,,,
163,Tổng các khoản phải thu về cho vay ngắn hạn cuối kỳ là bao nhiêu VND?,Số cuối năm của khoản phải thu về cho vay ngắn hạn là 85.566.500.000 VND.,Tổng các khoản phải thu về cho vay ngắn hạn cuối kỳ là 85.566.500.000 VND.,1,"Table: BẢNG CÂN ĐỐI KẾ TOÁN
Item: Phải thu về cho vay ngắn hạn | Số cuối năm
Period: cuối
Value: 85.566.500.000
Note ref: V.5",1,,24766,6888,,,,
164,Số dư các khoản phải thu ngắn hạn khác cuối kỳ là bao nhiêu VND?,Số dư các khoản phải thu ngắn hạn khác cuối kỳ là 184.685.805.476 VND.,Số dư các khoản phải thu ngắn hạn khác cuối kỳ là 5.727.143.845 VND.,1,"Table: BẢNG CÂN ĐỐI KẾ TOÁN
Item: Phải thu ngắn hạn khác | Số cuối năm
Period: cuối
Value: 184.685.805.476
Note ref: V.6a",1,,12125,6817,,,,
165,Khoản cho vay ngắn hạn nào đã được thu hồi hoàn toàn trong kỳ?,"Dựa trên số liệu hiện có, không có khoản vay ngắn hạn nào được thu hồi hoàn toàn trong kỳ. Các khoản vay ngắn hạn như ""Vay ngắn hạn các cá nhân"" (Số đầu kỳ: 159.668.100.000, Giảm trong kỳ: 179.498.200.000, Số cuối kỳ: 17.219.900.000) và ""a) Vay ngắn hạn"" (Số đầu kỳ: 380.475.557.454, Giảm trong kỳ: 280.448.035.100, Số cuối kỳ: 156.502.422.354) đều còn dư giá trị ở cuối kỳ, nên không đạt mức thu hồi hoàn toàn.","Khoản cho vay ngắn hạn đối với Công ty TNHH Rose Paradise (lãi suất 15% năm) đã được thu hồi hoàn toàn trong kỳ, vì số dư cuối kỳ là 0 VND so với 9.000.000.000 VND đầu năm.",25,"Table: BẢNG CÂN ĐỐI KẾ TOÁN
Item: Phải thu về cho vay ngắn hạn | Số cuối năm
Period: cuối
Value: 85.566.500.000
Note ref: V.5
---
Table: THUYẾT MINH BÁO CÁO TÀI CHÍNH
Item: 18a. Vay ngắn hạn | Vay ngắn hạn các cá nhân
Value: Khoản mục: Vay ngắn hạn các cá nhân | Số cuối kỳ Giá trị: 17.219.900.000 | Số cuối kỳ Khả năng trả nợ: 17.219.900.000 | Trong kỳ Tăng: 37.050.000.000 | Trong kỳ Giảm: 179.498.200.000 | Số đầu kỳ Giá trị: 159.668.100.000 | Số đầu kỳ Khả năng trả nợ: 159.668.100.000
---
Table: THUYẾT MINH BÁO CÁO TÀI CHÍNH
Subheading: 18a. Vay ngắn hạn
Item: Vay ngắn hạn các cá nhân | Trong kỳ Giảm
Value: 179.498.200.000
Note ref: V.18a
---
Table: THUYẾT MINH BÁO CÁO TÀI CHÍNH
Item: 18a. Vay ngắn hạn | a) Vay ngắn hạn
Value: Khoản mục: a) Vay ngắn hạn | Số cuối kỳ Giá trị: 156.502.422.354 | Số cuối kỳ Khả năng trả nợ: 156.502.422.354 | Trong kỳ Tăng: 56.474.900.000 | Trong kỳ Giảm: 280.448.035.100 | Số đầu kỳ Giá trị: 380.475.557.454 | Số đầu kỳ Khả năng trả nợ: 380.475.557.454
---
Table: THUYẾT MINH BÁO CÁO TÀI CHÍNH
Subheading: 18a. Vay ngắn hạn
Item: a) Vay ngắn hạn | Trong kỳ Giảm
Value: 280.448.035.100
Note ref: V.18a
---
Table: THUYẾT MINH BÁO CÁO TÀI CHÍNH
Subheading: 18a. Vay ngắn hạn
Item: Tổng | Trong kỳ Giảm
Value: 299.872.935.100
Note ref: V.18a
---
Table: THUYẾT MINH BÁO CÁO TÀI CHÍNH
Subheading: 18a. Vay ngắn hạn
Item: b) Vay dài hạn | Trong kỳ Giảm
Value: 19.424.900.000
Note ref: V.18a
---
Table: THUYẾT MINH BÁO CÁO TÀI CHÍNH
Subheading: 18a. Vay ngắn hạn
Item: Chuyển sang nợ vay ngắn hạn | Trong kỳ Giảm
Value: 19.424.900.000
Note ref: V.18a
---
Table: THUYẾT MINH BÁO CÁO TÀI CHÍNH
Subheading: 18a. Vay ngắn hạn
Item: Vay ngắn hạn các cá nhân | Trong kỳ Tăng
Value: 37.050.000.000
Note ref: V.18a
---
Table: THUYẾT MINH BÁO CÁO TÀI CHÍNH
Item: Thuyết minh 6: Các khoản phải thu khác | Dự thu các khoản lãi tiền gửi có kỳ hạn, lãi cho vay khác
Value: Số cuối kỳ Giá trị: 10.484.971.014 | Số cuối kỳ Dự phòng: - | Số đầu năm Giá trị: 9.087.213.733 | Số đầu năm Dự phòng: -
---
Table: THUYẾT MINH BÁO CÁO TÀI CHÍNH
Subheading: 18a. Vay ngắn hạn
Item: Công ty Cổ phần Apec Land Huế | Trong kỳ Giảm
Value: 11.500.000.000
Note ref: V.18a
---
Table: THUYẾT MINH BÁO CÁO TÀI CHÍNH
Subheading: 18a. Vay ngắn hạn
Item: Vay dài hạn các cá nhân | Trong kỳ Tăng
Value: 114.959.800.000
Note ref: V.18a
---
Table: THUYẾT MINH BÁO CÁO TÀI CHÍNH
Subheading: 18a. Vay ngắn hạn
Item: Tổng | Trong kỳ Tăng
Value: 171.434.700.000
Note ref: V.18a
---
Table: THUYẾT MINH BÁO CÁO TÀI CHÍNH
Item: Thuyết minh 6: Các khoản phải thu khác | Các khoản phải thu ngắn hạn khác
Value: Số cuối kỳ Giá trị: 5.727.143.845 | Số cuối kỳ Dự phòng: - | Số đầu năm Giá trị: 5.659.974.185 | Số đầu năm Dự phòng: -
---
Table: THUYẾT MINH BÁO CÁO TÀI CHÍNH
Subheading: 18a. Vay ngắn hạn
Item: a) Vay ngắn hạn | Trong kỳ Tăng
Value: 56.474.900.000
Note ref: V.18a
---
Table: THUYẾT MINH BÁO CÁO TÀI CHÍNH
Item: 17a. Phải trả ngắn hạn khác | Các khoản phải trả ngắn hạn khác
Value: Số cuối kỳ: 3.010.459.022 | Số đầu năm: 35.240.039
---
Table: THUYẾT MINH BÁO CÁO TÀI CHÍNH
Item: Thuyết minh 6: Các khoản phải thu khác | Các khoản phải thu dài hạn khác
Value: Số cuối kỳ Giá trị: 328.250.000 | Số cuối kỳ Dự phòng: - | Số đầu năm Giá trị: 31.250.000 | Số đầu năm Dự phòng: -
---
Table: THUYẾT MINH BÁO CÁO TÀI CHÍNH
Item: Thuyết minh 6: Các khoản phải thu khác | a) Ngắn hạn
Value: Số cuối kỳ Giá trị: 184.685.805.476 | Số cuối kỳ Dự phòng: - | Số đầu năm Giá trị: 176.837.852.532 | Số đầu năm Dự phòng: -
---
Table: THUYẾT MINH BÁO CÁO TÀI CHÍNH
Subheading: 18a. Vay ngắn hạn
Item: b) Vay dài hạn | Trong kỳ Tăng
Value: 114.959.800.000
Note ref: V.18a
---
Table: THUYẾT MINH BÁO CÁO TÀI CHÍNH
Item: 18a. Vay ngắn hạn | Vay dài hạn các cá nhân
Value: Khoản mục: Vay dài hạn các cá nhân | Số cuối kỳ Giá trị: 184.439.800.000 | Số cuối kỳ Khả năng trả nợ: 184.439.800.000 | Trong kỳ Tăng: 114.959.800.000 | Số đầu kỳ Giá trị: 69.480.000.000 | Số đầu kỳ Khả năng trả nợ: 69.480.000.000
---
Table: THUYẾT MINH BÁO CÁO TÀI CHÍNH
Subheading: 18a. Vay ngắn hạn
Item: Kết chuyển từ vay và nợ dài hạn | Trong kỳ Tăng
Value: 19.424.900.000
Note ref: V.18a
---
Table: THUYẾT MINH BÁO CÁO TÀI CHÍNH
Subheading: 18a. Vay ngắn hạn
Item: Công ty Cổ phần Lagoon Lăng Cô | Trong kỳ Giảm
Value: 89.449.835.100
Note ref: V.18a
---
Table: THUYẾT MINH BÁO CÁO TÀI CHÍNH
Item: Các khoản cho vay
Value: Các khoản cho vay được xác định theo giá gốc trừ đi các khoản dự phòng phải thu khó đòi. Dự phòng phải thu khó đòi của các khoản cho vay được lập căn cứ vào dự kiến mức tổn thất có thể xảy ra.
---
Table: THUYẾT MINH BÁO CÁO TÀI CHÍNH
Item: Thuyết minh 5: Phải thu về cho vay ngắn hạn
Value: Là các khoản cho vay Bên liên quan, bao gồm:
---
Table: THUYẾT MINH BÁO CÁO TÀI CHÍNH
Item: 18a. Vay ngắn hạn | Chuyển sang nợ vay ngắn hạn
Value: Khoản mục: Chuyển sang nợ vay ngắn hạn | Số cuối kỳ Giá trị: (19.424.900.000) | Số cuối kỳ Khả năng trả nợ: (19.424.900.000) | Trong kỳ Giảm: 19.424.900.000 | Số đầu kỳ Giá trị: - | Số đầu kỳ Khả năng trả nợ: -",1,,101410,19500,,,,
166,So sánh lãi vay phải thu từ CTCP Tập đoàn Apec cuối kỳ với đầu năm.,"Cuối kỳ, khoản phải thu lãi cho vay của CTCP Tập đoàn Apec là 36.149.068.494 VNĐ; đầu năm là 25.778.630.137 VNĐ.","Lãi vay phải thu từ CTCP Tập đoàn Apec cuối kỳ là 36.149.068.494 VND, còn đầu năm là 25.778.630.137 VND. Khoản này đã tăng lên.",10,"Table: THUYẾT MINH BÁO CÁO TÀI CHÍNH
Item: Thuyết minh 6: Các khoản phải thu khác | Công ty Cổ phần Tập đoàn Apec Group - phải thu về lãi cho vay
Value: Số cuối kỳ Giá trị: 36.149.068.494 | Số cuối kỳ Dự phòng: - | Số đầu năm Giá trị: 25.778.630.137 | Số đầu năm Dự phòng: -
---
Table: THUYẾT MINH BÁO CÁO TÀI CHÍNH
Item: Thuyết minh 5: Phải thu về cho vay ngắn hạn | Cộng
Value: Số cuối kỳ: 85.566.500.000 | Số đầu năm: 124.566.500.000
---
Table: THUYẾT MINH BÁO CÁO TÀI CHÍNH
Item: Thuyết minh 5: Phải thu về cho vay ngắn hạn | Công ty Cổ phần Thương mại và Du lịch Kim Bôi (lãi suất 13%/năm)
Value: Số cuối kỳ: 9.888.000.000 | Số đầu năm: 9.888.000.000
---
Table: THUYẾT MINH BÁO CÁO TÀI CHÍNH
Item: Thuyết minh 6: Các khoản phải thu khác | Dự thu các khoản lãi tiền gửi có kỳ hạn, lãi cho vay khác
Value: Số cuối kỳ Giá trị: 10.484.971.014 | Số cuối kỳ Dự phòng: - | Số đầu năm Giá trị: 9.087.213.733 | Số đầu năm Dự phòng: -
---
Table: THUYẾT MINH BÁO CÁO TÀI CHÍNH
Item: Thuyết minh 5: Phải thu về cho vay ngắn hạn | Công ty TNHH Đầu tư Châu Á - Thái Bình Dương - Bắc Ninh (lãi suất 12%/năm)
Value: Số cuối kỳ: 7.000.000.000 | Số đầu năm: 7.000.000.000
---
Table: THUYẾT MINH BÁO CÁO TÀI CHÍNH
Item: Thuyết minh 5: Phải thu về cho vay ngắn hạn
Value: Là các khoản cho vay Bên liên quan, bao gồm:
---
Table: THUYẾT MINH BÁO CÁO TÀI CHÍNH
Subheading: 6. Các khoản phải thu khác
Item: Công ty Cổ phần Tập đoàn Apec Group - phải thu về lãi cho vay | Số cuối kỳ Giá trị
Period: cuối
Value: 36.149.068.494
Note ref: V.6
---
Table: THUYẾT MINH BÁO CÁO TÀI CHÍNH
Subheading: 6. Các khoản phải thu khác
Item: Dự thu các khoản lãi tiền gửi có kỳ hạn, lãi cho vay khác | Số đầu năm Giá trị
Period: đầu
Value: 9.087.213.733
Note ref: V.6
---
Table: THUYẾT MINH BÁO CÁO TÀI CHÍNH
Subheading: 1. Doanh thu bán hàng và cung cấp dịch vụ
Item: Doanh thu cho thuê lại đất | Luỹ kế từ đầu năm đến cuối kỳ này Năm trước
Value: 8.468.436.030
Note ref: V.1
---
Table: THUYẾT MINH BÁO CÁO TÀI CHÍNH
Subheading: 6. Các khoản phải thu khác
Item: Công ty Cổ phần Tập đoàn Apec Group - phải thu về lãi cho vay | Số đầu năm Giá trị
Period: đầu
Value: 25.778.630.137
Note ref: V.6",1,,43735,10224,,,,
167,Đánh giá rủi ro từ các khoản phải thu về cho vay ngắn hạn với lãi suất 0%.,"Dựa trên số liệu hiện có:

**2. Thanh khoản và an toàn tài chính** (agent_liquidity_solvency)
- **Phải thu về cho vay ngắn hạn (lãi suất 0%)**: 124,566,500,000 đầu năm → 85,566,500,000 cuối năm (BẢNG CÂN ĐỐI KẾ TOÁN).
- **Dự phòng phải thu ngắn hạn khó đòi**: 1,776,021,051 đầu năm → 2,905,382,051 cuối năm (BẢNG CÂN ĐỐI KẾ TOÁN).
- **Giá trị thuần thực tế của khoản vay ngắn hạn** (giá trị gốc – dự phòng):
  - Đầu năm: 122,790,478,949 VND
  - Cuối năm: 82,661,117,949 VND (tính từ các số trên) (BẢNG CÂN ĐỐI KẾ TOÁN).
- **Tỷ lệ dự phòng trên giá trị gốc cuối kỳ**: 2,905,382,051 ÷ 85,566,500,000 ≈ **3.4 %** (agent_liquidity_solvency).
- **Tiền và các khoản tương đương tiền**: 80 tỷ VND (BẢNG CÂN ĐỐI KẾ TOÁN) – cho thấy tài sản ngắn hạn chủ yếu là tiền mặt.

*Nhận xét*:
- Khoản vay ngắn hạn đã giảm khoảng **42 tỷ VND** trong năm, đồng thời dự phòng khó đòi tăng **~1.13 tỷ VND**, phản ánh mức rủi ro tín dụng tăng nhưng vẫn ở mức **3.4 %** của giá trị gốc – mức độ dự trữ còn tương đối thấp.
- Giá trị thuần còn lại của vay ngắn hạn (≈ 82.66 tỷ VND) so với tiền và các khoản tương đương tiền (≈ 80 tỷ VND) cho thấy thanh khoản vẫn mạnh, áp lực tài chính không lớn.

**3. Dòng tiền** (agent_cashflow_analysis)
- **Tiền chi cho vay, mua công cụ nợ**: **38,980,000,000 VND** trong năm (BÁO CÁO LƯU CHUYỂN TIỀN TỆ).
- **Tiền thu hồi cho vay, bán lại công cụ nợ**: **76,000,000,000 VND** trong năm (BÁO CÁO LƯU CHUYỂN TIỀN TỆ).
- **Lưu chuyển tiền thuần từ hoạt động cho vay**: 76,000,000,000 – 38,980,000,000 = **+37,020,000,000 VND** (dòng tiền ròng dương) (BÁO CÁO LƯU CHUYỂN TIỀN TỆ).
- **Lưu chuyển tiền thuần từ hoạt động kinh doanh (CFO)**: **36,158,929,436 VND**, dương và lớn hơn mức giảm dư nợ vay (BÁO CÁO LƯU CHUYỂN TIỀN TỆ).
- **Ghi chú thuyết minh**: “Các khoản cho vay được xác định theo giá gốc trừ đi các khoản dự phòng phải thu khó đòi” – tức là số dư vay đã trừ dự phòng (THUYẾT MINH BÁO CÁO TÀI CHÍNH).

*Nhận xét*:
- Việc thu hồi nhanh (76 tỷ VND) so với giải ngân (38.98 tỷ VND) tạo dòng tiền ròng dương **+37 tỷ VND**, hỗ trợ thanh khoản.
- Dù không tạo thu nhập từ lãi (0 %/năm), khoản vay vẫn đóng góp tích cực vào cash flow nhờ thu hồi vốn nhanh.
- CFO dương **36.16 tỷ VND** cho thấy hoạt động kinh doanh sinh ra tiền mặt đủ để bù đắp cho các khoản cho vay và dự phòng.

**Kết luận tổng thể**
Rủi ro tín dụng từ các khoản phải thu cho vay ngắn hạn lãi suất 0% ở mức trung bình: dự phòng khó đòi tăng nhưng vẫn chỉ chiếm **3.4 %** của giá trị gốc, và dòng tiền ròng từ hoạt động cho vay cùng CFO dương cho thấy khả năng thanh khoản hiện tại không bị đe dọa. Tuy nhiên, do không có thu nhập lãi, công ty cần tiếp tục giám sát mức dự phòng và tốc độ thu hồi để tránh ảnh hưởng tiêu cực tới lợi nhuận và thanh khoản trong các kỳ tới.","Khoản cho vay ngắn hạn đối với CTCP Chứng khoán APEC với lãi suất 0% năm tiềm ẩn rủi ro đáng kể. Mặc dù số dư không thay đổi từ đầu năm đến cuối kỳ (678.500.000 VND), việc cho vay không lãi suất đồng nghĩa với việc công ty đang bỏ lỡ cơ hội thu nhập từ lãi vay. Hơn nữa, nếu khoản vay này không được thu hồi đúng hạn, công ty sẽ chịu tổn thất vốn mà không có bất kỳ khoản bù đắp nào từ lãi. Điều này có thể cho thấy một mối quan hệ đặc biệt giữa các bên liên quan hoặc một khoản hỗ trợ tài chính, nhưng xét về mặt tài chính thuần túy, nó làm giảm hiệu quả sử dụng vốn của công ty.",46,"Table: BẢNG CÂN ĐỐI KẾ TOÁN
Item: Dự phòng phải thu ngắn hạn khó đòi | Số đầu năm
Period: đầu
Value: (1.776.021.051)
---
Table: BẢNG CÂN ĐỐI KẾ TOÁN
Item: Dự phòng phải thu ngắn hạn khó đòi | Số cuối năm
Period: cuối
Value: (2.905.382.051)
---
Table: BẢNG CÂN ĐỐI KẾ TOÁN
Item: Phải thu về cho vay ngắn hạn | Số đầu năm
Period: đầu
Value: 124.566.500.000
Note ref: V.5
---
Table: BẢNG CÂN ĐỐI KẾ TOÁN
Item: Phải thu về cho vay ngắn hạn | Số cuối năm
Period: cuối
Value: 85.566.500.000
Note ref: V.5
---
Table: BẢNG CÂN ĐỐI KẾ TOÁN
Item: Phải thu ngắn hạn của khách hàng | Số đầu năm
Period: đầu
Value: 84.342.831.550
Note ref: V.3a
---
Table: BẢNG CÂN ĐỐI KẾ TOÁN
Item: Phải thu ngắn hạn của khách hàng | Số cuối năm
Period: cuối
Value: 83.697.533.531
Note ref: V.3a
---
Table: BẢNG CÂN ĐỐI KẾ TOÁN
Item: Phải thu ngắn hạn khác | Số cuối năm
Period: cuối
Value: 184.685.805.476
Note ref: V.6a
---
Table: BẢNG CÂN ĐỐI KẾ TOÁN
Item: Phải thu ngắn hạn khác | Số đầu năm
Period: đầu
Value: 176.837.852.532
Note ref: V.6a
---
Table: THUYẾT MINH BÁO CÁO TÀI CHÍNH
Subheading: 1. Tiền và các khoản tương đương tiền
Item: Các khoản tương đương tiền | Số cuối năm
Period: cuối
Value: 80.000.000.000
Note ref: V.1
---
Table: THUYẾT MINH BÁO CÁO TÀI CHÍNH
Subheading: 1. Tiền và các khoản tương đương tiền
Item: Các khoản tương đương tiền | Số đầu năm
Period: đầu
Value: 42.000.000.000
Note ref: V.1
---
Table: THUYẾT MINH BÁO CÁO TÀI CHÍNH
Subheading: 1. Tiền và các khoản tương đương tiền
Item: Tiền mặt | Số cuối năm
Period: cuối
Value: 24.085.667
Note ref: V.1
---
Table: THUYẾT MINH BÁO CÁO TÀI CHÍNH
Subheading: 1. Tiền và các khoản tương đương tiền
Item: Tiền mặt | Số đầu năm
Period: đầu
Value: 118.292.930
Note ref: V.1
---
Table: THUYẾT MINH BÁO CÁO TÀI CHÍNH
Subheading: 1. Tiền và các khoản tương đương tiền
Item: Cộng | Số cuối năm
Period: cuối
Value: 97.964.405.114
Note ref: V.1
---
Table: THUYẾT MINH BÁO CÁO TÀI CHÍNH
Item: Thuyết minh 5: Phải thu về cho vay ngắn hạn | Công ty Cổ phần Chứng khoán Châu Á Thái Bình Dương (lãi suất 0%/năm)
Value: Số cuối kỳ: 678.500.000 | Số đầu năm: 678.500.000
---
Table: THUYẾT MINH BÁO CÁO TÀI CHÍNH
Item: Thuyết minh 5: Phải thu về cho vay ngắn hạn
Value: Là các khoản cho vay Bên liên quan, bao gồm:
---
Table: THUYẾT MINH BÁO CÁO TÀI CHÍNH
Subheading: Là các khoản cho vay Bên liên quan, bao gồm:
Item: Công ty Cổ phần Chứng khoán Châu Á Thái Bình Dương (lãi suất 0%/năm) | Số đầu năm
Period: đầu
Value: 678.500.000
Note ref: V.5
---
Table: THUYẾT MINH BÁO CÁO TÀI CHÍNH
Item: Thuyết minh 6: Các khoản phải thu khác | Dự thu các khoản lãi tiền gửi có kỳ hạn, lãi cho vay khác
Value: Số cuối kỳ Giá trị: 10.484.971.014 | Số cuối kỳ Dự phòng: - | Số đầu năm Giá trị: 9.087.213.733 | Số đầu năm Dự phòng: -
---
Table: THUYẾT MINH BÁO CÁO TÀI CHÍNH
Subheading: Là các khoản cho vay Bên liên quan, bao gồm:
Item: Công ty Cổ phần Chứng khoán Châu Á Thái Bình Dương (lãi suất 0%/năm) | Số cuối kỳ
Period: cuối
Value: 678.500.000
Note ref: V.5
---
Table: BÁO CÁO LƯU CHUYỂN TIỀN TỆ
Item: Tiền chi cho vay, mua các công cụ nợ của đơn vị khác | Năm nay
Value: (38.980.000.000)
---
Table: BÁO CÁO LƯU CHUYỂN TIỀN TỆ
Item: Tiền chi cho vay, mua các công cụ nợ của đơn vị khác | Năm trước
Value: (29.550.000.000)
---
Table: BÁO CÁO LƯU CHUYỂN TIỀN TỆ
Item: Tiền thu hồi cho vay, bán lại các công cụ nợ của đơn vị khác | Năm nay
Value: 76.000.000.000
---
Table: BÁO CÁO LƯU CHUYỂN TIỀN TỆ
Item: Tiền thu hồi cho vay, bán lại các công cụ nợ của đơn vị khác | Năm trước
Value: 121.200.000.000
---
Table: BÁO CÁO LƯU CHUYỂN TIỀN TỆ
Item: Lưu chuyển tiền thuần từ hoạt động kinh doanh | Năm nay
Value: 36.158.929.436
---
Table: BÁO CÁO LƯU CHUYỂN TIỀN TỆ
Item: Lưu chuyển tiền thuần từ hoạt động kinh doanh | Năm trước
Value: (4.379.663.565)
---
Table: THUYẾT MINH BÁO CÁO TÀI CHÍNH
Item: Các khoản cho vay
Value: Các khoản cho vay được xác định theo giá gốc trừ đi các khoản dự phòng phải thu khó đòi. Dự phòng phải thu khó đòi của các khoản cho vay được lập căn cứ vào dự kiến mức tổn thất có thể xảy ra.
---
Table: THUYẾT MINH BÁO CÁO TÀI CHÍNH
Item: Thuyết minh 6: Các khoản phải thu khác | Các khoản phải thu ngắn hạn khác
Value: Số cuối kỳ Giá trị: 5.727.143.845 | Số cuối kỳ Dự phòng: - | Số đầu năm Giá trị: 5.659.974.185 | Số đầu năm Dự phòng: -
---
Table: THUYẾT MINH BÁO CÁO TÀI CHÍNH
Item: Thuyết minh 6: Các khoản phải thu khác | a) Ngắn hạn
Value: Số cuối kỳ Giá trị: 184.685.805.476 | Số cuối kỳ Dự phòng: - | Số đầu năm Giá trị: 176.837.852.532 | Số đầu năm Dự phòng: -
---
Table: THUYẾT MINH BÁO CÁO TÀI CHÍNH
Item: Thuyết minh 6: Các khoản phải thu khác | Công ty Cổ phần Tập đoàn Apec Group - phải thu về lãi cho vay
Value: Số cuối kỳ Giá trị: 36.149.068.494 | Số cuối kỳ Dự phòng: - | Số đầu năm Giá trị: 25.778.630.137 | Số đầu năm Dự phòng: -
---
Table: THUYẾT MINH BÁO CÁO TÀI CHÍNH
Subheading: 6. Các khoản phải thu khác
Item: Các khoản phải thu ngắn hạn khác | Số cuối kỳ Giá trị
Period: cuối
Value: 5.727.143.845
Note ref: V.6
---
Table: THUYẾT MINH BÁO CÁO TÀI CHÍNH
Subheading: 6. Các khoản phải thu khác
Item: Các khoản phải thu ngắn hạn khác | Số đầu năm Giá trị
Period: đầu
Value: 5.659.974.185
Note ref: V.6
---
Table: THUYẾT MINH BÁO CÁO TÀI CHÍNH
Item: Thuyết minh 6: Các khoản phải thu khác | Các khoản phải thu dài hạn khác
Value: Số cuối kỳ Giá trị: 328.250.000 | Số cuối kỳ Dự phòng: - | Số đầu năm Giá trị: 31.250.000 | Số đầu năm Dự phòng: -
---
Table: THUYẾT MINH BÁO CÁO TÀI CHÍNH
Subheading: 6. Các khoản phải thu khác
Item: Công ty Cổ phần Tập đoàn Apec Group - phải thu về lãi cho vay | Số cuối kỳ Giá trị
Period: cuối
Value: 36.149.068.494
Note ref: V.6
---
Table: THUYẾT MINH BÁO CÁO TÀI CHÍNH
Subheading: 6. Các khoản phải thu khác
Item: Công ty Cổ phần Tập đoàn Apec Group - phải thu về lãi cho vay | Số đầu năm Giá trị
Period: đầu
Value: 25.778.630.137
Note ref: V.6
---
Table: THUYẾT MINH BÁO CÁO TÀI CHÍNH
Item: 18a. Vay ngắn hạn | Vay ngắn hạn các cá nhân
Value: Khoản mục: Vay ngắn hạn các cá nhân | Số cuối kỳ Giá trị: 17.219.900.000 | Số cuối kỳ Khả năng trả nợ: 17.219.900.000 | Trong kỳ Tăng: 37.050.000.000 | Trong kỳ Giảm: 179.498.200.000 | Số đầu kỳ Giá trị: 159.668.100.000 | Số đầu kỳ Khả năng trả nợ: 159.668.100.000
---
Table: THUYẾT MINH BÁO CÁO TÀI CHÍNH
Item: 18a. Vay ngắn hạn | a) Vay ngắn hạn
Value: Khoản mục: a) Vay ngắn hạn | Số cuối kỳ Giá trị: 156.502.422.354 | Số cuối kỳ Khả năng trả nợ: 156.502.422.354 | Trong kỳ Tăng: 56.474.900.000 | Trong kỳ Giảm: 280.448.035.100 | Số đầu kỳ Giá trị: 380.475.557.454 | Số đầu kỳ Khả năng trả nợ: 380.475.557.454
---
Table: THUYẾT MINH BÁO CÁO TÀI CHÍNH
Item: Thuyết minh 5: Phải thu về cho vay ngắn hạn | Công ty Cổ phần Tập đoàn Apec Group (lãi suất 13%/năm)
Value: Số cuối kỳ: 68.000.000.000 | Số đầu năm: 98.000.000.000
---
Table: THUYẾT MINH BÁO CÁO TÀI CHÍNH
Subheading: 6. Các khoản phải thu khác
Item: Dự thu các khoản lãi tiền gửi có kỳ hạn, lãi cho vay khác | Số cuối kỳ Giá trị
Period: cuối
Value: 10.484.971.014
Note ref: V.6
---
Table: THUYẾT MINH BÁO CÁO TÀI CHÍNH
Item: 17a. Phải trả ngắn hạn khác | Các khoản phải trả ngắn hạn khác
Value: Số cuối kỳ: 3.010.459.022 | Số đầu năm: 35.240.039
---
Table: THUYẾT MINH BÁO CÁO TÀI CHÍNH
Subheading: 6. Các khoản phải thu khác
Item: Dự thu các khoản lãi tiền gửi có kỳ hạn, lãi cho vay khác | Số đầu năm Giá trị
Period: đầu
Value: 9.087.213.733
Note ref: V.6
---
Table: THUYẾT MINH BÁO CÁO TÀI CHÍNH
Item: Thuyết minh 16: Chi phí phải trả ngắn hạn | Chi phí lãi vay phải trả
Value: Số cuối kỳ: 11.570.981.974 | Số đầu năm: 13.826.762.941
---
Table: THUYẾT MINH BÁO CÁO TÀI CHÍNH
Item: 18a. Vay ngắn hạn | Vay dài hạn các cá nhân
Value: Khoản mục: Vay dài hạn các cá nhân | Số cuối kỳ Giá trị: 184.439.800.000 | Số cuối kỳ Khả năng trả nợ: 184.439.800.000 | Trong kỳ Tăng: 114.959.800.000 | Số đầu kỳ Giá trị: 69.480.000.000 | Số đầu kỳ Khả năng trả nợ: 69.480.000.000
---
Table: THUYẾT MINH BÁO CÁO TÀI CHÍNH
Item: Thuyết minh 16: Chi phí phải trả ngắn hạn | Các chi phí phải trả ngắn hạn khác
Value: Số cuối kỳ: - | Số đầu năm: 1.767.586.446
---
Table: THUYẾT MINH BÁO CÁO TÀI CHÍNH
Item: Thuyết minh 5: Phải thu về cho vay ngắn hạn | Công ty Cổ phần Thương mại và Du lịch Kim Bôi (lãi suất 13%/năm)
Value: Số cuối kỳ: 9.888.000.000 | Số đầu năm: 9.888.000.000
---
Table: THUYẾT MINH BÁO CÁO TÀI CHÍNH
Item: Thuyết minh 5: Phải thu về cho vay ngắn hạn | Công ty Cổ phần Dịch vụ Du lịch Thiên đường Hồng (lãi suất 15%/năm)
Value: Số cuối kỳ: - | Số đầu năm: 9.000.000.000
---
Table: THUYẾT MINH BÁO CÁO TÀI CHÍNH
Subheading: 6. Các khoản phải thu khác
Item: a) Ngắn hạn | Số cuối kỳ Giá trị
Period: cuối
Value: 184.685.805.476
Note ref: V.6
---
Table: THUYẾT MINH BÁO CÁO TÀI CHÍNH
Subheading: 6. Các khoản phải thu khác
Item: a) Ngắn hạn | Số đầu năm Giá trị
Period: đầu
Value: 176.837.852.532
Note ref: V.6",1,,574462,38658,,,,
168,Phân tích tác động của việc giảm đáng kể khoản cho vay ngắn hạn đối với Công ty TNHH Rose Paradise đến dòng tiền của công ty.,"Dựa trên số liệu hiện có:

**3. Dòng tiền**
- **Lưu chuyển tiền thuần từ hoạt động kinh doanh (CFO)**: Năm nay 36.158.929.436 đồng, tăng mạnh so với năm trước 4.379.663.565 đồng (biến âm sang dương) (BÁO CÁO LƯU CHUYỂN TIỀN TỆ).
- **Lưu chuyển tiền thuần từ hoạt động đầu tư (CFI)**: Năm nay 40.218.532.929 đồng, giảm so với năm trước 87.211.618.301 đồng (BÁO CÁO LƯU CHUYỂN TIỀN TỆ).
- **Lưu chuyển tiền thuần từ hoạt động tài chính (CFF)**: Năm nay (38.988.400.000) đồng, ít âm hơn so với năm trước (71.573.059.240) đồng (BÁO CÁO LƯU CHUYỂN TIỀN TỆ).
- **Giảm tổng cộng các khoản vay ngắn hạn** (được ghi nhận trong mục ""Vay ngắn hạn"" của thuyết minh V.18a): 299.872.935.100 đồng trong kỳ (tổng ""Trong kỳ Giảm"" gồm a) Vay ngắn hạn – 280.448.035.100 đồng, Vay ngắn hạn các cá nhân – 179.498.200.000 đồng, chuyển sang nợ vay ngắn hạn – 19.424.900.000 đồng) (THUYẾT MINH BÁO CÁO TÀI CHÍNH).

*Nhận xét*:
- Sự giảm mạnh (≈300 tỷ đ) các khoản vay ngắn hạn (tài sản cho vay) giảm nhu cầu dùng tiền để cấp vốn cho khách hàng, giúp tăng lưu lượng tiền thuần từ hoạt động kinh doanh, phản ánh qua CFO chuyển từ âm sang dương.
- Mặc dù có giảm khoản cho vay, công ty vẫn thực hiện thu hút vay mới (Tiền thu từ đi vay = 171.434.700.000 đồng) nhưng đồng thời trả nợ gốc lớn hơn (210.423.100.000 đồng), dẫn đến CFF âm – cho thấy dòng tiền tài chính vẫn ròng ra.
- Hoạt động đầu tư giảm đáng kể (CFI giảm ≈ 47 tỷ đồng), có thể do giảm chi phí đầu tư hoặc bán tài sản, hỗ trợ việc duy trì mức CFO cao.

**Kết luận tổng thể**
- Giảm khoản vay ngắn hạn đã hỗ trợ cải thiện dòng tiền hoạt động, nhưng công ty vẫn phụ thuộc vào nguồn vay mới để duy trì hoạt động; nếu tiếp tục giảm vay mà không có nguồn tài trợ bên ngoài, dòng tiền tài chính sẽ tiếp tục âm và có thể tạo áp lực tài chính.","Việc khoản cho vay ngắn hạn đối với Công ty TNHH Rose Paradise giảm đáng kể từ 9.000.000.000 VND đầu năm xuống 0 VND cuối kỳ cho thấy công ty đã thu hồi hoàn toàn khoản cho vay này. Tác động trực tiếp đến dòng tiền là tạo ra một dòng tiền vào từ hoạt động thu hồi nợ, làm tăng lượng tiền mặt hoặc các khoản tương đương tiền. Điều này có ý nghĩa tích cực đối với thanh khoản của công ty, cung cấp nguồn vốn để tài trợ cho các hoạt động khác, giảm bớt nhu cầu vay mượn mới hoặc tăng cường đầu tư.",28,"Table: BÁO CÁO LƯU CHUYỂN TIỀN TỆ
Item: Lưu chuyển tiền thuần từ hoạt động kinh doanh | Năm nay
Value: 36.158.929.436
---
Table: BÁO CÁO LƯU CHUYỂN TIỀN TỆ
Item: Lưu chuyển tiền thuần từ hoạt động kinh doanh | Năm trước
Value: (4.379.663.565)
---
Table: BÁO CÁO LƯU CHUYỂN TIỀN TỆ
Item: Lưu chuyển tiền thuần từ hoạt động đầu tư | Năm nay
Value: 40.218.532.929
---
Table: BÁO CÁO LƯU CHUYỂN TIỀN TỆ
Item: Lưu chuyển tiền thuần từ hoạt động đầu tư | Năm trước
Value: 87.211.618.301
---
Table: BÁO CÁO LƯU CHUYỂN TIỀN TỆ
Item: Lưu chuyển tiền thuần từ hoạt động tài chính | Năm nay
Value: (38.988.400.000)
---
Table: BÁO CÁO LƯU CHUYỂN TIỀN TỆ
Item: Lưu chuyển tiền thuần từ hoạt động tài chính | Năm trước
Value: (71.573.059.240)
---
Table: BÁO CÁO LƯU CHUYỂN TIỀN TỆ
Item: Tiền thu từ đi vay | Năm nay
Value: 171.434.700.000
---
Table: BÁO CÁO LƯU CHUYỂN TIỀN TỆ
Item: Tiền thu từ đi vay | Năm trước
Value: 71.371.492.969
---
Table: BÁO CÁO LƯU CHUYỂN TIỀN TỆ
Item: Tiền trả nợ gốc vay | Năm nay
Value: (210.423.100.000)
---
Table: BÁO CÁO LƯU CHUYỂN TIỀN TỆ
Item: Tiền trả nợ gốc vay | Năm trước
Value: (142.944.552.209)
---
Table: THUYẾT MINH BÁO CÁO TÀI CHÍNH
Subheading: 18a. Vay ngắn hạn
Item: a) Vay ngắn hạn | Trong kỳ Giảm
Value: 280.448.035.100
Note ref: V.18a
---
Table: THUYẾT MINH BÁO CÁO TÀI CHÍNH
Subheading: 18a. Vay ngắn hạn
Item: Vay ngắn hạn các cá nhân | Trong kỳ Giảm
Value: 179.498.200.000
Note ref: V.18a
---
Table: THUYẾT MINH BÁO CÁO TÀI CHÍNH
Subheading: 18a. Vay ngắn hạn
Item: Chuyển sang nợ vay ngắn hạn | Trong kỳ Giảm
Value: 19.424.900.000
Note ref: V.18a
---
Table: THUYẾT MINH BÁO CÁO TÀI CHÍNH
Item: Thuyết minh 5: Phải thu về cho vay ngắn hạn | Công ty TNHH Đầu tư Châu Á - Thái Bình Dương - Bắc Ninh (lãi suất 12%/năm)
Value: Số cuối kỳ: 7.000.000.000 | Số đầu năm: 7.000.000.000
---
Table: THUYẾT MINH BÁO CÁO TÀI CHÍNH
Item: Thuyết minh báo cáo tài chính
Value: 15. Chi phí đi vay Chi phí đi vay bao gồm lãi tiền vay và các chi phí khác phát sinh liên quan trực tiếp đến các khoản vay. Chi phí đi vay được ghi nhận vào chi phí khi phát sinh. Trường hợp chi phí đi vay liên quan trực tiếp đến việc đầu tư xây dựng hoặc sản xuất tài sản dở dang cần có một thời gian đủ dài (trên 12 tháng) để có thể đưa vào sử dụng theo mục đích định trước hoặc bán thì chi phí đi vay này được tính vào giá trị của tài sản đó. Đối với khoản vay riêng phục vụ việc xây dựng tài sản cố định, bất động sản đầu tư, lãi vay được vốn hóa kể cả khi thời gian xây dựng dưới 12 tháng. Các khoản thu nhập phát sinh từ việc đầu tư tạm thời các khoản vay được ghi giảm nguyên giá tài sản có liên quan. Đối với các khoản vốn vay chung trong đó có sử dụng cho mục đích đầu tư xây dựng hoặc sản xuất tài sản dở dang thì chi phí đi vay vốn hóa được xác định theo tỷ lệ vốn hóa đối với chi phí lũy kế bình quân gia quyền phát sinh cho việc đầu tư xây dựng cơ bản hoặc sản xuất tài sản đó. Tỷ lệ vốn hóa được tính theo tỷ lệ lãi suất bình quân gia quyền của các khoản vay chưa trả trong năm, ngoại trừ các khoản vay riêng biệt phục vụ cho mục đích hình thành một tài sản cụ thể.
---
Table: BẢNG CÂN ĐỐI KẾ TOÁN
Item: Phải thu về cho vay ngắn hạn | Số đầu năm
Period: đầu
Value: 124.566.500.000
Note ref: V.5
---
Table: BẢNG CÂN ĐỐI KẾ TOÁN
Item: Phải thu về cho vay ngắn hạn | Số cuối năm
Period: cuối
Value: 85.566.500.000
Note ref: V.5
---
Table: THUYẾT MINH BÁO CÁO TÀI CHÍNH
Item: 17a. Phải trả ngắn hạn khác | Các khoản phải trả ngắn hạn khác
Value: Số cuối kỳ: 3.010.459.022 | Số đầu năm: 35.240.039
---
Table: THUYẾT MINH BÁO CÁO TÀI CHÍNH
Subheading: 17a. Phải trả ngắn hạn khác
Item: Các khoản phải trả ngắn hạn khác | Số cuối kỳ
Period: cuối
Value: 3.010.459.022
Note ref: V.17a
---
Table: THUYẾT MINH BÁO CÁO TÀI CHÍNH
Subheading: 17a. Phải trả ngắn hạn khác
Item: Các khoản phải trả ngắn hạn khác | Số đầu năm
Period: đầu
Value: 35.240.039
Note ref: V.17a
---
Table: THUYẾT MINH BÁO CÁO TÀI CHÍNH
Item: Thuyết minh 16: Chi phí phải trả ngắn hạn | Các chi phí phải trả ngắn hạn khác
Value: Số cuối kỳ: - | Số đầu năm: 1.767.586.446
---
Table: THUYẾT MINH BÁO CÁO TÀI CHÍNH
Item: Thuyết minh 13: Phải trả người bán ngắn hạn | Phải trả các bên liên quan
Value: Số cuối kỳ: 44.740.534.882 | Số đầu năm: 42.763.541.686
---
Table: THUYẾT MINH BÁO CÁO TÀI CHÍNH
Subheading: 18a. Vay ngắn hạn
Item: Vay ngắn hạn các cá nhân | Số cuối kỳ Giá trị
Period: cuối
Value: 17.219.900.000
Note ref: V.18a
---
Table: THUYẾT MINH BÁO CÁO TÀI CHÍNH
Subheading: 18a. Vay ngắn hạn
Item: Vay ngắn hạn các cá nhân | Số cuối kỳ Khả năng trả nợ
Period: cuối
Value: 17.219.900.000
Note ref: V.18a
---
Table: THUYẾT MINH BÁO CÁO TÀI CHÍNH
Subheading: 18a. Vay ngắn hạn
Item: Vay ngắn hạn các cá nhân | Số đầu kỳ Giá trị
Period: đầu
Value: 159.668.100.000
Note ref: V.18a
---
Table: THUYẾT MINH BÁO CÁO TÀI CHÍNH
Subheading: 18a. Vay ngắn hạn
Item: Vay ngắn hạn các cá nhân | Số đầu kỳ Khả năng trả nợ
Period: đầu
Value: 159.668.100.000
Note ref: V.18a
---
Table: THUYẾT MINH BÁO CÁO TÀI CHÍNH
Subheading: 18a. Vay ngắn hạn
Item: Vay ngắn hạn các cá nhân | Trong kỳ Tăng
Value: 37.050.000.000
Note ref: V.18a
---
Table: THUYẾT MINH BÁO CÁO TÀI CHÍNH
Item: Các khoản cho vay
Value: Các khoản cho vay được xác định theo giá gốc trừ đi các khoản dự phòng phải thu khó đòi. Dự phòng phải thu khó đòi của các khoản cho vay được lập căn cứ vào dự kiến mức tổn thất có thể xảy ra.",1,,268459,26512,,,,
169,Giải thích lý do tại sao thuế TNDN tạm nộp đối với bất động sản lại được ghi nhận trong các khoản phải thu ngắn hạn khác.,"Trong các thông tin thu thập được, mục ""Thuế TNDN tạm nộp 1% của BĐS"" được liệt kê dưới mục ""Các khoản phải thu ngắn hạn khác"" (Thuyết minh 6: Các khoản phải thu khác), nhưng không có phần giải thích chi tiết tại sao khoản thuế này lại được ghi nhận trong các khoản phải thu ngắn hạn khác.",Thuế TNDN tạm nộp đối với bất động sản được ghi nhận trong các khoản phải thu ngắn hạn khác bởi vì đây là khoản tiền thuế mà công ty đã tạm nộp cho Nhà nước trong kỳ nhưng có thể được khấu trừ hoặc hoàn lại khi quyết toán thuế cuối năm hoặc trong các kỳ tiếp theo. Nó được coi là một tài sản ngắn hạn vì công ty kỳ vọng sẽ thu hồi được lợi ích kinh tế từ khoản tiền này trong vòng 12 tháng. Việc này không phải là một khoản phải thu thương mại thông thường từ khách hàng mà là một khoản phải thu phát sinh từ nghĩa vụ thuế của công ty.,26,"Table: THUYẾT MINH BÁO CÁO TÀI CHÍNH
Item: Thuyết minh 6: Các khoản phải thu khác | Thuế TNDN tạm nộp 1% của BĐS
Value: Số cuối kỳ Giá trị: 2.845.119.703 | Số cuối kỳ Dự phòng: - | Số đầu năm Giá trị: 4.724.702.354 | Số đầu năm Dự phòng: -
---
Table: THUYẾT MINH BÁO CÁO TÀI CHÍNH
Item: Thuyết minh 6: Các khoản phải thu khác | Các khoản phải thu ngắn hạn khác
Value: Số cuối kỳ Giá trị: 5.727.143.845 | Số cuối kỳ Dự phòng: - | Số đầu năm Giá trị: 5.659.974.185 | Số đầu năm Dự phòng: -
---
Table: THUYẾT MINH BÁO CÁO TÀI CHÍNH
Item: Thuyết minh 15: Thuế và các khoản phải nộp Nhà nước | Thuế TNDN
Value: Số cuối kỳ: - | Số đầu năm: 177.561.256
---
Table: THUYẾT MINH BÁO CÁO TÀI CHÍNH
Subheading: 6. Các khoản phải thu khác
Item: Thuế TNDN tạm nộp 1% của BĐS | Số cuối kỳ Giá trị
Period: cuối
Value: 2.845.119.703
Note ref: V.6
---
Table: THUYẾT MINH BÁO CÁO TÀI CHÍNH
Subheading: 6. Các khoản phải thu khác
Item: Thuế TNDN tạm nộp 1% của BĐS | Số đầu năm Giá trị
Period: đầu
Value: 4.724.702.354
Note ref: V.6
---
Table: THUYẾT MINH BÁO CÁO TÀI CHÍNH
Item: Thuyết minh 6: Các khoản phải thu khác | a) Ngắn hạn
Value: Số cuối kỳ Giá trị: 184.685.805.476 | Số cuối kỳ Dự phòng: - | Số đầu năm Giá trị: 176.837.852.532 | Số đầu năm Dự phòng: -
---
Table: THUYẾT MINH BÁO CÁO TÀI CHÍNH
Item: 17a. Phải trả ngắn hạn khác | Các khoản phải trả ngắn hạn khác
Value: Số cuối kỳ: 3.010.459.022 | Số đầu năm: 35.240.039
---
Table: THUYẾT MINH BÁO CÁO TÀI CHÍNH
Item: Thuyết minh 6: Các khoản phải thu khác | Các khoản phải thu dài hạn khác
Value: Số cuối kỳ Giá trị: 328.250.000 | Số cuối kỳ Dự phòng: - | Số đầu năm Giá trị: 31.250.000 | Số đầu năm Dự phòng: -
---
Table: THUYẾT MINH BÁO CÁO TÀI CHÍNH
Item: Thuyết minh 15: Thuế và các khoản phải nộp Nhà nước | Thuế và các khoản phải nộp Nhà Nước
Value: Số cuối kỳ: 189.777.117 | Số đầu năm: 572.128.041
---
Table: THUYẾT MINH BÁO CÁO TÀI CHÍNH
Subheading: 15. Thuế và các khoản phải nộp Nhà nước
Item: Thuế TNDN | Số đầu năm
Period: đầu
Value: 177.561.256
Note ref: V.15
---
Table: THUYẾT MINH BÁO CÁO TÀI CHÍNH
Item: Thuyết minh 1: Doanh thu bán hàng và cung cấp dịch vụ | Doanh thu bán bất động sản
Value: Luỹ kế từ đầu năm đến cuối kỳ này Năm nay: 187.743.704.036 | Luỹ kế từ đầu năm đến cuối kỳ này Năm trước: 173.529.958.522
---
Table: THUYẾT MINH BÁO CÁO TÀI CHÍNH
Item: Thuyết minh 16: Chi phí phải trả ngắn hạn | Các chi phí phải trả ngắn hạn khác
Value: Số cuối kỳ: - | Số đầu năm: 1.767.586.446
---
Table: THUYẾT MINH BÁO CÁO TÀI CHÍNH
Item: Thuyết minh 2: Các khoản giảm trừ doanh thu | Doanh thu
Value: Năm trước: 17.812.053.373
---
Table: THUYẾT MINH BÁO CÁO TÀI CHÍNH
Item: 3a. Phải thu khách hàng ngắn hạn | Các khách hàng khác
Value: Số cuối kỳ: 23.117.888.363 | Số đầu năm: 18.417.568.707
---
Table: THUYẾT MINH BÁO CÁO TÀI CHÍNH
Item: Thuyết minh 6: Các khoản phải thu khác | Dự thu các khoản lãi tiền gửi có kỳ hạn, lãi cho vay khác
Value: Số cuối kỳ Giá trị: 10.484.971.014 | Số cuối kỳ Dự phòng: - | Số đầu năm Giá trị: 9.087.213.733 | Số đầu năm Dự phòng: -
---
Table: THUYẾT MINH BÁO CÁO TÀI CHÍNH
Item: 17a. Phải trả ngắn hạn khác | Nhận ký quỹ, ký cược ngắn hạn
Value: Số cuối kỳ: 2.100.000.000 | Số đầu năm: 2.605.000.000
---
Table: THUYẾT MINH BÁO CÁO TÀI CHÍNH
Item: Thuyết minh 6: Các khoản phải thu khác | Tạm ứng
Value: Số cuối kỳ Giá trị: 98.111.860.829 | Số cuối kỳ Dự phòng: - | Số đầu năm Giá trị: 110.576.067.701 | Số đầu năm Dự phòng: -
---
Table: THUYẾT MINH BÁO CÁO TÀI CHÍNH
Item: Thuyết minh 6: Các khoản phải thu khác | Các khoản ký quỹ, ký cược khác
Value: Số cuối kỳ Giá trị: 1.461.098.582 | Số cuối kỳ Dự phòng: - | Số đầu năm Giá trị: 1.461.098.582 | Số đầu năm Dự phòng: -
---
Table: THUYẾT MINH BÁO CÁO TÀI CHÍNH
Item: Thuyết minh 4: Doanh thu hoạt động tài chính | Doanh thu tài chính khác
Value: Luỹ kế từ đầu năm đến cuối kỳ này Năm nay: 3.055.526.889
---
Table: THUYẾT MINH BÁO CÁO TÀI CHÍNH
Item: Thuyết minh 6: Các khoản phải thu khác | Công ty Cổ phần Quản lý vận hành Bất động sản Mandala - Chi hộ
Value: Số cuối kỳ Giá trị: 7.890.358.009 | Số cuối kỳ Dự phòng: - | Số đầu năm Giá trị: 7.127.444.882 | Số đầu năm Dự phòng: -
---
Table: THUYẾT MINH BÁO CÁO TÀI CHÍNH
Item: 17a. Phải trả ngắn hạn khác
Value: () Khoản nhận tiền góp vốn của các tổ chức, cá nhân vào các dự án Công ty đang thực hiện để được phân chia sản phẩm là nhà ở của Dự án mà không phải thông qua sàn giao dịch bất động sản. Khi các dự án đủ điều kiện pháp lý để ký hợp đồng mua bán và các bên ký hợp đồng mua bán nhà ở thì toàn bộ tiền vốn góp thực tế sẽ được chuyển thành khoản tiền thanh toán đầu tiên của Giá bán nhà ở.
---
Table: THUYẾT MINH BÁO CÁO TÀI CHÍNH
Item: 3a. Phải thu khách hàng ngắn hạn | Phải thu các khách hàng (Dự án BĐS)
Value: Số cuối kỳ: 60.579.645.168 | Số đầu năm: 65.925.262.843
---
Table: THUYẾT MINH BÁO CÁO TÀI CHÍNH
Item: Thuyết minh 13: Phải trả người bán ngắn hạn | Phải trả các nhà cung cấp khác
Value: Số cuối kỳ: 26.265.437.526 | Số đầu năm: 46.581.188.492
---
Table: THUYẾT MINH BÁO CÁO TÀI CHÍNH
Subheading: 6. Các khoản phải thu khác
Item: Các khoản phải thu ngắn hạn khác | Số cuối kỳ Giá trị
Period: cuối
Value: 5.727.143.845
Note ref: V.6
---
Table: THUYẾT MINH BÁO CÁO TÀI CHÍNH
Item: Thuyết minh 17: Thuế thu nhập doanh nghiệp
Value: Chi phí thuế thu nhập doanh nghiệp chỉ bao gồm thuế thu nhập hiện hành, là khoản thuế được tính dựa trên thu nhập tính thuế. Thu nhập tính thuế chênh lệch so với lợi nhuận kế toán là do điều chỉnh các khoản chênh lệch tạm thời giữa thuế và kế toán, các chi phí không được trừ cũng như điều chỉnh các khoản thu nhập không phải chịu thuế và các khoản lỗ được chuyển.
---
Table: THUYẾT MINH BÁO CÁO TÀI CHÍNH
Subheading: 6. Các khoản phải thu khác
Item: Các khoản phải thu ngắn hạn khác | Số đầu năm Giá trị
Period: đầu
Value: 5.659.974.185
Note ref: V.6",1,,264038,12641,,,,
170,Dự báo rủi ro tín dụng đối với các khoản phải thu dài hạn không có dự phòng.,"Dựa trên số liệu hiện có:

**2. Thanh khoản và an toàn tài chính**
- Các khoản phải thu dài hạn (cuối kỳ): 30.842.412.063 đ (BẢNG CÂN ĐỐI KẾ TOÁN, mục ""Các khoản phải thu dài hạn"")
- Không có mục ""Dự phòng"" nào được ghi cho các khoản phải thu dài hạn (không có fact ""Dự phòng"" liên quan đến ""phải thu dài hạn của khách hàng"", ""phải thu dài hạn khác"" hay ""các khoản phải thu dài hạn khác"")
- Vì không có dự phòng, tỷ lệ phần trăm các khoản phải thu dài hạn không có dự phòng = 100%
- So sánh đầu và cuối kỳ: số dư giảm từ 38.390.821.078 đ (đầu năm) xuống 30.842.412.063 đ (cuối năm), giảm 7.548.409.015 đ, cho thấy một phần đã được thu hồi hoặc ghi giảm giá trị, nhưng lượng còn lại vẫn lớn và không được dự phòng.

*Nhận xét*:
- Thiếu dự phòng cho khoản phải thu dài hạn cho thấy rủi ro tín dụng tiềm ẩn cao; nếu khách hàng không thanh toán, công ty sẽ phải chịu toàn bộ khoản nợ.
- Mặc dù số dư đã giảm đáng kể trong năm, việc không thiết lập dự phòng có thể làm giảm khả năng chịu đựng các khoản nợ xấu, đặc biệt khi tổng dư nợ dài hạn vẫn trên 30 tỷ đồng.
- Để dự báo rủi ro chi tiết, cần thông tin về tuổi nợ, tỷ lệ thu hồi thực tế, và các chuẩn mực dự phòng nội bộ; hiện tại dữ liệu chưa cung cấp các yếu tố này.

**Kết luận tổng thể**:
Rủi ro tín dụng đối với các khoản phải thu dài hạn không có dự phòng là rất cao vì toàn bộ số dư 30 tỷ đồng chưa được bảo vệ bằng dự phòng. Mặc dù đã có giảm dư nợ trong năm, việc không có dự phòng khiến công ty dễ bị ảnh hưởng nếu có khoản nợ xấu phát sinh. Cần bổ sung dự phòng và thu thập thêm dữ liệu về tuổi nợ và tỷ lệ thu hồi để có dự báo rủi ro chi tiết hơn.","Các khoản phải thu dài hạn khác hiện không có dự phòng (giá trị dự phòng là 0 VND) đối với các khoản như Công ty TNHH Xử lý Môi trường Từ Sơn và CTCP Đầu tư APEC Thái Nguyên. Điều này tiềm ẩn rủi ro tín dụng đáng kể. Nếu một trong các bên vay gặp khó khăn tài chính hoặc không thể thanh toán đúng hạn, công ty sẽ đối mặt với nguy cơ mất một phần hoặc toàn bộ số tiền đã cho vay hoặc phải thu mà không có bất kỳ khoản dự phòng nào để bù đắp. Việc không trích lập dự phòng có thể làm cho lợi nhuận và giá trị tài sản được ghi nhận cao hơn thực tế nếu có rủi ro vỡ nợ tiềm ẩn, đồng thời làm giảm tính thận trọng của báo cáo tài chính.",36,"Table: BẢNG CÂN ĐỐI KẾ TOÁN
Item: Phải thu dài hạn của khách hàng | Số đầu năm
Period: đầu
Value: 11.256.809.243
Note ref: V.3b
---
Table: BẢNG CÂN ĐỐI KẾ TOÁN
Item: Phải thu dài hạn của khách hàng | Số cuối năm
Period: cuối
Value: 3.411.400.228
Note ref: V.3b
---
Table: BẢNG CÂN ĐỐI KẾ TOÁN
Item: Phải thu dài hạn khác | Số cuối năm
Period: cuối
Value: 27.431.011.835
Note ref: V.6b
---
Table: BẢNG CÂN ĐỐI KẾ TOÁN
Item: Phải thu dài hạn khác | Số đầu năm
Period: đầu
Value: 27.134.011.835
Note ref: V.6b
---
Table: THUYẾT MINH BÁO CÁO TÀI CHÍNH
Item: Cổ phiếu không niêm yết | Số cuối năm Dự phòng
Period: cuối
Value: (2.345.275.507)
Note ref: V.2a
---
Table: THUYẾT MINH BÁO CÁO TÀI CHÍNH
Item: Ngân hàng TMCP Việt Nam Thịnh Vượng | Số cuối năm Dự phòng
Period: cuối
Value: (2.165.800)
Note ref: V.2a
---
Table: THUYẾT MINH BÁO CÁO TÀI CHÍNH
Item: Công ty Cổ phần Len Hà Đông | Số cuối năm Dự phòng
Period: cuối
Value: (2.138.120.000)
Note ref: V.2a
---
Table: THUYẾT MINH BÁO CÁO TÀI CHÍNH
Item: Công ty Cổ phần Đầu tư và Xuất nhập khẩu Foodinco | Số cuối năm Dự phòng
Period: cuối
Value: (207.155.507)
Note ref: V.2a
---
Table: THUYẾT MINH BÁO CÁO TÀI CHÍNH
Subheading: 2a. Chứng khoán kinh doanh
Item: Cổ phiếu niêm yết | Số cuối năm Dự phòng
Period: cuối
Value: (2.709.315.800)
Note ref: V.2a
---
Table: THUYẾT MINH BÁO CÁO TÀI CHÍNH
Item: Thuyết minh 6: Các khoản phải thu khác | Các khoản phải thu dài hạn khác
Value: Số cuối kỳ Giá trị: 328.250.000 | Số cuối kỳ Dự phòng: - | Số đầu năm Giá trị: 31.250.000 | Số đầu năm Dự phòng: -
---
Table: THUYẾT MINH BÁO CÁO TÀI CHÍNH
Item: Thuyết minh 6: Các khoản phải thu khác | b) Dài hạn
Value: Số cuối kỳ Giá trị: 27.431.011.835 | Số cuối kỳ Dự phòng: - | Số đầu năm Giá trị: 27.134.011.835 | Số đầu năm Dự phòng: -
---
Table: THUYẾT MINH BÁO CÁO TÀI CHÍNH
Subheading: 6. Các khoản phải thu khác
Item: Các khoản phải thu dài hạn khác | Số cuối kỳ Giá trị
Period: cuối
Value: 328.250.000
Note ref: V.6
---
Table: BẢNG CÂN ĐỐI KẾ TOÁN
Item: Dự phòng phải thu ngắn hạn khó đòi | Số đầu năm
Period: đầu
Value: (1.776.021.051)
---
Table: BẢNG CÂN ĐỐI KẾ TOÁN
Item: Dự phòng phải thu ngắn hạn khó đòi | Số cuối năm
Period: cuối
Value: (2.905.382.051)
---
Table: THUYẾT MINH BÁO CÁO TÀI CHÍNH
Subheading: 6. Các khoản phải thu khác
Item: Các khoản phải thu dài hạn khác | Số đầu năm Giá trị
Period: đầu
Value: 31.250.000
Note ref: V.6
---
Table: BẢNG CÂN ĐỐI KẾ TOÁN
Item: Các khoản phải thu dài hạn | Số cuối năm
Period: cuối
Value: 30.842.412.063
---
Table: BẢNG CÂN ĐỐI KẾ TOÁN
Item: Các khoản phải thu dài hạn | Số đầu năm
Period: đầu
Value: 38.390.821.078
---
Table: THUYẾT MINH BÁO CÁO TÀI CHÍNH
Item: 3b. Phải thu khách hàng dài hạn
Value: Là các khoản phải thu khách hàng mua bất động sản Dự án Apec Aquapark Bắc Giang theo chính sách bán hàng trả chậm, có thời gian thanh toán còn lại trên 12 tháng kể từ ngày kết thúc kỳ kế toán
---
Table: THUYẾT MINH BÁO CÁO TÀI CHÍNH
Item: Thuyết minh 6: Các khoản phải thu khác | Các khoản phải thu ngắn hạn khác
Value: Số cuối kỳ Giá trị: 5.727.143.845 | Số cuối kỳ Dự phòng: - | Số đầu năm Giá trị: 5.659.974.185 | Số đầu năm Dự phòng: -
---
Table: THUYẾT MINH BÁO CÁO TÀI CHÍNH
Subheading: 17b. Phải trả dài hạn khác
Item: Cộng | Số cuối kỳ
Period: cuối
Value: 46.440.397.112
Note ref: V.17b
---
Table: THUYẾT MINH BÁO CÁO TÀI CHÍNH
Subheading: 17b. Phải trả dài hạn khác
Item: Cộng | Số đầu năm
Period: đầu
Value: 45.889.440.931
Note ref: V.17b
---
Table: THUYẾT MINH BÁO CÁO TÀI CHÍNH
Subheading: 17b. Phải trả dài hạn khác
Item: Ký quỹ, ký cược | Số cuối kỳ
Period: cuối
Value: 580.391.636
Note ref: V.17b
---
Table: THUYẾT MINH BÁO CÁO TÀI CHÍNH
Subheading: 17b. Phải trả dài hạn khác
Item: Ký quỹ, ký cược | Số đầu năm
Period: đầu
Value: 29.435.455
Note ref: V.17b
---
Table: THUYẾT MINH BÁO CÁO TÀI CHÍNH
Subheading: 3a. Phải thu khách hàng ngắn hạn
Item: Cộng | Số cuối kỳ
Period: cuối
Value: 83.697.533.531
Note ref: V.3a
---
Table: THUYẾT MINH BÁO CÁO TÀI CHÍNH
Subheading: 3a. Phải thu khách hàng ngắn hạn
Item: Cộng | Số đầu năm
Period: đầu
Value: 84.342.831.550
Note ref: V.3a
---
Table: THUYẾT MINH BÁO CÁO TÀI CHÍNH
Subheading: 3a. Phải thu khách hàng ngắn hạn
Item: Các khách hàng khác | Số cuối kỳ
Period: cuối
Value: 23.117.888.363
Note ref: V.3a
---
Table: THUYẾT MINH BÁO CÁO TÀI CHÍNH
Subheading: 3a. Phải thu khách hàng ngắn hạn
Item: Các khách hàng khác | Số đầu năm
Period: đầu
Value: 18.417.568.707
Note ref: V.3a
---
Table: THUYẾT MINH BÁO CÁO TÀI CHÍNH
Item: 3a. Phải thu khách hàng ngắn hạn | Phải thu các khách hàng (Dự án BĐS)
Value: Số cuối kỳ: 60.579.645.168 | Số đầu năm: 65.925.262.843
---
Table: THUYẾT MINH BÁO CÁO TÀI CHÍNH
Item: Thuyết minh 5: Phải thu về cho vay ngắn hạn
Value: Là các khoản cho vay Bên liên quan, bao gồm:
---
Table: THUYẾT MINH BÁO CÁO TÀI CHÍNH
Subheading: 3a. Phải thu khách hàng ngắn hạn
Item: Phải thu các khách hàng (Dự án BĐS) | Số cuối kỳ
Period: cuối
Value: 60.579.645.168
Note ref: V.3a
---
Table: THUYẾT MINH BÁO CÁO TÀI CHÍNH
Subheading: 3a. Phải thu khách hàng ngắn hạn
Item: Phải thu các khách hàng (Dự án BĐS) | Số đầu năm
Period: đầu
Value: 65.925.262.843
Note ref: V.3a
---
Table: THUYẾT MINH BÁO CÁO TÀI CHÍNH
Subheading: 3a. Phải thu khách hàng ngắn hạn
Item: Dự án Đa Hội | Số cuối kỳ
Period: cuối
Value: 8.692.247.981
Note ref: V.3a
---
Table: THUYẾT MINH BÁO CÁO TÀI CHÍNH
Subheading: 3a. Phải thu khách hàng ngắn hạn
Item: Dự án Đa Hội | Số đầu năm
Period: đầu
Value: 8.692.247.981
Note ref: V.3a
---
Table: THUYẾT MINH BÁO CÁO TÀI CHÍNH
Subheading: 17b. Phải trả dài hạn khác
Item: Công ty Cổ phần Bất động sản An Phát Land | Số cuối kỳ
Period: cuối
Value: 45.860.005.476
Note ref: V.17b
---
Table: THUYẾT MINH BÁO CÁO TÀI CHÍNH
Subheading: 17b. Phải trả dài hạn khác
Item: Công ty Cổ phần Bất động sản An Phát Land | Số đầu năm
Period: đầu
Value: 45.860.005.476
Note ref: V.17b
---
Table: THUYẾT MINH BÁO CÁO TÀI CHÍNH
Subheading: 6. Các khoản phải thu khác
Item: b) Dài hạn | Số cuối kỳ Giá trị
Period: cuối
Value: 27.431.011.835
Note ref: V.6",1,,471065,22821,,,,
171,Tổng giá trị hàng tồn kho cuối kỳ là bao nhiêu VND?,Tổng giá trị hàng tồn kho cuối kỳ là 474.117.608.966 VND (theo dòng “Cộng | Số cuối kỳ” trong Bảng Cân Đối Kế Toán).,Tổng giá trị hàng tồn kho cuối kỳ là 474.117.608.966 VND.,5,"Table: THUYẾT MINH BÁO CÁO TÀI CHÍNH
Subheading: 7. Hàng tồn kho
Item: Hàng hóa | Số cuối kỳ
Period: cuối
Value: 12.556.351.760
Note ref: V.7
---
Table: THUYẾT MINH BÁO CÁO TÀI CHÍNH
Subheading: 7. Hàng tồn kho
Item: Cộng | Số cuối kỳ
Period: cuối
Value: 474.117.608.966
Note ref: V.7
---
Table: THUYẾT MINH BÁO CÁO TÀI CHÍNH
Subheading: 7. Hàng tồn kho
Item: Hàng hóa Bất động sản | Số cuối kỳ
Period: cuối
Value: 167.636.178.947
Note ref: V.7
---
Table: THUYẾT MINH BÁO CÁO TÀI CHÍNH
Subheading: 7. Hàng tồn kho
Item: Các dự án khác | Số cuối kỳ
Period: cuối
Value: 18.073.012.689
Note ref: V.7
---
Table: THUYẾT MINH BÁO CÁO TÀI CHÍNH
Subheading: 7. Hàng tồn kho
Item: Dự án Golden Palace Lạng Sơn | Số cuối kỳ
Period: cuối
Value: 88.024.895.519
Note ref: V.7",1,,13011,7254,,,,
172,"Chi phí trả trước cho hoa hồng môi giới, thưởng bán hàng cuối kỳ là bao nhiêu VND?","Chi phí trả trước cho hoa hồng môi giới, thưởng bán hàng cuối kỳ là 22.694.655.761 VND (theo BẢNG CÂN ĐỐI KẾ TOÁN, mục 8. Chi phí trả trước dài hạn).","Chi phí trả trước cho hoa hồng môi giới, thưởng bán hàng cuối kỳ là 22.694.655.761 VND.",9,"Table: THUYẾT MINH BÁO CÁO TÀI CHÍNH
Subheading: 16. Chi phí phải trả ngắn hạn
Item: Trích trước chi phí dự án Phú Yên | Số cuối kỳ
Period: cuối
Value: 41.929.707.706
Note ref: V.16
---
Table: THUYẾT MINH BÁO CÁO TÀI CHÍNH
Subheading: 16. Chi phí phải trả ngắn hạn
Item: Trích trước chi phí dự án Bắc Giang | Số cuối kỳ
Period: cuối
Value: 25.512.823.827
Note ref: V.16
---
Table: THUYẾT MINH BÁO CÁO TÀI CHÍNH
Subheading: 16. Chi phí phải trả ngắn hạn
Item: Trích trước chi phí dự án Mũi Né | Số cuối kỳ
Period: cuối
Value: 2.610.053.657
Note ref: V.16
---
Table: THUYẾT MINH BÁO CÁO TÀI CHÍNH
Subheading: 16. Chi phí phải trả ngắn hạn
Item: Chi phí lãi vay phải trả | Số cuối kỳ
Period: cuối
Value: 11.570.981.974
Note ref: V.16
---
Table: THUYẾT MINH BÁO CÁO TÀI CHÍNH
Subheading: 8. Chi phí trả trước dài hạn
Item: Chi phí công cụ, dụng cụ | Số cuối kỳ
Period: cuối
Value: 1.141.547.635
Note ref: V.8
---
Table: THUYẾT MINH BÁO CÁO TÀI CHÍNH
Subheading: 8. Chi phí trả trước dài hạn
Item: Cộng | Số cuối kỳ
Period: cuối
Value: 23.836.203.396
Note ref: V.8
---
Table: THUYẾT MINH BÁO CÁO TÀI CHÍNH
Subheading: 8. Chi phí trả trước dài hạn
Item: Các dự án khác | Số cuối kỳ
Period: cuối
Value: 1.305.599.377
Note ref: V.8
---
Table: THUYẾT MINH BÁO CÁO TÀI CHÍNH
Subheading: 8. Chi phí trả trước dài hạn
Item: Dự án Mandala Phú Yên (Condotel) | Số cuối kỳ
Period: cuối
Value: 19.106.949.648
Note ref: V.8
---
Table: THUYẾT MINH BÁO CÁO TÀI CHÍNH
Subheading: 8. Chi phí trả trước dài hạn
Item: Chi phí hoa hồng môi giới, thưởng bán hàng | Số cuối kỳ
Period: cuối
Value: 22.694.655.761
Note ref: V.8",1,,44952,17924,,,,
173,Dự án nào có giá trị bất động sản giữ để bán giảm đáng kể từ đầu năm đến cuối kỳ?,"Dựa trên số liệu hiện có:

**1. Hiệu quả hoạt động** (agent_efficiency)

- Dự án **Mũi Né**: giá trị bất động sản giữ để bán đầu năm 13,812,280,739 VND; cuối kỳ 513,203,706 VND; giảm 13,299,077,033 VND (~96.3%). (Nguồn: BÁO CÁO KẾT QUẢ HOẠT ĐỘNG KINH DOANH – mục ""Dự án Mũi Né"")
- Dự án **Phú Yên**: giá trị bất động sản giữ để bán đầu năm 146,477,845,146 VND; cuối kỳ 71,075,343,687 VND; giảm 75,402,501,459 VND (~51.5%). (Nguồn: BÁO CÁO KẾT QUẢ HOẠT ĐỘNG KINH DOANH – mục ""Dự án Phú Yên"")

*Nhận xét*:
- Cả hai dự án đều có mức giảm đáng kể, trong đó dự án Mũi Né giảm gần toàn bộ (~96%).
- Sự giảm mạnh này phản ánh việc bán bất động sản, giảm quy mô dự án hoặc điều chỉnh giá trị ghi sổ, ảnh hưởng đến tài sản lưu động và khả năng sinh lợi.

**Kết luận tổng thể**:
Dự án Mũi Né và Phú Yên đều thỏa mãn yêu cầu ""giảm đáng kể"" từ đầu năm đến cuối kỳ; dự án Mũi Né giảm mạnh hơn (≈96%).","Dự án Mandala Phú Yên có giá trị bất động sản giữ để bán giảm đáng kể từ 197.781.786.133 VND đầu năm xuống 152.321.344.623 VND cuối kỳ, giảm 45.460.441.510 VND.",29,"Table: BẢNG CÂN ĐỐI KẾ TOÁN
Item: Bất động sản đầu tư | Số đầu năm
Period: đầu
Value: 105.856.776.554
Note ref: V.11
---
Table: BẢNG CÂN ĐỐI KẾ TOÁN
Item: Bất động sản đầu tư | Số cuối năm
Period: cuối
Value: 234.660.811.747
Note ref: V.11
---
Table: THUYẾT MINH BÁO CÁO TÀI CHÍNH
Item: Thuyết minh 9: Tài sản cố định hữu hình | Chuyển sang bất động sản đầu tư
Value: Nguyên giá: Chuyển sang bất động sản đầu tư | Nhà cửa, vật kiến trúc: (178.321.426.654) | Phương tiện vận tải, truyền dẫn: - | Thiết bị, dụng cụ quản lý: - | Cộng: (178.321.426.654)
---
Table: THUYẾT MINH BÁO CÁO TÀI CHÍNH
Item: Thuyết minh 9: Bất động sản đầu tư
Value: Bất động sản đầu tư sử dụng để cho thuê được khấu hao theo phương pháp đường thẳng dựa trên thời gian hữu dụng ước tính. Số năm khấu hao của bất động sản đầu tư như sau:
---
Table: THUYẾT MINH BÁO CÁO TÀI CHÍNH
Item: Thuyết minh 9: Bất động sản đầu tư
Value: Bất động sản đầu tư là các căn hộ khách sạn, shophouse thuộc sở hữu của Công ty. Bất động sản đầu tư cho thuê được thể hiện theo nguyên giá trừ hao mòn lũy kế. Nguyên giá của bất động sản đầu tư là toàn bộ các chi phí mà Công ty phải bỏ ra hoặc giá trị hợp lý của các khoản đưa ra để trao đổi nhằm có được bất động sản đầu tư tính đến thời điểm mua hoặc xây dựng hoàn thành.
---
Table: THUYẾT MINH BÁO CÁO TÀI CHÍNH
Item: Thuyết minh 9: Bất động sản đầu tư
Value: Các chi phí liên quan đến bất động sản đầu tư phát sinh sau ghi nhận ban đầu được ghi nhận vào chi phí, trừ khi chi phí này có khả năng chắc chắn làm cho bất động sản đầu tư tạo ra lợi ích kinh tế trong tương lai nhiều hơn mức hoạt động được đánh giá ban đầu thì được ghi tăng nguyên giá.
---
Table: THUYẾT MINH BÁO CÁO TÀI CHÍNH
Subheading: Bất động sản đầu tư sử dụng để cho thuê được khấu hao theo phương pháp đường thẳng dựa trên thời gian hữu dụng ước tính. Số năm khấu hao của bất động sản đầu tư như sau:
Item: Shophouse |
Value: 44
Note ref: V.9
---
Table: THUYẾT MINH BÁO CÁO TÀI CHÍNH
Item: Thuyết minh 9: Bất động sản đầu tư
Value: Khi bất động sản đầu tư được bán, nguyên giá và giá trị hao mòn lũy kế được xóa sổ và lãi, lỗ nào phát sinh được hạch toán vào thu nhập hay chi phí trong năm.
---
Table: THUYẾT MINH BÁO CÁO TÀI CHÍNH
Subheading: Bất động sản đầu tư sử dụng để cho thuê được khấu hao theo phương pháp đường thẳng dựa trên thời gian hữu dụng ước tính. Số năm khấu hao của bất động sản đầu tư như sau:
Item: Căn hộ khách sạn |
Value: 44
Note ref: V.9
---
Table: THUYẾT MINH BÁO CÁO TÀI CHÍNH
Item: Thuyết minh 9: Bất động sản đầu tư
Value: Việc chuyển từ bất động sản chủ sở hữu sử dụng hoặc hàng tồn kho thành bất động sản đầu tư chỉ khi chủ sở hữu chấm dứt sử dụng tài sản đó và bắt đầu cho bên khác thuê hoạt động hoặc khi kết thúc giai đoạn xây dựng. Việc chuyển từ bất động sản đầu tư sang bất động sản chủ sở hữu sử dụng hay hàng tồn kho chỉ khi chủ sở hữu bắt đầu sử dụng tài sản này hoặc bắt đầu triển khai cho mục đích bán. Việc chuyển từ bất động sản đầu tư sang bất động sản chủ sở hữu sử dụng hoặc hàng tồn kho không làm thay đổi nguyên giá hay giá trị còn lại của bất động sản tại ngày chuyển đổi.
---
Table: THUYẾT MINH BÁO CÁO TÀI CHÍNH
Item: 2c. Đầu tư góp vốn vào đơn vị khác | Công ty Cổ phần Quản lý vận hành Bất động sản Mandala
Value: Số cuối kỳ Giá gốc: 8.000.000.000 | Số cuối kỳ Dự phòng: (8.000.000.000) | Số đầu năm Giá gốc: 8.000.000.000 | Số đầu năm Dự phòng: (6.749.747.910)
---
Table: THUYẾT MINH BÁO CÁO TÀI CHÍNH
Item: Thuyết minh 7: Hàng tồn kho | Hàng hóa Bất động sản
Value: Số cuối kỳ: 167.636.178.947 | Số đầu năm: 222.245.021.866
---
Table: THUYẾT MINH BÁO CÁO TÀI CHÍNH
Item: Thuyết minh 1: Doanh thu bán hàng và cung cấp dịch vụ | Doanh thu bán bất động sản
Value: Luỹ kế từ đầu năm đến cuối kỳ này Năm nay: 187.743.704.036 | Luỹ kế từ đầu năm đến cuối kỳ này Năm trước: 173.529.958.522
---
Table: THUYẾT MINH BÁO CÁO TÀI CHÍNH
Subheading: Là khoản trả trước theo tiến độ của các khách hàng dự án Bất động sản, bao gồm:
Item: Cộng | Số đầu năm
Period: đầu
Value: 175.052.735.650
Note ref: V.14
---
Table: THUYẾT MINH BÁO CÁO TÀI CHÍNH
Subheading: Là khoản trả trước theo tiến độ của các khách hàng dự án Bất động sản, bao gồm:
Item: Dự án Đa hội | Số đầu năm
Period: đầu
Value: 4.773.842.332
Note ref: V.14
---
Table: THUYẾT MINH BÁO CÁO TÀI CHÍNH
Subheading: Là khoản trả trước theo tiến độ của các khách hàng dự án Bất động sản, bao gồm:
Item: Dự án Phú Yên | Số đầu năm
Period: đầu
Value: 146.477.845.146
Note ref: V.14
---
Table: THUYẾT MINH BÁO CÁO TÀI CHÍNH
Subheading: Là khoản trả trước theo tiến độ của các khách hàng dự án Bất động sản, bao gồm:
Item: Dự án Mũi Né | Số đầu năm
Period: đầu
Value: 13.812.280.739
Note ref: V.14
---
Table: THUYẾT MINH BÁO CÁO TÀI CHÍNH
Subheading: Là khoản trả trước theo tiến độ của các khách hàng dự án Bất động sản, bao gồm:
Item: Dự án Apec Aquapark Bắc Giang | Số đầu năm
Period: đầu
Value: 9.988.767.433
Note ref: V.14
---
Table: THUYẾT MINH BÁO CÁO TÀI CHÍNH
Item: 17b. Phải trả dài hạn khác | Công ty Cổ phần Bất động sản An Phát Land
Value: Số cuối kỳ: 45.860.005.476 | Số đầu năm: 45.860.005.476
---
Table: THUYẾT MINH BÁO CÁO TÀI CHÍNH
Item: Thuyết minh báo cáo tài chính | Công ty Cổ phần Quản lý Vận hành Bất động sản Mandala
Value: Công ty: Công ty Cổ phần Quản lý Vận hành Bất động sản Mandala | Số vốn Công ty cam kết góp: 19.000.000.000 | Số đã góp tại 31/12/2024: 1.500.000.000 | Số còn phải góp: 17.500.000.000
---
Table: THUYẾT MINH BÁO CÁO TÀI CHÍNH
Item: Thuyết minh báo cáo tài chính | Công ty Cổ phần Quản lý Vận hành Bất động sản Mandala
Value: Số cuối kỳ Số lượng CP: 150.000 | Số cuối kỳ Tỷ lệ sở hữu: 19,00% | Số đầu năm Số lượng CP: 150.000 | Số đầu năm Tỷ lệ sở hữu: 19,00%
---
Table: THUYẾT MINH BÁO CÁO TÀI CHÍNH
Item: Thuyết minh 13: Phải trả người bán ngắn hạn | Công ty Cổ phần Quản lý Vận hành Bất động sản Mandala
Value: Số cuối kỳ: 19.682.287
---
Table: THUYẾT MINH BÁO CÁO TÀI CHÍNH
Item: Thuyết minh 6: Các khoản phải thu khác | Công ty Cổ phần Quản lý vận hành Bất động sản Mandala - Chi hộ
Value: Số cuối kỳ Giá trị: 7.890.358.009 | Số cuối kỳ Dự phòng: - | Số đầu năm Giá trị: 7.127.444.882 | Số đầu năm Dự phòng: -
---
Table: THUYẾT MINH BÁO CÁO TÀI CHÍNH
Subheading: 2c. Đầu tư góp vốn vào đơn vị khác
Item: Công ty Cổ phần Quản lý vận hành Bất động sản Mandala | Số đầu năm Dự phòng
Period: đầu
Value: (6.749.747.910)
Note ref: V.2c
---
Table: THUYẾT MINH BÁO CÁO TÀI CHÍNH
Item: Thuyết minh 9: Tài sản cố định hữu hình | Chuyển sang BĐS đầu tư
Value: Nguyên giá: Chuyển sang BĐS đầu tư | Nhà cửa, vật kiến trúc: (6.217.026.740) | Cộng: (6.217.026.740)
---
Table: THUYẾT MINH BÁO CÁO TÀI CHÍNH
Subheading: 2c. Đầu tư góp vốn vào đơn vị khác
Item: Công ty Cổ phần Quản lý vận hành Bất động sản Mandala | Số cuối kỳ Dự phòng
Period: cuối
Value: (8.000.000.000)
Note ref: V.2c
---
Table: THUYẾT MINH BÁO CÁO TÀI CHÍNH
Subheading: Là khoản trả trước theo tiến độ của các khách hàng dự án Bất động sản, bao gồm:
Item: Dự án Mũi Né | Số cuối kỳ
Period: cuối
Value: 513.203.706
Note ref: V.14
---
Table: THUYẾT MINH BÁO CÁO TÀI CHÍNH
Subheading: Là khoản trả trước theo tiến độ của các khách hàng dự án Bất động sản, bao gồm:
Item: Dự án Phú Yên | Số cuối kỳ
Period: cuối
Value: 71.075.343.687
Note ref: V.14
---
Table: THUYẾT MINH BÁO CÁO TÀI CHÍNH
Subheading: Là khoản trả trước theo tiến độ của các khách hàng dự án Bất động sản, bao gồm:
Item: Dự án Đa hội | Số cuối kỳ
Period: cuối
Value: 4.773.842.332
Note ref: V.14",1,,271489,20307,,,,
174,So sánh chi phí công cụ dụng cụ cuối kỳ với đầu năm. Mức độ thay đổi là bao nhiêu?,"Không có số liệu về chi phí công cụ dụng cụ trong dữ liệu hiện có, vì vậy không thể so sánh chi phí cuối kỳ với đầu năm và tính mức độ thay đổi.","Chi phí công cụ dụng cụ cuối kỳ là 1.141.547.635 VND, còn đầu năm là 1.365.022.737 VND. Mức độ thay đổi là giảm 223.475.102 VND.",10,"Table: THUYẾT MINH BÁO CÁO TÀI CHÍNH
Subheading: 7. Chi phí quản lý doanh nghiệp
Item: Cộng | Luỹ kế từ đầu năm đến cuối kỳ này Năm nay
Value: 23.256.368.970
Note ref: V.7
---
Table: THUYẾT MINH BÁO CÁO TÀI CHÍNH
Subheading: 7. Chi phí quản lý doanh nghiệp
Item: Cộng | Luỹ kế từ đầu năm đến cuối kỳ này Năm trước
Value: 34.322.091.879
Note ref: V.7
---
Table: THUYẾT MINH BÁO CÁO TÀI CHÍNH
Subheading: 7. Chi phí quản lý doanh nghiệp
Item: Chi phí nhân viên quản lý | Luỹ kế từ đầu năm đến cuối kỳ này Năm nay
Value: 18.509.488.336
Note ref: V.7
---
Table: THUYẾT MINH BÁO CÁO TÀI CHÍNH
Subheading: 7. Chi phí quản lý doanh nghiệp
Item: Chi phí nhân viên quản lý | Luỹ kế từ đầu năm đến cuối kỳ này Năm trước
Value: 27.526.591.673
Note ref: V.7
---
Table: THUYẾT MINH BÁO CÁO TÀI CHÍNH
Subheading: 7. Chi phí quản lý doanh nghiệp
Item: Chi phí vật liệu quản lý | Luỹ kế từ đầu năm đến cuối kỳ này Năm nay
Value: 117.707.612
Note ref: V.7
---
Table: THUYẾT MINH BÁO CÁO TÀI CHÍNH
Subheading: 9. Chi phí khác
Item: Chi phí khác | Luỹ kế từ đầu năm đến cuối kỳ này Năm nay
Value: 2.817.625.199
Note ref: V.9
---
Table: THUYẾT MINH BÁO CÁO TÀI CHÍNH
Subheading: 9. Chi phí khác
Item: Chi phí khác | Luỹ kế từ đầu năm đến cuối kỳ này Năm trước
Value: 8.952.535.848
Note ref: V.9
---
Table: THUYẾT MINH BÁO CÁO TÀI CHÍNH
Item: Thuyết minh 7: Chi phí quản lý doanh nghiệp | Chi phí khác bằng tiền
Value: Luỹ kế từ đầu năm đến cuối kỳ này Năm nay: 901.272.777 | Luỹ kế từ đầu năm đến cuối kỳ này Năm trước: 1.902.407.625
---
Table: THUYẾT MINH BÁO CÁO TÀI CHÍNH
Subheading: 9. Chi phí khác
Item: Cộng | Luỹ kế từ đầu năm đến cuối kỳ này Năm nay
Value: 2.817.625.199
Note ref: V.9
---
Table: THUYẾT MINH BÁO CÁO TÀI CHÍNH
Subheading: 9. Chi phí khác
Item: Cộng | Luỹ kế từ đầu năm đến cuối kỳ này Năm trước
Value: 8.952.535.848
Note ref: V.9",1,,61060,26625,,,,
175,Đánh giá tình hình quản lý hàng tồn kho của công ty dựa trên sự biến động của bất động sản giữ để bán.,"Dựa trên số liệu hiện có (kỳ cuối năm):

**1. Hiệu quả hoạt động**
- Giá trị hàng tồn kho bất động sản giữ để bán (Hàng hóa Bất động sản):
  - Số đầu năm: 222.245.021.866 VND
  - Số cuối kỳ: 167.636.178.947 VND
  - Thay đổi: -54.608.842.919 VND
  - Tỷ lệ thay đổi: -24.6 % (BẢNG CÂN ĐỐI KẾ TOÁN)
- Giá trị tổng hàng tồn kho (các loại):
  - Số đầu năm: 13.506.255.452 VND
  - Số cuối kỳ: 12.556.351.760 VND
  - Thay đổi: -0.95 tỷ VND (~‑7.0 %) (BẢNG CÂN ĐỐI KẾ TOÁN)

*Nhận xét*:
- Hàng tồn kho bất động sản giảm khoảng 24.6 % trong kỳ, cho thấy công ty đã bán phần lớn tài sản này và cải thiện khả năng chuyển đổi sang tiền mặt.
- Tổng mức giảm của toàn bộ hàng tồn kho (khoảng 7 %) hỗ trợ nhận định công ty đang giảm bớt tồn kho dư thừa, giảm rủi ro.
- Tuy nhiên, chưa có dữ liệu về doanh thu bán bất động sản hoặc giá vốn bán, nên không thể đánh giá đầy đủ ảnh hưởng tới lợi nhuận hay tính vòng quay tồn kho.

**Kết luận tổng thể**
Công ty đã quản lý tốt hàng tồn kho bất động sản giữ để bán, giảm mạnh giá trị tồn kho và giảm tổng hàng tồn kho, thể hiện khả năng bán tài sản hiệu quả. Tuy nhiên, để có cái nhìn toàn diện về tác động tới lợi nhuận và hiệu suất hoạt động, cần bổ sung dữ liệu về doanh thu và giá vốn bán bất động sản.","Giá trị bất động sản giữ để bán đã giảm từ 222.245.021.866 VND đầu năm xuống 167.636.178.947 VND cuối kỳ, chủ yếu do giảm ở Dự án Mandala Phú Yên và Aqua Park Bắc Giang - Tòa OCT8. Sự sụt giảm này có thể cho thấy công ty đã bán được một phần đáng kể các sản phẩm bất động sản này trong kỳ, điều này là một dấu hiệu tích cực về việc chuyển hóa hàng tồn kho thành doanh thu và dòng tiền. Nếu việc giảm tồn kho được kiểm soát tốt và đi kèm với doanh thu, nó phản ánh hiệu quả trong việc quản lý hàng tồn kho. Tuy nhiên, nếu tốc độ giảm tồn kho nhanh hơn so với việc bổ sung sản phẩm mới, có thể dẫn đến thiếu nguồn cung trong tương lai.",19,"Table: THUYẾT MINH BÁO CÁO TÀI CHÍNH
Subheading: 7. Hàng tồn kho
Item: Hàng hóa | Số cuối kỳ
Period: cuối
Value: 12.556.351.760
Note ref: V.7
---
Table: THUYẾT MINH BÁO CÁO TÀI CHÍNH
Subheading: 7. Hàng tồn kho
Item: Cộng | Số cuối kỳ
Period: cuối
Value: 474.117.608.966
Note ref: V.7
---
Table: THUYẾT MINH BÁO CÁO TÀI CHÍNH
Subheading: 7. Hàng tồn kho
Item: Hàng hóa Bất động sản | Số cuối kỳ
Period: cuối
Value: 167.636.178.947
Note ref: V.7
---
Table: THUYẾT MINH BÁO CÁO TÀI CHÍNH
Subheading: 7. Hàng tồn kho
Item: Các dự án khác | Số cuối kỳ
Period: cuối
Value: 18.073.012.689
Note ref: V.7
---
Table: THUYẾT MINH BÁO CÁO TÀI CHÍNH
Subheading: 7. Hàng tồn kho
Item: Dự án Golden Palace Lạng Sơn | Số cuối kỳ
Period: cuối
Value: 88.024.895.519
Note ref: V.7
---
Table: BẢNG CÂN ĐỐI KẾ TOÁN
Item: Bất động sản đầu tư | Số đầu năm
Period: đầu
Value: 105.856.776.554
Note ref: V.11
---
Table: BẢNG CÂN ĐỐI KẾ TOÁN
Item: Bất động sản đầu tư | Số cuối năm
Period: cuối
Value: 234.660.811.747
Note ref: V.11
---
Table: THUYẾT MINH BÁO CÁO TÀI CHÍNH
Item: Thuyết minh 9: Bất động sản đầu tư
Value: Việc chuyển từ bất động sản chủ sở hữu sử dụng hoặc hàng tồn kho thành bất động sản đầu tư chỉ khi chủ sở hữu chấm dứt sử dụng tài sản đó và bắt đầu cho bên khác thuê hoạt động hoặc khi kết thúc giai đoạn xây dựng. Việc chuyển từ bất động sản đầu tư sang bất động sản chủ sở hữu sử dụng hay hàng tồn kho chỉ khi chủ sở hữu bắt đầu sử dụng tài sản này hoặc bắt đầu triển khai cho mục đích bán. Việc chuyển từ bất động sản đầu tư sang bất động sản chủ sở hữu sử dụng hoặc hàng tồn kho không làm thay đổi nguyên giá hay giá trị còn lại của bất động sản tại ngày chuyển đổi.
---
Table: THUYẾT MINH BÁO CÁO TÀI CHÍNH
Item: Thuyết minh 9: Bất động sản đầu tư
Value: Bất động sản đầu tư là các căn hộ khách sạn, shophouse thuộc sở hữu của Công ty. Bất động sản đầu tư cho thuê được thể hiện theo nguyên giá trừ hao mòn lũy kế. Nguyên giá của bất động sản đầu tư là toàn bộ các chi phí mà Công ty phải bỏ ra hoặc giá trị hợp lý của các khoản đưa ra để trao đổi nhằm có được bất động sản đầu tư tính đến thời điểm mua hoặc xây dựng hoàn thành.
---
Table: THUYẾT MINH BÁO CÁO TÀI CHÍNH
Item: Thuyết minh 9: Bất động sản đầu tư
Value: Bất động sản đầu tư sử dụng để cho thuê được khấu hao theo phương pháp đường thẳng dựa trên thời gian hữu dụng ước tính. Số năm khấu hao của bất động sản đầu tư như sau:
---
Table: THUYẾT MINH BÁO CÁO TÀI CHÍNH
Item: Thuyết minh 9: Bất động sản đầu tư
Value: Các chi phí liên quan đến bất động sản đầu tư phát sinh sau ghi nhận ban đầu được ghi nhận vào chi phí, trừ khi chi phí này có khả năng chắc chắn làm cho bất động sản đầu tư tạo ra lợi ích kinh tế trong tương lai nhiều hơn mức hoạt động được đánh giá ban đầu thì được ghi tăng nguyên giá.
---
Table: THUYẾT MINH BÁO CÁO TÀI CHÍNH
Item: Thuyết minh 9: Tài sản cố định hữu hình | Chuyển sang bất động sản đầu tư
Value: Nguyên giá: Chuyển sang bất động sản đầu tư | Nhà cửa, vật kiến trúc: (178.321.426.654) | Phương tiện vận tải, truyền dẫn: - | Thiết bị, dụng cụ quản lý: - | Cộng: (178.321.426.654)
---
Table: THUYẾT MINH BÁO CÁO TÀI CHÍNH
Item: Thuyết minh 7: Hàng tồn kho | Hàng hóa
Value: Số cuối kỳ: 12.556.351.760 | Số đầu năm: 13.506.255.452
---
Table: THUYẾT MINH BÁO CÁO TÀI CHÍNH
Item: Thuyết minh 7: Hàng tồn kho | Hàng hóa Bất động sản
Value: Số cuối kỳ: 167.636.178.947 | Số đầu năm: 222.245.021.866
---
Table: THUYẾT MINH BÁO CÁO TÀI CHÍNH
Subheading: 7. Hàng tồn kho
Item: Hàng hóa | Số đầu năm
Period: đầu
Value: 13.506.255.452
Note ref: V.7
---
Table: THUYẾT MINH BÁO CÁO TÀI CHÍNH
Item: Thuyết minh báo cáo tài chính
Value: Dự phòng giảm giá hàng tồn kho được lập cho từng mặt hàng tồn kho có giá gốc lớn hơn giá trị thuần có thể thực hiện được. Tăng, giảm số dư dự phòng giảm giá hàng tồn kho cần phải trích lập tại ngày kết thúc kỳ kế toán được ghi nhận vào giá vốn hàng bán.
---
Table: THUYẾT MINH BÁO CÁO TÀI CHÍNH
Subheading: 7. Hàng tồn kho
Item: Hàng hóa Bất động sản | Số đầu năm
Period: đầu
Value: 222.245.021.866
Note ref: V.7
---
Table: THUYẾT MINH BÁO CÁO TÀI CHÍNH
Item: Thuyết minh báo cáo tài chính
Value: Giá gốc hàng tồn kho được xác định như sau: Chi phí sản xuất kinh doanh dở dang của các dự án bất động sản: bao gồm các chi phí thuê nhà thầu thực hiện các hạng mục của dự án bất động sản và các chi phí có liên quan trực tiếp khác. Hàng hóa bất động sản (là các bất động sản được xây dựng để bán trong quá trình hoạt động bình thường của Công ty): bao gồm chi phí quyền sử dụng đất, các chi phí trực tiếp và các chi phí chung có liên quan phát sinh trong quá trình đầu tư xây dựng bất động sản. Hàng hóa khác: bao gồm chi phí mua và các chi phí liên quan trực tiếp khác phát sinh để có được hàng tồn kho ở địa điểm và trạng thái hiện tại.
---
Table: THUYẾT MINH BÁO CÁO TÀI CHÍNH
Item: Thuyết minh 9: Bất động sản đầu tư
Value: Khi bất động sản đầu tư được bán, nguyên giá và giá trị hao mòn lũy kế được xóa sổ và lãi, lỗ nào phát sinh được hạch toán vào thu nhập hay chi phí trong năm.",1,,207054,22892,,,,
176,Phân tích rủi ro tài chính nếu các chi phí trả trước cho hoa hồng môi giới và thưởng bán hàng tiếp tục giảm mà không đi kèm với việc giảm hàng tồn kho.,"Dựa trên số liệu hiện có:

**1. Khả năng sinh lời** (agent_profitability)
- Chi phí trả trước cho hoa hồng môi giới và thưởng bán hàng: Số đầu năm 36 526 479 235 đ, số cuối kỳ 22 694 655 761 đ → giảm 13 831 823 474 đ (≈ ‑37,5 %) (BẢNG CÂN ĐỐI KẾ TOÁN).
- Lợi nhuận gộp (Quý IV 2024): 34 352 002 130 đ (BÁO CÁO KẾT QUẢ HOẠT ĐỘNG KINH DOANH).
- Lợi nhuận thuần từ hoạt động kinh doanh: 12 205 164 159 đ (BÁO CÁO KẾT QUẢ HOẠT ĐỘNG KINH DOANH).

*Nhận xét*: Giảm chi phí trả trước giảm chi phí bán hàng, có khả năng tăng biên lợi nhuận nếu doanh thu giữ nguyên. Tuy nhiên, khi phí giảm đồng thời không kèm giảm hàng tồn kho, có nguy cơ doanh thu giảm do giảm động lực bán hàng (hoa hồng, thưởng), làm giảm lợi nhuận thực tế.

**2. Thanh khoản và an toàn tài chính** (agent_liquidity_solvency)
- Tiền và các khoản tương đương tiền (cuối kỳ): 97 964 405 114 đ (BẢNG CÂN ĐỐI KẾ TOÁN).
- Chi phí trả trước (cuối kỳ): 22 694 655 761 đ (BẢNG CÂN ĐỐI KẾ TOÁN).
- Hàng tồn kho (cộng, cuối kỳ): 474 117 608 966 đ (BẢNG CÂN ĐỐI KẾ TOÁN).
- Nợ ngắn hạn (cuối kỳ): 566 994 110 452 đ (BẢNG CÂN ĐỐI KẾ TOÁN).
- Vay và nợ thuê tài chính ngắn hạn (cuối kỳ): 156 502 422 354 đ (BẢNG CÂN ĐỐI KẾ TOÁN).
- Current Ratio ≈ 1,05 (tiền + hàng tồn kho + chi phí trả trước) / nợ ngắn hạn.
- Quick Ratio ≈ 0,21 (tiền + chi phí trả trước) / nợ ngắn hạn.

*Nhận xét*: Quick Ratio < 0,3 cho thấy khả năng đáp ứng nhanh các khoản nợ ngắn hạn rất yếu khi hàng tồn kho chiếm gần 80 % tài sản lưu động. Nếu chi phí trả trước tiếp tục giảm mà tồn kho không giảm, nguồn tiền lưu động sẽ còn lại ít hơn, làm tăng rủi ro thanh khoản.

**3. Dòng tiền** (agent_cashflow_analysis)
- Lưu chuyển tiền thuần từ hoạt động kinh doanh (CFO): 36 158 929 436 đ (BÁO CÁO LƯU CHUYỂN TIỀN TỆ).
- Lợi nhuận thuần từ hoạt động kinh doanh: 12 205 164 159 đ (BÁO CÁO LƯU CHUYỂN TIỀN TỆ).
- Khi chi phí trả trước giảm 13,8 tỷ đ, tiền mặt tăng tương đương, nhưng phần lớn tiền sẽ bị “đóng băng” trong hàng tồn kho (≈ 474 tỷ đ), làm giảm Free Cash Flow thực tế.

*Nhận xét*: CFO hiện tại cao hơn lợi nhuận nhưng nếu không giải phóng vốn từ hàng tồn kho, dòng tiền tự do có thể giảm, gây áp lực lên khả năng chi trả các nghĩa vụ ngắn hạn.

**Kết luận tổng thể**
- Việc giảm chi phí trả trước cho hoa hồng môi giới và thưởng bán hàng có thể cải thiện lợi nhuận ngắn hạn, nhưng nếu không đồng thời giảm hàng tồn kho, công ty sẽ đối mặt với rủi ro thanh khoản nghiêm trọng do Quick Ratio giảm sâu và tiền mặt bị giam giữ trong tồn kho.
- Rủi ro chính: khả năng đáp ứng nhanh các khoản nợ ngắn hạn yếu, khả năng duy trì dòng tiền tự do giảm, và tiềm năng giảm doanh thu nếu giảm khuyến khích bán hàng. Để hạn chế, cần đồng thời tối ưu vòng quay hàng tồn kho hoặc giảm mức tồn kho, đồng thời theo dõi chặt chẽ các chỉ số thanh khoản và lưu chuyển tiền.","Các chi phí trả trước cho hoa hồng môi giới và thưởng bán hàng đã giảm đáng kể từ 36.526.479.235 VND đầu năm xuống 22.694.655.761 VND cuối kỳ. Nếu xu hướng này tiếp tục mà không đi kèm với việc giảm hàng tồn kho tương ứng, điều này có thể báo hiệu một số rủi ro tài chính:\n-   **Giảm hoạt động bán hàng:** Công ty có thể đang giảm chi phí bán hàng do dự kiến giảm doanh số hoặc hoạt động bán hàng chậm lại, điều này có thể dẫn đến việc tích lũy hàng tồn kho nếu sản phẩm không được bán ra.\n-   **Hiệu quả marketing kém:** Chi phí marketing giảm có thể ảnh hưởng đến khả năng tiếp cận khách hàng và bán sản phẩm, đặc biệt là bất động sản.\n-   **Gánh nặng tồn kho:** Hàng tồn kho không được bán sẽ tiếp tục phát sinh chi phí lưu kho, rủi ro lỗi thời hoặc giảm giá, ảnh hưởng tiêu cực đến lợi nhuận.  \nTrong trường hợp này, việc giảm chi phí bán hàng mà không thấy hàng tồn kho giảm sẽ là một tín hiệu không tốt về khả năng chuyển đổi tài sản thành tiền mặt và doanh thu.",66,"Table: THUYẾT MINH BÁO CÁO TÀI CHÍNH
Subheading: 16. Chi phí phải trả ngắn hạn
Item: Trích trước chi phí dự án Phú Yên | Số cuối kỳ
Period: cuối
Value: 41.929.707.706
Note ref: V.16
---
Table: THUYẾT MINH BÁO CÁO TÀI CHÍNH
Subheading: 16. Chi phí phải trả ngắn hạn
Item: Trích trước chi phí dự án Bắc Giang | Số cuối kỳ
Period: cuối
Value: 25.512.823.827
Note ref: V.16
---
Table: THUYẾT MINH BÁO CÁO TÀI CHÍNH
Subheading: 16. Chi phí phải trả ngắn hạn
Item: Trích trước chi phí dự án Mũi Né | Số cuối kỳ
Period: cuối
Value: 2.610.053.657
Note ref: V.16
---
Table: THUYẾT MINH BÁO CÁO TÀI CHÍNH
Subheading: 16. Chi phí phải trả ngắn hạn
Item: Chi phí lãi vay phải trả | Số cuối kỳ
Period: cuối
Value: 11.570.981.974
Note ref: V.16
---
Table: THUYẾT MINH BÁO CÁO TÀI CHÍNH
Subheading: 8. Chi phí trả trước dài hạn
Item: Chi phí công cụ, dụng cụ | Số cuối kỳ
Period: cuối
Value: 1.141.547.635
Note ref: V.8
---
Table: THUYẾT MINH BÁO CÁO TÀI CHÍNH
Subheading: 7. Hàng tồn kho
Item: Hàng hóa | Số cuối kỳ
Period: cuối
Value: 12.556.351.760
Note ref: V.7
---
Table: THUYẾT MINH BÁO CÁO TÀI CHÍNH
Subheading: 7. Hàng tồn kho
Item: Cộng | Số cuối kỳ
Period: cuối
Value: 474.117.608.966
Note ref: V.7
---
Table: THUYẾT MINH BÁO CÁO TÀI CHÍNH
Subheading: 7. Hàng tồn kho
Item: Hàng hóa Bất động sản | Số cuối kỳ
Period: cuối
Value: 167.636.178.947
Note ref: V.7
---
Table: THUYẾT MINH BÁO CÁO TÀI CHÍNH
Subheading: 7. Hàng tồn kho
Item: Các dự án khác | Số cuối kỳ
Period: cuối
Value: 18.073.012.689
Note ref: V.7
---
Table: THUYẾT MINH BÁO CÁO TÀI CHÍNH
Subheading: 7. Hàng tồn kho
Item: Dự án Golden Palace Lạng Sơn | Số cuối kỳ
Period: cuối
Value: 88.024.895.519
Note ref: V.7
---
Table: THUYẾT MINH BÁO CÁO TÀI CHÍNH
Subheading: 8. Chi phí trả trước dài hạn
Item: Cộng | Số cuối kỳ
Period: cuối
Value: 23.836.203.396
Note ref: V.8
---
Table: THUYẾT MINH BÁO CÁO TÀI CHÍNH
Subheading: 8. Chi phí trả trước dài hạn
Item: Các dự án khác | Số cuối kỳ
Period: cuối
Value: 1.305.599.377
Note ref: V.8
---
Table: THUYẾT MINH BÁO CÁO TÀI CHÍNH
Subheading: 8. Chi phí trả trước dài hạn
Item: Dự án Mandala Phú Yên (Condotel) | Số cuối kỳ
Period: cuối
Value: 19.106.949.648
Note ref: V.8
---
Table: THUYẾT MINH BÁO CÁO TÀI CHÍNH
Subheading: 8. Chi phí trả trước dài hạn
Item: Chi phí hoa hồng môi giới, thưởng bán hàng | Số cuối kỳ
Period: cuối
Value: 22.694.655.761
Note ref: V.8
---
Table: THUYẾT MINH BÁO CÁO TÀI CHÍNH
Subheading: 1. Tiền và các khoản tương đương tiền
Item: Các khoản tương đương tiền | Số cuối năm
Period: cuối
Value: 80.000.000.000
Note ref: V.1
---
Table: THUYẾT MINH BÁO CÁO TÀI CHÍNH
Subheading: 1. Tiền và các khoản tương đương tiền
Item: Các khoản tương đương tiền | Số đầu năm
Period: đầu
Value: 42.000.000.000
Note ref: V.1
---
Table: THUYẾT MINH BÁO CÁO TÀI CHÍNH
Subheading: 1. Tiền và các khoản tương đương tiền
Item: Tiền mặt | Số cuối năm
Period: cuối
Value: 24.085.667
Note ref: V.1
---
Table: THUYẾT MINH BÁO CÁO TÀI CHÍNH
Subheading: 1. Tiền và các khoản tương đương tiền
Item: Tiền mặt | Số đầu năm
Period: đầu
Value: 118.292.930
Note ref: V.1
---
Table: THUYẾT MINH BÁO CÁO TÀI CHÍNH
Subheading: 1. Tiền và các khoản tương đương tiền
Item: Cộng | Số cuối năm
Period: cuối
Value: 97.964.405.114
Note ref: V.1
---
Table: BẢNG CÂN ĐỐI KẾ TOÁN
Subheading: Tổng nợ ngắn hạn
Item: I. Nợ ngắn hạn | Số cuối năm
Period: cuối
Value: 566.994.110.452
---
Table: BẢNG CÂN ĐỐI KẾ TOÁN
Subheading: Tổng nợ ngắn hạn
Item: I. Nợ ngắn hạn | Số đầu năm
Period: đầu
Value: 895.630.596.406
---
Table: THUYẾT MINH BÁO CÁO TÀI CHÍNH
Item: 18a. Vay ngắn hạn | Chuyển sang nợ vay ngắn hạn
Value: Khoản mục: Chuyển sang nợ vay ngắn hạn | Số cuối kỳ Giá trị: (19.424.900.000) | Số cuối kỳ Khả năng trả nợ: (19.424.900.000) | Trong kỳ Giảm: 19.424.900.000 | Số đầu kỳ Giá trị: - | Số đầu kỳ Khả năng trả nợ: -
---
Table: THUYẾT MINH BÁO CÁO TÀI CHÍNH
Subheading: 18a. Vay ngắn hạn
Item: a) Vay ngắn hạn | Số cuối kỳ Khả năng trả nợ
Period: cuối
Value: 156.502.422.354
Note ref: V.18a
---
Table: THUYẾT MINH BÁO CÁO TÀI CHÍNH
Subheading: 18a. Vay ngắn hạn
Item: a) Vay ngắn hạn | Số đầu kỳ Khả năng trả nợ
Period: đầu
Value: 380.475.557.454
Note ref: V.18a
---
Table: THUYẾT MINH BÁO CÁO TÀI CHÍNH
Item: Thuyết minh 16: Chi phí phải trả ngắn hạn | Các chi phí phải trả ngắn hạn khác
Value: Số cuối kỳ: - | Số đầu năm: 1.767.586.446
---
Table: THUYẾT MINH BÁO CÁO TÀI CHÍNH
Subheading: 16. Chi phí phải trả ngắn hạn
Item: Cộng | Số cuối kỳ
Period: cuối
Value: 81.623.567.164
Note ref: V.16
---
Table: THUYẾT MINH BÁO CÁO TÀI CHÍNH
Subheading: 16. Chi phí phải trả ngắn hạn
Item: Cộng | Số đầu năm
Period: đầu
Value: 92.849.850.808
Note ref: V.16
---
Table: THUYẾT MINH BÁO CÁO TÀI CHÍNH
Subheading: 16. Chi phí phải trả ngắn hạn
Item: Các chi phí phải trả ngắn hạn khác | Số đầu năm
Period: đầu
Value: 1.767.586.446
Note ref: V.16
---
Table: BẢNG CÂN ĐỐI KẾ TOÁN
Item: Vay và nợ thuê tài chính ngắn hạn | Số cuối năm
Period: cuối
Value: 156.502.422.354
Note ref: V.18a
---
Table: BẢNG CÂN ĐỐI KẾ TOÁN
Item: Vay và nợ thuê tài chính ngắn hạn | Số đầu năm
Period: đầu
Value: 380.475.557.454
Note ref: V.18a
---
Table: THUYẾT MINH BÁO CÁO TÀI CHÍNH
Item: Thuyết minh 8: Chi phí trả trước dài hạn | Chi phí hoa hồng môi giới, thưởng bán hàng
Value: Số cuối kỳ: 22.694.655.761 | Số đầu năm: 36.526.479.235
---
Table: THUYẾT MINH BÁO CÁO TÀI CHÍNH
Subheading: 8. Chi phí trả trước dài hạn
Item: Chi phí hoa hồng môi giới, thưởng bán hàng | Số đầu năm
Period: đầu
Value: 36.526.479.235
Note ref: V.8
---
Table: THUYẾT MINH BÁO CÁO TÀI CHÍNH
Item: Thuyết minh báo cáo tài chính
Value: Chi phí bán hàng dự án Chi phí bán hàng dự án (bao gồm: chi phí hoa hồng môi giới, chi phí thưởng bán hàng,...) được phân bổ vào chi phí tương ứng số căn hộ đã bàn giao cho khách hàng trong năm.
---
Table: THUYẾT MINH BÁO CÁO TÀI CHÍNH
Item: Thuyết minh báo cáo tài chính
Value: 6. Chi phí trả trước Chi phí trả trước bao gồm các chi phí thực tế đã phát sinh nhưng có liên quan đến kết quả hoạt động sản xuất kinh doanh của nhiều kỳ kế toán. Chi phí trả trước của Công ty là chi phí công cụ dụng cụ và chi phí bán hàng dự án chưa bàn giao. Các chi phí trả trước này được phân bổ trong khoảng thời gian trả trước hoặc thời gian các lợi ích kinh tế tương ứng được tạo ra từ các chi phí này.
---
Table: BÁO CÁO KẾT QUẢ HOẠT ĐỘNG KINH DOANH
Item: Chi phí bán hàng | Quý IV năm 2024
Period: cuối
Value: 7.244.929.997
Note ref: VI.6
---
Table: THUYẾT MINH BÁO CÁO TÀI CHÍNH
Subheading: 3. Giá vốn hàng bán
Item: Giá vốn hàng hóa | Luỹ kế từ đầu năm đến cuối kỳ này Năm nay
Value: 8.583.372.428
Note ref: V.3
---
Table: THUYẾT MINH BÁO CÁO TÀI CHÍNH
Subheading: 3. Giá vốn hàng bán
Item: Giá vốn hàng hóa | Luỹ kế từ đầu năm đến cuối kỳ này Năm trước
Value: 5.826.158.687
Note ref: V.3
---
Table: THUYẾT MINH BÁO CÁO TÀI CHÍNH
Subheading: 3. Giá vốn hàng bán
Item: Cộng | Luỹ kế từ đầu năm đến cuối kỳ này Năm nay
Value: 133.703.128.164
Note ref: V.3
---
Table: THUYẾT MINH BÁO CÁO TÀI CHÍNH
Subheading: 3. Giá vốn hàng bán
Item: Cộng | Luỹ kế từ đầu năm đến cuối kỳ này Năm trước
Value: 130.209.711.138
Note ref: V.3
---
Table: THUYẾT MINH BÁO CÁO TÀI CHÍNH
Subheading: 3. Giá vốn hàng bán
Item: Giá vốn BĐS | Luỹ kế từ đầu năm đến cuối kỳ này Năm nay
Value: 101.262.100.705
Note ref: V.3
---
Table: BÁO CÁO KẾT QUẢ HOẠT ĐỘNG KINH DOANH
Item: Lợi nhuận gộp về bán hàng và cung cấp dịch vụ | Quý IV năm 2024
Period: cuối
Value: 34.352.002.130
---
Table: BÁO CÁO KẾT QUẢ HOẠT ĐỘNG KINH DOANH
Item: Lợi nhuận gộp về bán hàng và cung cấp dịch vụ | Quý IV năm 2023
Period: đầu
Value: 2.249.284.279
---
Table: BÁO CÁO KẾT QUẢ HOẠT ĐỘNG KINH DOANH
Item: Lợi nhuận gộp về bán hàng và cung cấp dịch vụ | Lũy kế đến quý IV năm 2024
Period: cuối
Value: 75.877.336.939
---
Table: BÁO CÁO KẾT QUẢ HOẠT ĐỘNG KINH DOANH
Item: Lợi nhuận gộp về bán hàng và cung cấp dịch vụ | Lũy kế đến quý IV năm 2023
Period: đầu
Value: 52.040.652.356
---
Table: THUYẾT MINH BÁO CÁO TÀI CHÍNH
Item: 19a. Bảng đối chiếu biến động của vốn chủ sở hữu | Lợi nhuận trong kỳ
Value: Vốn đầu tư của chủ sở hữu: - | Lợi nhuận sau thuế chưa phân phối: (48.187.112.561) | Cộng: (48.187.112.561)
---
Table: BÁO CÁO KẾT QUẢ HOẠT ĐỘNG KINH DOANH
Item: Lợi nhuận thuần từ hoạt động kinh doanh | Quý IV năm 2024
Period: cuối
Value: 12.205.164.159
---
Table: BÁO CÁO KẾT QUẢ HOẠT ĐỘNG KINH DOANH
Item: Lợi nhuận thuần từ hoạt động kinh doanh | Lũy kế đến quý IV năm 2024
Period: cuối
Value: (12.918.933.440)
---
Table: BÁO CÁO KẾT QUẢ HOẠT ĐỘNG KINH DOANH
Item: Lợi nhuận thuần từ hoạt động kinh doanh | Quý IV năm 2023
Period: đầu
Value: (29.778.741.081)
---
Table: BÁO CÁO KẾT QUẢ HOẠT ĐỘNG KINH DOANH
Item: Lợi nhuận thuần từ hoạt động kinh doanh | Lũy kế đến quý IV năm 2023
Period: đầu
Value: (43.531.303.789)
---
Table: THUYẾT MINH BÁO CÁO TÀI CHÍNH
Subheading: 1. Doanh thu bán hàng và cung cấp dịch vụ
Item: Cộng | Luỹ kế từ đầu năm đến cuối kỳ này Năm nay
Value: 209.580.465.103
Note ref: V.1
---
Table: THUYẾT MINH BÁO CÁO TÀI CHÍNH
Subheading: 1. Doanh thu bán hàng và cung cấp dịch vụ
Item: Cộng | Luỹ kế từ đầu năm đến cuối kỳ này Năm trước
Value: 200.062.416.867
Note ref: V.1
---
Table: THUYẾT MINH BÁO CÁO TÀI CHÍNH
Subheading: 1. Doanh thu bán hàng và cung cấp dịch vụ
Item: Doanh thu bán hàng hóa | Luỹ kế từ đầu năm đến cuối kỳ này Năm nay
Value: 16.668.489.482
Note ref: V.1
---
Table: THUYẾT MINH BÁO CÁO TÀI CHÍNH
Subheading: 1. Doanh thu bán hàng và cung cấp dịch vụ
Item: Doanh thu bán hàng hóa | Luỹ kế từ đầu năm đến cuối kỳ này Năm trước
Value: 10.481.414.367
Note ref: V.1
---
Table: THUYẾT MINH BÁO CÁO TÀI CHÍNH
Subheading: 1. Doanh thu bán hàng và cung cấp dịch vụ
Item: Doanh thu cung cấp dịch vụ, cho thuê mặt bằng | Luỹ kế từ đầu năm đến cuối kỳ này Năm nay
Value: 5.168.271.585
Note ref: V.1
---
Table: BÁO CÁO LƯU CHUYỂN TIỀN TỆ
Item: Lưu chuyển tiền thuần từ hoạt động kinh doanh | Năm nay
Value: 36.158.929.436
---
Table: BÁO CÁO LƯU CHUYỂN TIỀN TỆ
Item: Lưu chuyển tiền thuần từ hoạt động kinh doanh | Năm trước
Value: (4.379.663.565)
---
Table: THUYẾT MINH BÁO CÁO TÀI CHÍNH
Item: Thuyết minh báo cáo tài chính
Value: 11. Các khoản nợ phải trả và chi phí phải trả Các khoản nợ phải trả và chi phí phải trả được ghi nhận cho số tiền phải trả trong tương lai liên quan đến hàng hóa và dịch vụ đã nhận được. Chi phí phải trả được ghi nhận dựa trên các ước tính hợp lý về số tiền phải trả. Việc phân loại các khoản phải trả là phải trả người bán, chi phí phải trả, và phải trả khác được thực hiện theo nguyên tắc sau: Phải trả người bán phản ánh các khoản phải trả mang tính chất thương mại phát sinh từ giao dịch mua hàng hóa, dịch vụ, tài sản và người bán là đơn vị độc lập với Công ty. Chi phí phải trả phản ánh các khoản phải trả cho hàng hóa, dịch vụ đã nhận được từ người bán hoặc đã cung cấp cho người mua nhưng chưa chi trả do chưa có hóa đơn hoặc chưa đủ hồ sơ, tài liệu kế toán và các khoản phải trả cho người lao động về tiền lương nghỉ phép, các khoản chi phí sản xuất, kinh doanh phải trích trước. Phải trả khác phản ánh các khoản phải trả không có tính thương mại, không liên quan đến giao dịch mua, bán, cung cấp hàng hóa dịch vụ. Các khoản nợ phải trả và chi phí phải trả được phân loại ngắn hạn và dài hạn trên Bảng cân đối kế toán căn cứ theo kỳ hạn còn lại tại ngày kết thúc năm tài chính.
---
Table: THUYẾT MINH BÁO CÁO TÀI CHÍNH
Item: Thuyết minh 4: Chu kỳ sản xuất, kinh doanh thông thường
Value: Chu kỳ sản xuất kinh doanh bình quân của hoạt động chuyển nhượng bất động sản của Công ty bắt đầu từ thời điểm xin giấy phép đầu tư, thực hiện giải phóng mặt bằng, xây dựng cơ bản cho đến thời điểm hoàn thiện. Do vậy, chu kỳ sản xuất kinh doanh của hoạt động chuyển nhượng bất động sản của Công ty thường trên 12 tháng.
---
Table: THUYẾT MINH BÁO CÁO TÀI CHÍNH
Item: Thuyết minh 1: Doanh thu bán hàng và cung cấp dịch vụ | Doanh thu cung cấp dịch vụ, cho thuê mặt bằng
Value: Luỹ kế từ đầu năm đến cuối kỳ này Năm nay: 5.168.271.585 | Luỹ kế từ đầu năm đến cuối kỳ này Năm trước: 7.582.607.948
---
Table: THUYẾT MINH BÁO CÁO TÀI CHÍNH
Item: Thuyết minh 1: Doanh thu bán hàng và cung cấp dịch vụ | Doanh thu bán hàng hóa
Value: Luỹ kế từ đầu năm đến cuối kỳ này Năm nay: 16.668.489.482 | Luỹ kế từ đầu năm đến cuối kỳ này Năm trước: 10.481.414.367
---
Table: THUYẾT MINH BÁO CÁO TÀI CHÍNH
Subheading: 4. Trả trước cho người bán ngắn hạn
Item: Trả trước cho nhà cung cấp | Số cuối kỳ
Period: cuối
Value: 11.748.605.329
Note ref: V.4
---
Table: THUYẾT MINH BÁO CÁO TÀI CHÍNH
Subheading: 1. Tiền và các khoản tương đương tiền
Item: Tiền gửi ngân hàng không kỳ hạn | Số cuối năm
Period: cuối
Value: 17.830.416.837
Note ref: V.1
---
Table: THUYẾT MINH BÁO CÁO TÀI CHÍNH
Item: Thuyết minh 1: Tiền và các khoản tương đương tiền | Các khoản tương đương tiền
Value: Số cuối năm: 80.000.000.000 | Số đầu năm: 42.000.000.000
---
Table: THUYẾT MINH BÁO CÁO TÀI CHÍNH
Item: Thuyết minh 1: Tiền và các khoản tương đương tiền | Cộng
Value: Số cuối năm: 97.964.405.114 | Số đầu năm: 60.575.342.749
---
Table: THUYẾT MINH BÁO CÁO TÀI CHÍNH
Item: Thuyết minh 8: Chi phí trả trước dài hạn | Các chi phí trả trước dài hạn khác
Value: Số đầu năm: 77.774.900
---
Table: THUYẾT MINH BÁO CÁO TÀI CHÍNH
Item: Thuyết minh 7: Hàng tồn kho | Hàng hóa
Value: Số cuối kỳ: 12.556.351.760 | Số đầu năm: 13.506.255.452",1,,530539,65071,,,,
177,Tính toán tỷ lệ hàng tồn kho trên tổng tài sản ngắn hạn (tham khảo chunk tài sản ngắn hạn) cuối kỳ.,"Dựa trên số liệu cuối kỳ:
- Hàng tồn kho = 12.556.351.760 (BẢNG CÂN ĐỐI KẾ TOÁN, mục Hàng hóa | Số cuối kỳ).
- Tổng tài sản ngắn hạn = 984.330.724.539 (BẢNG CÂN ĐỐI KẾ TOÁN, mục A - TÀI SẢN NGẮN HẠN | Số cuối năm).

Tỷ lệ hàng tồn kho trên tổng tài sản ngắn hạn = (12.556.351.760 ÷ 984.330.724.539) ≈ 0,0128 ≈ 1,28 %.",Tổng giá trị hàng tồn kho cuối kỳ là 474.117.608.966 VND. Tổng tài sản ngắn hạn cuối kỳ (từ chunk 3) là 984.330.724.539 VND. Tỷ lệ hàng tồn kho trên tổng tài sản ngắn hạn cuối kỳ là (474.117.608.966 / 984.330.724.539) * 100% ≈ 48.17%.,9,"Table: THUYẾT MINH BÁO CÁO TÀI CHÍNH
Subheading: 7. Hàng tồn kho
Item: Hàng hóa | Số cuối kỳ
Period: cuối
Value: 12.556.351.760
Note ref: V.7
---
Table: THUYẾT MINH BÁO CÁO TÀI CHÍNH
Subheading: 7. Hàng tồn kho
Item: Cộng | Số cuối kỳ
Period: cuối
Value: 474.117.608.966
Note ref: V.7
---
Table: THUYẾT MINH BÁO CÁO TÀI CHÍNH
Subheading: 7. Hàng tồn kho
Item: Hàng hóa Bất động sản | Số cuối kỳ
Period: cuối
Value: 167.636.178.947
Note ref: V.7
---
Table: THUYẾT MINH BÁO CÁO TÀI CHÍNH
Subheading: 7. Hàng tồn kho
Item: Các dự án khác | Số cuối kỳ
Period: cuối
Value: 18.073.012.689
Note ref: V.7
---
Table: THUYẾT MINH BÁO CÁO TÀI CHÍNH
Subheading: 7. Hàng tồn kho
Item: Dự án Golden Palace Lạng Sơn | Số cuối kỳ
Period: cuối
Value: 88.024.895.519
Note ref: V.7
---
Table: BẢNG CÂN ĐỐI KẾ TOÁN
Subheading: Tổng tài sản ngắn hạn
Item: A - TÀI SẢN NGẮN HẠN | Số cuối năm
Period: cuối
Value: 984.330.724.539
---
Table: BẢNG CÂN ĐỐI KẾ TOÁN
Subheading: Tổng tài sản ngắn hạn
Item: A - TÀI SẢN NGẮN HẠN | Số đầu năm
Period: đầu
Value: 1.045.015.266.013
---
Table: BẢNG CÂN ĐỐI KẾ TOÁN
Item: Tài sản ngắn hạn khác | Số cuối năm
Period: cuối
Value: 9.720.712.203
---
Table: THUYẾT MINH BÁO CÁO TÀI CHÍNH
Subheading: 13. Phải trả người bán ngắn hạn
Item: Công ty Cổ phần Quản lý Vận hành Bất động sản Mandala | Số cuối kỳ
Period: cuối
Value: 19.682.287
Note ref: V.13",1,,19354,10260,,,,
178,Dự báo tác động của việc tăng chi phí trả trước dài hạn khác đến cơ cấu tài chính của công ty.,"Dựa trên số liệu hiện có:

**1. Thanh khoản và an toàn tài chính** (agent_liquidity_solvency)
- Tổng tài sản cuối kỳ: 1.662.694.128.863 đồng (BẢNG CÂN ĐỐI KẾ TOÁN).
- Vốn chủ sở hữu cuối kỳ: 884.244.721.299 đồng (BẢNG CÂN ĐỐI KẾ TOÁN).
- Nợ dài hạn cuối kỳ: 211.455.297.112 đồng (BẢNG CÂN ĐỐI KẾ TOÁN).
- Nợ ngắn hạn cuối kỳ: 566.994.110.452 đồng (BẢNG CÂN ĐỐI KẾ TOÁN).
- **Hệ số nợ trên vốn chủ sở hữu (Debt/Equity)**: 0.88 = 778.449.407.564 đồng / 884.244.721.299 đồng.
- **Current Ratio** (ước tính): (Tiền và các khoản tương đương tiền 80 tỷ + Các khoản phải thu ngắn hạn 362.793 tỷ + Hàng tồn kho 474.118 tỷ) ÷ Nợ ngắn hạn 566.994 tỷ ≈ 1.62.

*Nhận xét*: Hệ số nợ/vốn đã giảm so với đầu năm (từ ≈1.13 → 0.88), cho thấy cải thiện đòn bẩy tài chính. Current Ratio > 1, tuy nhiên phần lớn tài sản lưu động là phải thu và tồn kho, cần kiểm tra chất lượng.

**2. Dòng tiền** (agent_cashflow_analysis)
- Lưu chuyển tiền thuần từ hoạt động kinh doanh (CFO): 36.158.929.436 đồng (BÁO CÁO LƯU CHUYỂN TIỀN TỆ) – tăng mạnh so với năm trước.
- Lưu chuyển tiền thuần từ hoạt động đầu tư (CFI): 40.218.532.929 đồng (BÁO CÁO LƯU CHUYỂN TIỀN TỆ) – giảm so với năm trước 87.211.618.301 đồng, cho thấy giảm chi tiêu đầu tư hoặc thu hồi vốn.
- Lưu chuyển tiền thuần từ hoạt động tài chính (CFF): không có số liệu trong facts hiện có.

*Nhận xét*: CFO dương mạnh và tăng, hỗ trợ khả năng thanh toán ngắn hạn. CFI dương lớn (đầu tư tăng) và thiếu CFF làm khó đánh giá cách công ty tài trợ đầu tư; tăng nợ dài hạn đã phản ánh việc dùng vay để chi trả đầu tư.

**3. Giới hạn dữ liệu**
- ""Các chi phí trả trước dài hạn khác"" chỉ có số đầu năm 77.774.900 đồng, không có số cuối kỳ và không có dự báo mức tăng (đồng hoặc %), cũng như không rõ phương án tài trợ (nợ hay vốn).
- Do thiếu các thông tin trên, không thể định lượng chính xác mức tăng tài sản dài hạn, mức tăng nợ hoặc vốn chủ sở hữu, và do đó không thể tính chính xác các chỉ số tài chính sau khi chi phí trả trước tăng.

**Kết luận tổng thể**
Công ty hiện có Debt/Equity giảm và Current Ratio trên 1, cùng CFO tăng mạnh, cho thấy cấu trúc tài chính khá ổn định. Tuy nhiên, việc tăng chi phí trả trước dài hạn khác, nếu được tài trợ bằng nợ dài hạn, sẽ làm tăng Debt/Equity và giảm lợi thế tài chính; nếu được tài trợ bằng vốn chủ sở hữu, ảnh hưởng sẽ ít hơn. Do thiếu số liệu cuối kỳ và dự báo mức tăng, cần bổ sung dữ liệu này để đưa ra dự báo định lượng chi tiết.","Chi phí trả trước dài hạn khác đã tăng từ 0 VND đầu năm lên 77.774.900 VND cuối kỳ. Mặc dù số tiền này còn nhỏ, nếu xu hướng tăng lên của các chi phí trả trước dài hạn tiếp tục, nó sẽ làm tăng tài sản dài hạn của công ty. Điều này có thể ảnh hưởng đến cơ cấu tài chính bằng cách dịch chuyển tỷ trọng tài sản sang các khoản mục không thanh khoản ngay lập tức. Nếu các chi phí này liên quan đến các dự án hoặc hoạt động dài hạn có khả năng sinh lời, đó có thể là một khoản đầu tư chiến lược. Tuy nhiên, nếu các chi phí này không tạo ra lợi ích kinh tế tương xứng trong tương lai, chúng có thể trở thành gánh nặng, làm giảm hiệu quả sử dụng vốn và cần được xem xét cẩn trọng.",44,"Table: THUYẾT MINH BÁO CÁO TÀI CHÍNH
Subheading: 8. Chi phí trả trước dài hạn
Item: Cộng | Số cuối kỳ
Period: cuối
Value: 23.836.203.396
Note ref: V.8
---
Table: THUYẾT MINH BÁO CÁO TÀI CHÍNH
Subheading: 8. Chi phí trả trước dài hạn
Item: Chi phí công cụ, dụng cụ | Số cuối kỳ
Period: cuối
Value: 1.141.547.635
Note ref: V.8
---
Table: THUYẾT MINH BÁO CÁO TÀI CHÍNH
Subheading: 8. Chi phí trả trước dài hạn
Item: Các dự án khác | Số cuối kỳ
Period: cuối
Value: 1.305.599.377
Note ref: V.8
---
Table: THUYẾT MINH BÁO CÁO TÀI CHÍNH
Subheading: 8. Chi phí trả trước dài hạn
Item: Dự án Mandala Phú Yên (Condotel) | Số cuối kỳ
Period: cuối
Value: 19.106.949.648
Note ref: V.8
---
Table: THUYẾT MINH BÁO CÁO TÀI CHÍNH
Subheading: 8. Chi phí trả trước dài hạn
Item: Chi phí hoa hồng môi giới, thưởng bán hàng | Số cuối kỳ
Period: cuối
Value: 22.694.655.761
Note ref: V.8
---
Table: BẢNG CÂN ĐỐI KẾ TOÁN
Subheading: Tổng nợ dài hạn
Item: II. Nợ dài hạn | Số cuối năm
Period: cuối
Value: 211.455.297.112
---
Table: BẢNG CÂN ĐỐI KẾ TOÁN
Subheading: Tổng nợ dài hạn
Item: II. Nợ dài hạn | Số đầu năm
Period: đầu
Value: 115.369.440.931
---
Table: THUYẾT MINH BÁO CÁO TÀI CHÍNH
Item: 18a. Vay ngắn hạn | Kết chuyển từ vay và nợ dài hạn
Value: Khoản mục: Kết chuyển từ vay và nợ dài hạn | Số cuối kỳ Giá trị: 19.424.900.000 | Số cuối kỳ Khả năng trả nợ: 19.424.900.000 | Trong kỳ Tăng: 19.424.900.000
---
Table: THUYẾT MINH BÁO CÁO TÀI CHÍNH
Subheading: 18a. Vay ngắn hạn
Item: Kết chuyển từ vay và nợ dài hạn | Số cuối kỳ Khả năng trả nợ
Period: cuối
Value: 19.424.900.000
Note ref: V.18a
---
Table: THUYẾT MINH BÁO CÁO TÀI CHÍNH
Item: 18a. Vay ngắn hạn | b) Vay dài hạn
Value: Khoản mục: b) Vay dài hạn | Số cuối kỳ Giá trị: 165.014.900.000 | Số cuối kỳ Khả năng trả nợ: 165.014.900.000 | Trong kỳ Tăng: 114.959.800.000 | Trong kỳ Giảm: 19.424.900.000 | Số đầu kỳ Giá trị: 69.480.000.000 | Số đầu kỳ Khả năng trả nợ: 69.480.000.000
---
Table: BẢNG CÂN ĐỐI KẾ TOÁN
Subheading: Tổng nợ ngắn hạn
Item: I. Nợ ngắn hạn | Số cuối năm
Period: cuối
Value: 566.994.110.452
---
Table: BẢNG CÂN ĐỐI KẾ TOÁN
Subheading: Tổng nợ ngắn hạn
Item: I. Nợ ngắn hạn | Số đầu năm
Period: đầu
Value: 895.630.596.406
---
Table: THUYẾT MINH BÁO CÁO TÀI CHÍNH
Item: 18a. Vay ngắn hạn | Chuyển sang nợ vay ngắn hạn
Value: Khoản mục: Chuyển sang nợ vay ngắn hạn | Số cuối kỳ Giá trị: (19.424.900.000) | Số cuối kỳ Khả năng trả nợ: (19.424.900.000) | Trong kỳ Giảm: 19.424.900.000 | Số đầu kỳ Giá trị: - | Số đầu kỳ Khả năng trả nợ: -
---
Table: THUYẾT MINH BÁO CÁO TÀI CHÍNH
Subheading: 18a. Vay ngắn hạn
Item: a) Vay ngắn hạn | Số cuối kỳ Khả năng trả nợ
Period: cuối
Value: 156.502.422.354
Note ref: V.18a
---
Table: THUYẾT MINH BÁO CÁO TÀI CHÍNH
Subheading: 18a. Vay ngắn hạn
Item: a) Vay ngắn hạn | Số đầu kỳ Khả năng trả nợ
Period: đầu
Value: 380.475.557.454
Note ref: V.18a
---
Table: BẢNG CÂN ĐỐI KẾ TOÁN
Subheading: Tổng vốn chủ sở hữu
Item: D - NGUỒN VỐN CHỦ SỞ HỮU | Số đầu năm
Period: đầu
Value: 895.094.437.312
---
Table: BẢNG CÂN ĐỐI KẾ TOÁN
Subheading: Tổng vốn chủ sở hữu
Item: D - NGUỒN VỐN CHỦ SỞ HỮU | Số cuối năm
Period: cuối
Value: 884.244.721.299
---
Table: THUYẾT MINH BÁO CÁO TÀI CHÍNH
Subheading: 19a. Bảng đối chiếu biến động của vốn chủ sở hữu — Kỳ này
Item: Số dư đầu năm | Cộng
Value: 895.094.437.312
Note ref: V.19a
---
Table: THUYẾT MINH BÁO CÁO TÀI CHÍNH
Subheading: 19a. Bảng đối chiếu biến động của vốn chủ sở hữu — Kỳ này
Item: Số dư cuối kỳ | Cộng
Value: 884.244.721.299
Note ref: V.19a
---
Table: THUYẾT MINH BÁO CÁO TÀI CHÍNH
Subheading: 19a. Bảng đối chiếu biến động của vốn chủ sở hữu — Kỳ trước
Item: Số đầu năm | Cộng
Value: 943.281.549.873
Note ref: V.19a
---
Table: BẢNG CÂN ĐỐI KẾ TOÁN
Subheading: Tổng tài sản
Item: TỔNG CỘNG TÀI SẢN | Số cuối năm
Period: cuối
Value: 1.662.694.128.863
---
Table: BẢNG CÂN ĐỐI KẾ TOÁN
Subheading: Tổng tài sản
Item: TỔNG CỘNG TÀI SẢN | Số đầu năm
Period: đầu
Value: 1.906.094.474.649
---
Table: BẢNG CÂN ĐỐI KẾ TOÁN
Item: Các khoản phải thu ngắn hạn | Số đầu năm
Period: đầu
Value: 401.680.516.983
---
Table: BẢNG CÂN ĐỐI KẾ TOÁN
Item: Các khoản phải thu ngắn hạn | Số cuối năm
Period: cuối
Value: 362.793.062.285
---
Table: THUYẾT MINH BÁO CÁO TÀI CHÍNH
Subheading: 7. Hàng tồn kho
Item: Hàng hóa | Số cuối kỳ
Period: cuối
Value: 12.556.351.760
Note ref: V.7
---
Table: THUYẾT MINH BÁO CÁO TÀI CHÍNH
Subheading: 7. Hàng tồn kho
Item: Cộng | Số cuối kỳ
Period: cuối
Value: 474.117.608.966
Note ref: V.7
---
Table: THUYẾT MINH BÁO CÁO TÀI CHÍNH
Subheading: 7. Hàng tồn kho
Item: Hàng hóa Bất động sản | Số cuối kỳ
Period: cuối
Value: 167.636.178.947
Note ref: V.7
---
Table: THUYẾT MINH BÁO CÁO TÀI CHÍNH
Subheading: 7. Hàng tồn kho
Item: Các dự án khác | Số cuối kỳ
Period: cuối
Value: 18.073.012.689
Note ref: V.7
---
Table: THUYẾT MINH BÁO CÁO TÀI CHÍNH
Subheading: 7. Hàng tồn kho
Item: Dự án Golden Palace Lạng Sơn | Số cuối kỳ
Period: cuối
Value: 88.024.895.519
Note ref: V.7
---
Table: THUYẾT MINH BÁO CÁO TÀI CHÍNH
Subheading: 1. Tiền và các khoản tương đương tiền
Item: Các khoản tương đương tiền | Số cuối năm
Period: cuối
Value: 80.000.000.000
Note ref: V.1
---
Table: THUYẾT MINH BÁO CÁO TÀI CHÍNH
Subheading: 1. Tiền và các khoản tương đương tiền
Item: Các khoản tương đương tiền | Số đầu năm
Period: đầu
Value: 42.000.000.000
Note ref: V.1
---
Table: THUYẾT MINH BÁO CÁO TÀI CHÍNH
Subheading: 1. Tiền và các khoản tương đương tiền
Item: Tiền mặt | Số cuối năm
Period: cuối
Value: 24.085.667
Note ref: V.1
---
Table: THUYẾT MINH BÁO CÁO TÀI CHÍNH
Subheading: 1. Tiền và các khoản tương đương tiền
Item: Tiền mặt | Số đầu năm
Period: đầu
Value: 118.292.930
Note ref: V.1
---
Table: THUYẾT MINH BÁO CÁO TÀI CHÍNH
Subheading: 1. Tiền và các khoản tương đương tiền
Item: Cộng | Số cuối năm
Period: cuối
Value: 97.964.405.114
Note ref: V.1
---
Table: THUYẾT MINH BÁO CÁO TÀI CHÍNH
Item: Thuyết minh 8: Chi phí trả trước dài hạn | Các chi phí trả trước dài hạn khác
Value: Số đầu năm: 77.774.900
---
Table: THUYẾT MINH BÁO CÁO TÀI CHÍNH
Item: Thuyết minh 8: Chi phí trả trước dài hạn | Các dự án khác
Value: Số cuối kỳ: 1.305.599.377 | Số đầu năm: 1.244.284.892
---
Table: THUYẾT MINH BÁO CÁO TÀI CHÍNH
Subheading: 8. Chi phí trả trước dài hạn
Item: Các chi phí trả trước dài hạn khác | Số đầu năm
Period: đầu
Value: 77.774.900
Note ref: V.8
---
Table: THUYẾT MINH BÁO CÁO TÀI CHÍNH
Item: Thuyết minh báo cáo tài chính
Value: 15. Chi phí đi vay Chi phí đi vay bao gồm lãi tiền vay và các chi phí khác phát sinh liên quan trực tiếp đến các khoản vay. Chi phí đi vay được ghi nhận vào chi phí khi phát sinh. Trường hợp chi phí đi vay liên quan trực tiếp đến việc đầu tư xây dựng hoặc sản xuất tài sản dở dang cần có một thời gian đủ dài (trên 12 tháng) để có thể đưa vào sử dụng theo mục đích định trước hoặc bán thì chi phí đi vay này được tính vào giá trị của tài sản đó. Đối với khoản vay riêng phục vụ việc xây dựng tài sản cố định, bất động sản đầu tư, lãi vay được vốn hóa kể cả khi thời gian xây dựng dưới 12 tháng. Các khoản thu nhập phát sinh từ việc đầu tư tạm thời các khoản vay được ghi giảm nguyên giá tài sản có liên quan. Đối với các khoản vốn vay chung trong đó có sử dụng cho mục đích đầu tư xây dựng hoặc sản xuất tài sản dở dang thì chi phí đi vay vốn hóa được xác định theo tỷ lệ vốn hóa đối với chi phí lũy kế bình quân gia quyền phát sinh cho việc đầu tư xây dựng cơ bản hoặc sản xuất tài sản đó. Tỷ lệ vốn hóa được tính theo tỷ lệ lãi suất bình quân gia quyền của các khoản vay chưa trả trong năm, ngoại trừ các khoản vay riêng biệt phục vụ cho mục đích hình thành một tài sản cụ thể.
---
Table: BÁO CÁO LƯU CHUYỂN TIỀN TỆ
Item: Lưu chuyển tiền thuần từ hoạt động kinh doanh | Năm nay
Value: 36.158.929.436
---
Table: BÁO CÁO LƯU CHUYỂN TIỀN TỆ
Item: Lưu chuyển tiền thuần từ hoạt động kinh doanh | Năm trước
Value: (4.379.663.565)
---
Table: BÁO CÁO LƯU CHUYỂN TIỀN TỆ
Item: Lưu chuyển tiền thuần từ hoạt động đầu tư | Năm nay
Value: 40.218.532.929
---
Table: BÁO CÁO LƯU CHUYỂN TIỀN TỆ
Item: Lưu chuyển tiền thuần từ hoạt động đầu tư | Năm trước
Value: 87.211.618.301
---
Table: THUYẾT MINH BÁO CÁO TÀI CHÍNH
Item: Thuyết minh 8: Chi phí trả trước dài hạn | Chi phí công cụ, dụng cụ
Value: Số cuối kỳ: 1.141.547.635 | Số đầu năm: 1.365.022.737
---
Table: THUYẾT MINH BÁO CÁO TÀI CHÍNH
Subheading: 8. Chi phí trả trước dài hạn
Item: Chi phí công cụ, dụng cụ | Số đầu năm
Period: đầu
Value: 1.365.022.737
Note ref: V.8",1,,256445,46882,,,,
179,Nguyên giá nhà cửa và vật kiến trúc đầu năm là bao nhiêu VND?,Nguyên giá nhà cửa và vật kiến trúc đầu năm là 196.560.414.828 VND.,Nguyên giá nhà cửa và vật kiến trúc đầu năm là 196.560.414.828 VND.,3,"Table: THUYẾT MINH BÁO CÁO TÀI CHÍNH
Subheading: 9. Tài sản cố định hữu hình — Nguyên giá
Item: Số đầu năm | Nhà cửa, vật kiến trúc
Value: 196.560.414.828
Note ref: V.9
---
Table: THUYẾT MINH BÁO CÁO TÀI CHÍNH
Subheading: Là chương trình phần mềm, chi tiết như sau: — Nguyên giá
Item: Số đầu năm | Nhà
Value: 107.081.636.718
Note ref: V.9
---
Table: THUYẾT MINH BÁO CÁO TÀI CHÍNH
Subheading: 9. Tài sản cố định hữu hình — Nguyên giá
Item: Chuyển sang bất động sản đầu tư | Nhà cửa, vật kiến trúc
Value: (178.321.426.654)
Note ref: V.9",1,,15393,8853,,,,
180,Giá trị còn lại thuần của phương tiện vận tải cuối kỳ là bao nhiêu VND?,Giá trị còn lại thuần của phương tiện vận tải cuối kỳ là 679.812.181 VND.,Giá trị còn lại thuần của phương tiện vận tải cuối kỳ là 679.812.181 VND.,5,"Table: THUYẾT MINH BÁO CÁO TÀI CHÍNH
Subheading: Giá trị còn lại
Item: Số cuối kỳ | Phương tiện vận tải, truyền dẫn
Value: 679.812.181
Note ref: V.9
---
Table: THUYẾT MINH BÁO CÁO TÀI CHÍNH
Subheading: Là chương trình phần mềm, chi tiết như sau:
Item: Số cuối kỳ | Giá trị còn lại
Value: 17.566.667
Note ref: V.9
---
Table: THUYẾT MINH BÁO CÁO TÀI CHÍNH
Subheading: Là chương trình phần mềm, chi tiết như sau: — Giá trị còn lại
Item: Số cuối kỳ | Nhà
Value: 66.378.867.796
Note ref: V.9
---
Table: THUYẾT MINH BÁO CÁO TÀI CHÍNH
Subheading: Là chương trình phần mềm, chi tiết như sau: — Giá trị còn lại
Item: Số cuối kỳ | Cộng
Value: 234.660.811.747
Note ref: V.9
---
Table: THUYẾT MINH BÁO CÁO TÀI CHÍNH
Subheading: Là chương trình phần mềm, chi tiết như sau: — Giá trị còn lại
Item: Số cuối kỳ | Cơ sở hạ tầng
Value: 168.281.943.951
Note ref: V.9",1,,11415,8838,,,,
