id,question,answer,ground_truth,retrieved_contexts_n,retrieved_contexts,seed_contexts_n,errors,runtime,tokens,faithfulness,answer_relevancy,context_precision,context_recall
181,So sánh nguyên giá tổng cộng tài sản cố định hữu hình cuối kỳ và đầu năm. Mức độ thay đổi là bao nhiêu?,"Dựa trên số liệu hiện có: Nguyên giá tài sản cố định hữu hình đầu năm = 202.406.369.251 đồng, cuối kỳ = 24.034.952.927 đồng. Thay đổi = cuối kỳ – đầu năm = -178.371.416.324 đồng (giảm 178.371.416.324 đồng), tương đương giảm khoảng 88,2 % so với đầu năm.","Nguyên giá tổng cộng tài sản cố định hữu hình cuối kỳ là 24.034.952.927 VND, trong khi đầu năm là 202.406.369.251 VND. Mức độ thay đổi là giảm 178.371.416.324 VND.",8,"Table: BẢNG CÂN ĐỐI KẾ TOÁN
Subheading: Tổng tài sản
Item: TỔNG CỘNG TÀI SẢN | Số đầu năm
Period: đầu
Value: 1.906.094.474.649
---
Table: BẢNG CÂN ĐỐI KẾ TOÁN
Subheading: Tổng tài sản
Item: TỔNG CỘNG TÀI SẢN | Số cuối năm
Period: cuối
Value: 1.662.694.128.863
---
Table: THUYẾT MINH BÁO CÁO TÀI CHÍNH
Subheading: 9. Tài sản cố định hữu hình — Nguyên giá
Item: Số đầu năm | Cộng
Value: 202.406.369.251
Note ref: V.9
---
Table: THUYẾT MINH BÁO CÁO TÀI CHÍNH
Subheading: 9. Tài sản cố định hữu hình — Nguyên giá
Item: Số cuối kỳ | Cộng
Value: 24.034.952.927
Note ref: V.9
---
Table: THUYẾT MINH BÁO CÁO TÀI CHÍNH
Subheading: 9. Tài sản cố định hữu hình — Nguyên giá
Item: Chuyển sang bất động sản đầu tư | Cộng
Value: (178.321.426.654)
Note ref: V.9
---
Table: THUYẾT MINH BÁO CÁO TÀI CHÍNH
Subheading: 11. Bất động sản đầu tư cho thuê — Là chương trình phần mềm, chi tiết như sau: — Nguyên giá
Item: Chuyển từ tài sản cố định hữu hình | Cộng
Value: 178.321.426.654
Note ref: V.11
---
Table: THUYẾT MINH BÁO CÁO TÀI CHÍNH
Subheading: 9. Tài sản cố định hữu hình — Nguyên giá
Item: Số cuối kỳ | Tài sản cố định khác
Value: 3.539.232.509
Note ref: V.9
---
Table: THUYẾT MINH BÁO CÁO TÀI CHÍNH
Subheading: 9. Tài sản cố định hữu hình — Nguyên giá
Item: Số đầu năm | Tài sản cố định khác
Value: 3.539.232.509
Note ref: V.9",1,,18793,9682,0.8,0.8808314753630166,0.4166666666458333,1.0
182,Khoản mục nào có giá trị còn lại thuần giảm mạnh nhất từ đầu năm đến cuối kỳ?,"- **Khoản mục giảm mạnh nhất:** Nhà cửa, vật kiến trúc (giá trị còn lại)
  - Giá trị còn lại số đầu năm: 186.239.615.752 đồng (BẢNG CÂN ĐỐI KẾ TOÁN)
  - Giá trị còn lại số cuối kỳ: 13.223.266.430 đồng (BẢNG CÂN ĐỐI KẾ TOÁN)
  - **Mức giảm:** 186.239.615.752 − 13.223.266.430 = 173.016.349.322 đồng

*Nhận xét:*
- Khoản mục này giảm mạnh nhất so với các tài sản khác (so với giảm 366 triệu đồng của tài sản cố định khác, 179 triệu đồng của phương tiện vận tải, …).
- Sự sụt giảm lớn có thể phản ánh việc thanh lý, chuyển nhượng hoặc giá trị sổ sách đã được điều chỉnh giảm đáng kể trong kỳ, ảnh hưởng tới khối lượng tài sản cố định và vốn lưu động của doanh nghiệp.",Khoản mục Nhà cửa và vật kiến trúc có giá trị còn lại thuần giảm mạnh nhất từ 186.239.615.752 VND đầu năm xuống 13.223.266.430 VND cuối kỳ.,102,"Table: THUYẾT MINH BÁO CÁO TÀI CHÍNH
Subheading: 9. Tài sản cố định hữu hình — Nguyên giá
Item: Số đầu năm | Cộng
Value: 202.406.369.251
Note ref: V.9
---
Table: THUYẾT MINH BÁO CÁO TÀI CHÍNH
Subheading: 9. Tài sản cố định hữu hình — Nguyên giá
Item: Số cuối kỳ | Cộng
Value: 24.034.952.927
Note ref: V.9
---
Table: THUYẾT MINH BÁO CÁO TÀI CHÍNH
Subheading: 9. Tài sản cố định hữu hình — Giá trị hao mòn
Item: Số đầu năm | Cộng
Value: 12.494.119.719
Note ref: V.9
---
Table: BẢNG CÂN ĐỐI KẾ TOÁN
Subheading: Tài sản cố định hữu hình
Item: Nguyên giá | Số đầu năm
Period: đầu
Value: 202.406.369.251
---
Table: THUYẾT MINH BÁO CÁO TÀI CHÍNH
Subheading: 9. Tài sản cố định hữu hình — Giá trị hao mòn
Item: Số cuối kỳ | Cộng
Value: 7.708.754.109
Note ref: V.9
---
Table: BẢNG CÂN ĐỐI KẾ TOÁN
Subheading: Tài sản cố định hữu hình
Item: Nguyên giá | Số cuối năm
Period: cuối
Value: 24.034.952.927
---
Table: BẢNG CÂN ĐỐI KẾ TOÁN
Subheading: Tài sản cố định hữu hình
Item: Giá trị hao mòn lũy kế | Số đầu năm
Period: đầu
Value: (12.494.119.719)
---
Table: BẢNG CÂN ĐỐI KẾ TOÁN
Subheading: Tài sản cố định hữu hình
Item: Giá trị hao mòn lũy kế | Số cuối năm
Period: cuối
Value: (7.708.754.109)
---
Table: THUYẾT MINH BÁO CÁO TÀI CHÍNH
Subheading: 9. Tài sản cố định hữu hình — Giá trị hao mòn
Item: Số đầu năm | Tài sản cố định khác
Value: 760.514.585
Note ref: V.9
---
Table: THUYẾT MINH BÁO CÁO TÀI CHÍNH
Subheading: 9. Tài sản cố định hữu hình — Giá trị hao mòn
Item: Số cuối kỳ | Tài sản cố định khác
Value: 1.126.528.181
Note ref: V.9
---
Table: THUYẾT MINH BÁO CÁO TÀI CHÍNH
Subheading: 9. Tài sản cố định hữu hình — Nguyên giá
Item: Số đầu năm | Tài sản cố định khác
Value: 3.539.232.509
Note ref: V.9
---
Table: THUYẾT MINH BÁO CÁO TÀI CHÍNH
Subheading: 9. Tài sản cố định hữu hình — Nguyên giá
Item: Số cuối kỳ | Tài sản cố định khác
Value: 3.539.232.509
Note ref: V.9
---
Table: THUYẾT MINH BÁO CÁO TÀI CHÍNH
Subheading: 9. Tài sản cố định hữu hình — Giá trị hao mòn — Khấu hao trong kỳ
Item: Khấu hao trong năm | Tài sản cố định khác
Value: 366.013.596
Note ref: V.9
---
Table: THUYẾT MINH BÁO CÁO TÀI CHÍNH
Subheading: 9. Tài sản cố định hữu hình — Giá trị hao mòn — Khấu hao trong kỳ
Item: Khấu hao trong năm | Cộng
Value: 1.481.650.800
Note ref: V.9
---
Table: THUYẾT MINH BÁO CÁO TÀI CHÍNH
Subheading: 9. Tài sản cố định hữu hình — Giá trị hao mòn
Item: Chuyển sang BĐS đầu tư | Cộng
Value: (6.217.026.740)
Note ref: V.9
---
Table: THUYẾT MINH BÁO CÁO TÀI CHÍNH
Subheading: 9. Tài sản cố định hữu hình — Giá trị hao mòn
Item: Số đầu năm | Nhà cửa, vật kiến trúc
Value: 10.320.799.076
Note ref: V.9
---
Table: THUYẾT MINH BÁO CÁO TÀI CHÍNH
Subheading: Giá trị còn lại
Item: Số cuối kỳ | Tài sản cố định khác
Value: 2.412.704.328
Note ref: V.9
---
Table: THUYẾT MINH BÁO CÁO TÀI CHÍNH
Subheading: Giá trị còn lại
Item: Số đầu năm | Tài sản cố định khác
Value: 2.778.717.924
Note ref: V.9
---
Table: THUYẾT MINH BÁO CÁO TÀI CHÍNH
Subheading: 10. Tài sản cố định vô hình — Là chương trình phần mềm, chi tiết như sau:
Item: Số cuối kỳ | Giá trị còn lại
Value: 17.566.667
Note ref: V.10
---
Table: THUYẾT MINH BÁO CÁO TÀI CHÍNH
Subheading: 10. Tài sản cố định vô hình — Là chương trình phần mềm, chi tiết như sau:
Item: Số đầu năm | Giá trị còn lại
Value: 51.732.022
Note ref: V.10
---
Table: BẢNG CÂN ĐỐI KẾ TOÁN
Subheading: Tài sản cố định vô hình
Item: Giá trị hao mòn lũy kế | Số đầu năm
Period: đầu
Value: (285.995.978)
---
Table: BẢNG CÂN ĐỐI KẾ TOÁN
Subheading: Tài sản cố định vô hình
Item: Giá trị hao mòn lũy kế | Số cuối năm
Period: cuối
Value: (320.161.333)
---
Table: BẢNG CÂN ĐỐI KẾ TOÁN
Item: Bất động sản đầu tư | Số đầu năm
Period: đầu
Value: 105.856.776.554
Note ref: V.11
---
Table: THUYẾT MINH BÁO CÁO TÀI CHÍNH
Subheading: 11. Bất động sản đầu tư cho thuê — Là chương trình phần mềm, chi tiết như sau: — Giá trị còn lại
Item: Số cuối kỳ | Cộng
Value: 234.660.811.747
Note ref: V.11
---
Table: THUYẾT MINH BÁO CÁO TÀI CHÍNH
Subheading: 11. Bất động sản đầu tư cho thuê — Là chương trình phần mềm, chi tiết như sau: — Giá trị còn lại
Item: Số đầu năm | Cộng
Value: 105.856.776.554
Note ref: V.11
---
Table: THUYẾT MINH BÁO CÁO TÀI CHÍNH
Subheading: 11. Bất động sản đầu tư cho thuê — Là chương trình phần mềm, chi tiết như sau: — Giá trị còn lại
Item: Số cuối kỳ | Cơ sở hạ tầng
Value: 168.281.943.951
Note ref: V.11
---
Table: THUYẾT MINH BÁO CÁO TÀI CHÍNH
Subheading: 11. Bất động sản đầu tư cho thuê — Là chương trình phần mềm, chi tiết như sau: — Giá trị còn lại
Item: Số cuối kỳ | Nhà
Value: 66.378.867.796
Note ref: V.11
---
Table: THUYẾT MINH BÁO CÁO TÀI CHÍNH
Subheading: 11. Bất động sản đầu tư cho thuê — Là chương trình phần mềm, chi tiết như sau: — Giá trị còn lại
Item: Số đầu năm | Nhà
Value: 105.856.776.554
Note ref: V.11
---
Table: BẢNG CÂN ĐỐI KẾ TOÁN
Subheading: Bất động sản đầu tư
Item: Nguyên giá | Số cuối năm
Period: cuối
Value: 247.051.384.582
---
Table: BẢNG CÂN ĐỐI KẾ TOÁN
Subheading: Bất động sản đầu tư
Item: Giá trị hao mòn lũy kế | Số cuối năm
Period: cuối
Value: (12.390.572.835)
---
Table: BẢNG CÂN ĐỐI KẾ TOÁN
Subheading: Bất động sản đầu tư
Item: Giá trị hao mòn lũy kế | Số đầu năm
Period: đầu
Value: (1.224.860.164)
---
Table: BẢNG CÂN ĐỐI KẾ TOÁN
Subheading: Bất động sản đầu tư
Item: Nguyên giá | Số đầu năm
Period: đầu
Value: 107.081.636.718
---
Table: THUYẾT MINH BÁO CÁO TÀI CHÍNH
Subheading: 11. Bất động sản đầu tư cho thuê — Là chương trình phần mềm, chi tiết như sau: — Nguyên giá
Item: Số cuối kỳ | Cộng
Value: 247.051.384.582
Note ref: V.11
---
Table: THUYẾT MINH BÁO CÁO TÀI CHÍNH
Subheading: 11. Bất động sản đầu tư cho thuê — Là chương trình phần mềm, chi tiết như sau: — Giá trị hao mòn
Item: Số cuối kỳ | Nhà
Value: 2.351.090.132
Note ref: V.11
---
Table: THUYẾT MINH BÁO CÁO TÀI CHÍNH
Subheading: 11. Bất động sản đầu tư cho thuê — Là chương trình phần mềm, chi tiết như sau: — Giá trị hao mòn
Item: Số cuối kỳ | Cộng
Value: 12.390.572.835
Note ref: V.11
---
Table: THUYẾT MINH BÁO CÁO TÀI CHÍNH
Subheading: 11. Bất động sản đầu tư cho thuê — Là chương trình phần mềm, chi tiết như sau: — Giá trị hao mòn
Item: Số cuối kỳ | Cơ sở hạ tầng
Value: 10.039.482.703
Note ref: V.11
---
Table: THUYẾT MINH BÁO CÁO TÀI CHÍNH
Subheading: 11. Bất động sản đầu tư cho thuê — Là chương trình phần mềm, chi tiết như sau: — Giá trị hao mòn
Item: Số đầu năm | Nhà
Value: 1.224.860.164
Note ref: V.11
---
Table: THUYẾT MINH BÁO CÁO TÀI CHÍNH
Subheading: 11. Bất động sản đầu tư cho thuê — Là chương trình phần mềm, chi tiết như sau: — Giá trị hao mòn
Item: Số đầu năm | Cộng
Value: 1.224.860.164
Note ref: V.11
---
Table: BẢNG CÂN ĐỐI KẾ TOÁN
Item: Đầu tư tài chính dài hạn | Số đầu năm
Period: đầu
Value: 422.404.832.365
Note ref: V.2c
---
Table: BẢNG CÂN ĐỐI KẾ TOÁN
Item: Đầu tư tài chính dài hạn | Số cuối năm
Period: cuối
Value: 306.186.691.420
Note ref: V.2c
---
Table: THUYẾT MINH BÁO CÁO TÀI CHÍNH
Item: Các khoản đầu tư nắm giữ đến ngày đáo hạn
Value: Khoản đầu tư được phân loại là nắm giữ đến ngày đáo hạn khi Công ty có ý định và khả năng giữ đến ngày đáo hạn. Các khoản đầu tư nắm giữ đến ngày đáo hạn của Công ty chỉ bao gồm các khoản tiền gửi ngân hàng có kỳ hạn. Thu nhập lãi từ các khoản tiền gửi ngân hàng có kỳ hạn được ghi nhận trên Báo cáo kết quả hoạt động kinh doanh trên cơ sở dự thu.
---
Table: BẢNG CÂN ĐỐI KẾ TOÁN
Item: Dự phòng đầu tư tài chính dài hạn | Số đầu năm
Period: đầu
Value: (23.817.361.651)
---
Table: THUYẾT MINH BÁO CÁO TÀI CHÍNH
Item: 2b. Đầu tư nắm giữ đến ngày đáo hạn (ngắn hạn)
Value: Là khoản tiền gửi ngân hàng có kỳ hạn từ 6 tháng đến 12 tháng. Các khoản tiền gửi này có giá trị ghi sổ bằng giá gốc.
---
Table: THUYẾT MINH BÁO CÁO TÀI CHÍNH
Subheading: Giá trị còn lại
Item: Số cuối kỳ | Cộng
Value: 16.326.198.818
Note ref: V.9
---
Table: THUYẾT MINH BÁO CÁO TÀI CHÍNH
Subheading: 18a. Vay ngắn hạn
Item: b) Vay dài hạn | Số đầu kỳ Giá trị
Period: đầu
Value: 69.480.000.000
Note ref: V.18a
---
Table: THUYẾT MINH BÁO CÁO TÀI CHÍNH
Subheading: 18a. Vay ngắn hạn
Item: Vay dài hạn các cá nhân | Số đầu kỳ Giá trị
Period: đầu
Value: 69.480.000.000
Note ref: V.18a
---
Table: THUYẾT MINH BÁO CÁO TÀI CHÍNH
Subheading: Giá trị còn lại
Item: Số cuối kỳ | Nhà cửa, vật kiến trúc
Value: 13.223.266.430
Note ref: V.9
---
Table: BẢNG CÂN ĐỐI KẾ TOÁN
Item: Đầu tư tài chính ngắn hạn | Số đầu năm
Period: đầu
Value: 37.792.275.971
---
Table: BẢNG CÂN ĐỐI KẾ TOÁN
Item: Đầu tư tài chính ngắn hạn | Số cuối năm
Period: cuối
Value: 39.734.935.971
---
Table: THUYẾT MINH BÁO CÁO TÀI CHÍNH
Subheading: Giá trị còn lại
Item: Số cuối kỳ | Phương tiện vận tải, truyền dẫn
Value: 679.812.181
Note ref: V.9
---
Table: THUYẾT MINH BÁO CÁO TÀI CHÍNH
Subheading: Giá trị còn lại
Item: Số cuối kỳ | Thiết bị, dụng cụ quản lý
Value: 10.415.879
Note ref: V.9
---
Table: THUYẾT MINH BÁO CÁO TÀI CHÍNH
Subheading: 18a. Vay ngắn hạn
Item: a) Vay ngắn hạn | Số đầu kỳ Giá trị
Period: đầu
Value: 380.475.557.454
Note ref: V.18a
---
Table: THUYẾT MINH BÁO CÁO TÀI CHÍNH
Subheading: 18a. Vay ngắn hạn
Item: Vay ngắn hạn các cá nhân | Số đầu kỳ Giá trị
Period: đầu
Value: 159.668.100.000
Note ref: V.18a
---
Table: THUYẾT MINH BÁO CÁO TÀI CHÍNH
Subheading: 17a. Phải trả ngắn hạn khác
Item: Các khoản phải trả ngắn hạn khác | Số đầu năm
Period: đầu
Value: 35.240.039
Note ref: V.17a
---
Table: THUYẾT MINH BÁO CÁO TÀI CHÍNH
Subheading: 7. Hàng tồn kho
Item: Cộng | Số cuối kỳ
Period: cuối
Value: 474.117.608.966
Note ref: V.7
---
Table: THUYẾT MINH BÁO CÁO TÀI CHÍNH
Subheading: 7. Hàng tồn kho
Item: Cộng | Số đầu năm
Period: đầu
Value: 528.207.406.021
Note ref: V.7
---
Table: THUYẾT MINH BÁO CÁO TÀI CHÍNH
Subheading: 7. Hàng tồn kho
Item: Hàng hóa | Số cuối kỳ
Period: cuối
Value: 12.556.351.760
Note ref: V.7
---
Table: THUYẾT MINH BÁO CÁO TÀI CHÍNH
Subheading: 7. Hàng tồn kho
Item: Hàng hóa | Số đầu năm
Period: đầu
Value: 13.506.255.452
Note ref: V.7
---
Table: THUYẾT MINH BÁO CÁO TÀI CHÍNH
Subheading: 7. Hàng tồn kho
Item: Hàng hóa Bất động sản | Số cuối kỳ
Period: cuối
Value: 167.636.178.947
Note ref: V.7
---
Table: THUYẾT MINH BÁO CÁO TÀI CHÍNH
Subheading: 7. Hàng tồn kho
Item: Hàng hóa Bất động sản | Số đầu năm
Period: đầu
Value: 222.245.021.866
Note ref: V.7
---
Table: THUYẾT MINH BÁO CÁO TÀI CHÍNH
Subheading: 7. Hàng tồn kho
Item: Các dự án khác | Số cuối kỳ
Period: cuối
Value: 18.073.012.689
Note ref: V.7
---
Table: THUYẾT MINH BÁO CÁO TÀI CHÍNH
Subheading: 7. Hàng tồn kho
Item: Các dự án khác | Số đầu năm
Period: đầu
Value: 17.989.741.306
Note ref: V.7
---
Table: THUYẾT MINH BÁO CÁO TÀI CHÍNH
Subheading: 7. Hàng tồn kho
Item: Dự án Golden Palace Lạng Sơn | Số cuối kỳ
Period: cuối
Value: 88.024.895.519
Note ref: V.7
---
Table: THUYẾT MINH BÁO CÁO TÀI CHÍNH
Subheading: 7. Hàng tồn kho
Item: Dự án Golden Palace Lạng Sơn | Số đầu năm
Period: đầu
Value: 88.280.965.009
Note ref: V.7
---
Table: THUYẾT MINH BÁO CÁO TÀI CHÍNH
Subheading: 7. Hàng tồn kho
Item: Dự án Khu công nghiệp Đa Hội | Số cuối kỳ
Period: cuối
Value: 115.731.971.300
Note ref: V.7
---
Table: THUYẾT MINH BÁO CÁO TÀI CHÍNH
Subheading: 7. Hàng tồn kho
Item: Dự án Khu công nghiệp Đa Hội | Số đầu năm
Period: đầu
Value: 114.106.751.885
Note ref: V.7
---
Table: THUYẾT MINH BÁO CÁO TÀI CHÍNH
Subheading: 7. Hàng tồn kho
Item: Dự án Apec Mandala Wyndham Phú Yên | Số cuối kỳ
Period: cuối
Value: 152.321.344.623
Note ref: V.7
---
Table: THUYẾT MINH BÁO CÁO TÀI CHÍNH
Subheading: 7. Hàng tồn kho
Item: Dự án Apec Mandala Wyndham Phú Yên | Số đầu năm
Period: đầu
Value: 197.781.786.133
Note ref: V.7
---
Table: THUYẾT MINH BÁO CÁO TÀI CHÍNH
Subheading: 7. Hàng tồn kho
Item: Chi phí sản xuất, kinh doanh dở dang | Số cuối kỳ
Period: cuối
Value: 293.925.078.259
Note ref: V.7
---
Table: THUYẾT MINH BÁO CÁO TÀI CHÍNH
Subheading: 7. Hàng tồn kho
Item: Chi phí sản xuất, kinh doanh dở dang | Số đầu năm
Period: đầu
Value: 292.456.128.703
Note ref: V.7
---
Table: BẢNG CÂN ĐỐI KẾ TOÁN
Item: Các khoản phải thu ngắn hạn | Số đầu năm
Period: đầu
Value: 401.680.516.983
---
Table: BẢNG CÂN ĐỐI KẾ TOÁN
Item: Các khoản phải thu ngắn hạn | Số cuối năm
Period: cuối
Value: 362.793.062.285
---
Table: THUYẾT MINH BÁO CÁO TÀI CHÍNH
Item: Thuyết minh 6: Các khoản phải thu khác | Các khoản phải thu ngắn hạn khác
Value: Số cuối kỳ Giá trị: 5.727.143.845 | Số cuối kỳ Dự phòng: - | Số đầu năm Giá trị: 5.659.974.185 | Số đầu năm Dự phòng: -
---
Table: THUYẾT MINH BÁO CÁO TÀI CHÍNH
Subheading: 6. Các khoản phải thu khác
Item: Các khoản phải thu ngắn hạn khác | Số cuối kỳ Giá trị
Period: cuối
Value: 5.727.143.845
Note ref: V.6
---
Table: THUYẾT MINH BÁO CÁO TÀI CHÍNH
Subheading: 6. Các khoản phải thu khác
Item: Các khoản phải thu ngắn hạn khác | Số đầu năm Giá trị
Period: đầu
Value: 5.659.974.185
Note ref: V.6
---
Table: THUYẾT MINH BÁO CÁO TÀI CHÍNH
Subheading: 5. Phải thu về cho vay ngắn hạn — Là các khoản cho vay Bên liên quan, bao gồm:
Item: Cộng | Số cuối kỳ
Period: cuối
Value: 85.566.500.000
Note ref: V.5
---
Table: THUYẾT MINH BÁO CÁO TÀI CHÍNH
Subheading: 5. Phải thu về cho vay ngắn hạn — Là các khoản cho vay Bên liên quan, bao gồm:
Item: Cộng | Số đầu năm
Period: đầu
Value: 124.566.500.000
Note ref: V.5
---
Table: THUYẾT MINH BÁO CÁO TÀI CHÍNH
Subheading: 6. Các khoản phải thu khác
Item: a) Ngắn hạn | Số cuối kỳ Giá trị
Period: cuối
Value: 184.685.805.476
Note ref: V.6
---
Table: THUYẾT MINH BÁO CÁO TÀI CHÍNH
Subheading: 6. Các khoản phải thu khác
Item: a) Ngắn hạn | Số đầu năm Giá trị
Period: đầu
Value: 176.837.852.532
Note ref: V.6
---
Table: THUYẾT MINH BÁO CÁO TÀI CHÍNH
Item: 17a. Phải trả ngắn hạn khác | Các khoản phải trả ngắn hạn khác
Value: Số cuối kỳ: 3.010.459.022 | Số đầu năm: 35.240.039
---
Table: THUYẾT MINH BÁO CÁO TÀI CHÍNH
Item: Thuyết minh 6: Các khoản phải thu khác | Các khoản phải thu dài hạn khác
Value: Số cuối kỳ Giá trị: 328.250.000 | Số cuối kỳ Dự phòng: - | Số đầu năm Giá trị: 31.250.000 | Số đầu năm Dự phòng: -
---
Table: THUYẾT MINH BÁO CÁO TÀI CHÍNH
Subheading: 6. Các khoản phải thu khác
Item: Tạm ứng | Số cuối kỳ Giá trị
Period: cuối
Value: 98.111.860.829
Note ref: V.6
---
Table: THUYẾT MINH BÁO CÁO TÀI CHÍNH
Subheading: 6. Các khoản phải thu khác
Item: Tạm ứng | Số đầu năm Giá trị
Period: đầu
Value: 110.576.067.701
Note ref: V.6
---
Table: THUYẾT MINH BÁO CÁO TÀI CHÍNH
Subheading: 6. Các khoản phải thu khác
Item: Dự thu các khoản lãi tiền gửi có kỳ hạn, lãi cho vay khác | Số đầu năm Giá trị
Period: đầu
Value: 9.087.213.733
Note ref: V.6
---
Table: THUYẾT MINH BÁO CÁO TÀI CHÍNH
Subheading: 6. Các khoản phải thu khác
Item: Các khoản phải thu dài hạn khác | Số cuối kỳ Giá trị
Period: cuối
Value: 328.250.000
Note ref: V.6
---
Table: THUYẾT MINH BÁO CÁO TÀI CHÍNH
Subheading: 6. Các khoản phải thu khác
Item: Các khoản phải thu dài hạn khác | Số đầu năm Giá trị
Period: đầu
Value: 31.250.000
Note ref: V.6
---
Table: THUYẾT MINH BÁO CÁO TÀI CHÍNH
Subheading: Giá trị còn lại
Item: Số đầu năm | Cộng
Value: 189.912.249.532
Note ref: V.9
---
Table: THUYẾT MINH BÁO CÁO TÀI CHÍNH
Subheading: Giá trị còn lại
Item: Số đầu năm | Nhà cửa, vật kiến trúc
Value: 186.239.615.752
Note ref: V.9
---
Table: THUYẾT MINH BÁO CÁO TÀI CHÍNH
Subheading: Giá trị còn lại
Item: Số đầu năm | Phương tiện vận tải, truyền dẫn
Value: 858.636.853
Note ref: V.9
---
Table: THUYẾT MINH BÁO CÁO TÀI CHÍNH
Subheading: Giá trị còn lại
Item: Số đầu năm | Thiết bị, dụng cụ quản lý
Value: 35.279.003
Note ref: V.9
---
Table: THUYẾT MINH BÁO CÁO TÀI CHÍNH
Subheading: 9. Chi phí khác
Item: Chi phí khác | Luỹ kế từ đầu năm đến cuối kỳ này Năm nay
Value: 2.817.625.199
Note ref: V.9
---
Table: THUYẾT MINH BÁO CÁO TÀI CHÍNH
Subheading: 9. Chi phí khác
Item: Chi phí khác | Luỹ kế từ đầu năm đến cuối kỳ này Năm trước
Value: 8.952.535.848
Note ref: V.9
---
Table: THUYẾT MINH BÁO CÁO TÀI CHÍNH
Subheading: 9. Chi phí khác
Item: Cộng | Luỹ kế từ đầu năm đến cuối kỳ này Năm nay
Value: 2.817.625.199
Note ref: V.9
---
Table: THUYẾT MINH BÁO CÁO TÀI CHÍNH
Subheading: 9. Chi phí khác
Item: Cộng | Luỹ kế từ đầu năm đến cuối kỳ này Năm trước
Value: 8.952.535.848
Note ref: V.9
---
Table: THUYẾT MINH BÁO CÁO TÀI CHÍNH
Item: Thuyết minh báo cáo tài chính | Số cuối kỳ
Value: Nguyên giá: 337.728.000 | Giá trị hao mòn: (320.161.333) | Giá trị còn lại: 17.566.667
---
Table: THUYẾT MINH BÁO CÁO TÀI CHÍNH
Item: Thuyết minh báo cáo tài chính | Giá trị còn lại
Value: Nguyên giá: Giá trị còn lại
---
Table: THUYẾT MINH BÁO CÁO TÀI CHÍNH
Subheading: 3. Giá vốn hàng bán
Item: Giá vốn cho thuê lại đất | Luỹ kế từ đầu năm đến cuối kỳ này Năm trước
Value: 2.655.204.689
Note ref: V.3
---
Table: THUYẾT MINH BÁO CÁO TÀI CHÍNH
Subheading: 3. Giá vốn hàng bán
Item: Giá vốn BĐS | Luỹ kế từ đầu năm đến cuối kỳ này Năm nay
Value: 101.262.100.705
Note ref: V.3
---
Table: THUYẾT MINH BÁO CÁO TÀI CHÍNH
Subheading: 3. Giá vốn hàng bán
Item: Giá vốn BĐS | Luỹ kế từ đầu năm đến cuối kỳ này Năm trước
Value: 95.490.061.807
Note ref: V.3
---
Table: THUYẾT MINH BÁO CÁO TÀI CHÍNH
Subheading: 3. Giá vốn hàng bán
Item: Giá vốn hàng hóa | Luỹ kế từ đầu năm đến cuối kỳ này Năm nay
Value: 8.583.372.428
Note ref: V.3
---
Table: THUYẾT MINH BÁO CÁO TÀI CHÍNH
Subheading: 3. Giá vốn hàng bán
Item: Giá vốn hàng hóa | Luỹ kế từ đầu năm đến cuối kỳ này Năm trước
Value: 5.826.158.687
Note ref: V.3
---
Table: THUYẾT MINH BÁO CÁO TÀI CHÍNH
Subheading: 3. Giá vốn hàng bán
Item: Cộng | Luỹ kế từ đầu năm đến cuối kỳ này Năm nay
Value: 133.703.128.164
Note ref: V.3",1,,810414,30339,0.5833333333333334,0.8183718901608649,0.03745279543027041,1.0
183,Đánh giá tác động của việc hình thành bất động sản đến nguyên giá và khấu hao lũy kế của tài sản cố định hữu hình.,"Dựa trên số liệu hiện có:
- Nguyên giá tài sản cố định hữu hình:
  - Số đầu năm: 202.406.369.251 (BẢNG CÂN ĐỐI KẾ TOÁN)
  - Số cuối kỳ: 24.034.952.927 (BẢNG CÂN ĐỐI KẾ TOÁN)
  - Thay đổi: **-178.371.416.324**
- Giá trị hao mòn lũy kế tài sản cố định hữu hình:
  - Số đầu năm: (12.494.119.719) (BẢNG CÂN ĐỐI KẾ TOÁN)
  - Số cuối kỳ: (7.708.754.109) (BẢNG CÂN ĐỐI KẾ TOÁN)
  - Thay đổi: **+4.785.365.610** (giảm bớt hao mòn)
- Số tiền chuyển sang bất động sản đầu tư (nguyên giá): (178.321.426.654) (BẢNG CÂN ĐỐI KẾ TOÁN, mục “Chuyển sang bất động sản đầu tư”)

*Nhận xét*:
- Việc hình thành bất động sản đầu tư đã **giảm đáng kể** nguyên giá của tài sản cố định hữu hình, giảm khoảng 178,37 tỷ đồng, gần tương đương với số tiền được chuyển sang bất động sản đầu tư (≈ 178,32 tỷ đồng). Điều này cho thấy phần lớn tài sản cố định hữu hình đã được tái phân loại thành bất động sản đầu tư.
- Đồng thời, giá trị hao mòn lũy kế của tài sản cố định hữu hình giảm khoảng 4,79 tỷ đồng, phản ánh việc các khoản hao mòn liên quan đến tài sản được chuyển sang bất động sản đầu tư cũng được loại bỏ.
- Theo thuyết minh (V.9) việc chuyển không làm thay đổi nguyên giá hay giá trị còn lại của bất động sản tại ngày chuyển đổi; tuy nhiên, trên bảng cân đối, nguyên giá và hao mòn của **tài sản cố định hữu hình** giảm, trong khi nguyên giá của **bất động sản đầu tư** tăng (từ 105.856.776.554 lên 234.660.811.747), cho thấy việc tái phân loại đã chuyển toàn bộ giá trị gốc và phần hao mòn liên quan sang bảng bất động sản đầu tư.
- Tác động này làm giảm tổng nguyên giá của tài sản cố định hữu hình, nhưng không ảnh hưởng tiêu cực đến lợi nhuận vì giá trị chuyển sang bất động sản đầu tư vẫn được ghi nhận ở phần tài sản, chỉ thay đổi cấu trúc tài sản giữa các nhóm.","Việc 'Hình thành bất động sản' có tác động lớn đến nguyên giá và khấu hao lũy kế của tài sản cố định hữu hình. Cụ thể, một lượng lớn nguyên giá (178.321.426.654 VND) và khấu hao lũy kế (6.217.026.740 VND) đã được chuyển ra khỏi nhóm 'Nhà cửa và vật kiến trúc' để hình thành bất động sản (có thể là bất động sản đầu tư hoặc hàng tồn kho). Điều này làm giảm đáng kể quy mô tài sản cố định hữu hình của công ty. Tác động là chuyển đổi các tài sản dùng cho hoạt động sản xuất hoặc quản lý sang tài sản có mục đích khác, thường là để bán hoặc cho thuê. Điều này phản ánh sự thay đổi trong chiến lược sử dụng tài sản của công ty, có thể là để tối ưu hóa danh mục đầu tư hoặc tập trung vào mảng kinh doanh cốt lõi là bất động sản.",45,"Table: THUYẾT MINH BÁO CÁO TÀI CHÍNH
Subheading: 9. Tài sản cố định hữu hình — Nguyên giá
Item: Số đầu năm | Cộng
Value: 202.406.369.251
Note ref: V.9
---
Table: THUYẾT MINH BÁO CÁO TÀI CHÍNH
Subheading: 9. Tài sản cố định hữu hình — Nguyên giá
Item: Số cuối kỳ | Cộng
Value: 24.034.952.927
Note ref: V.9
---
Table: BẢNG CÂN ĐỐI KẾ TOÁN
Subheading: Tài sản cố định hữu hình
Item: Nguyên giá | Số đầu năm
Period: đầu
Value: 202.406.369.251
---
Table: BẢNG CÂN ĐỐI KẾ TOÁN
Subheading: Tài sản cố định hữu hình
Item: Nguyên giá | Số cuối năm
Period: cuối
Value: 24.034.952.927
---
Table: BẢNG CÂN ĐỐI KẾ TOÁN
Subheading: Tài sản cố định hữu hình
Item: Giá trị hao mòn lũy kế | Số cuối năm
Period: cuối
Value: (7.708.754.109)
---
Table: BẢNG CÂN ĐỐI KẾ TOÁN
Subheading: Tài sản cố định hữu hình
Item: Giá trị hao mòn lũy kế | Số đầu năm
Period: đầu
Value: (12.494.119.719)
---
Table: THUYẾT MINH BÁO CÁO TÀI CHÍNH
Subheading: 9. Tài sản cố định hữu hình — Giá trị hao mòn — Khấu hao trong kỳ
Item: Khấu hao trong năm | Cộng
Value: 1.481.650.800
Note ref: V.9
---
Table: THUYẾT MINH BÁO CÁO TÀI CHÍNH
Subheading: 9. Tài sản cố định hữu hình — Giá trị hao mòn — Khấu hao trong kỳ
Item: Khấu hao trong năm | Tài sản cố định khác
Value: 366.013.596
Note ref: V.9
---
Table: THUYẾT MINH BÁO CÁO TÀI CHÍNH
Subheading: 9. Tài sản cố định hữu hình — Giá trị hao mòn
Item: Số đầu năm | Tài sản cố định khác
Value: 760.514.585
Note ref: V.9
---
Table: THUYẾT MINH BÁO CÁO TÀI CHÍNH
Subheading: 9. Tài sản cố định hữu hình — Nguyên giá
Item: Chuyển sang bất động sản đầu tư | Cộng
Value: (178.321.426.654)
Note ref: V.9
---
Table: BẢNG CÂN ĐỐI KẾ TOÁN
Item: Chi phí xây dựng cơ bản dở dang | Số cuối năm
Period: cuối
Value: 66.493.520.213
Note ref: V.12
---
Table: BẢNG CÂN ĐỐI KẾ TOÁN
Item: Chi phí xây dựng cơ bản dở dang | Số đầu năm
Period: đầu
Value: 66.493.520.213
Note ref: V.12
---
Table: THUYẾT MINH BÁO CÁO TÀI CHÍNH
Subheading: 12. Chi phí xây dựng cơ bản dở dang — Là chương trình phần mềm, chi tiết như sau:
Item: Cộng | Số cuối kỳ
Period: cuối
Value: 66.493.520.213
Note ref: V.12
---
Table: THUYẾT MINH BÁO CÁO TÀI CHÍNH
Subheading: 12. Chi phí xây dựng cơ bản dở dang — Là chương trình phần mềm, chi tiết như sau:
Item: Dự án Trung tâm thương mại Thái Nguyên | Số cuối kỳ
Period: cuối
Value: 58.700.637.271
Note ref: V.12
---
Table: THUYẾT MINH BÁO CÁO TÀI CHÍNH
Subheading: 12. Chi phí xây dựng cơ bản dở dang — Là chương trình phần mềm, chi tiết như sau:
Item: Các dự án khác | Số cuối kỳ
Period: cuối
Value: 7.792.882.942
Note ref: V.12
---
Table: THUYẾT MINH BÁO CÁO TÀI CHÍNH
Subheading: 12. Chi phí xây dựng cơ bản dở dang — Là chương trình phần mềm, chi tiết như sau:
Item: Dự án Trung tâm thương mại Thái Nguyên | Số đầu năm
Period: đầu
Value: 58.700.637.271
Note ref: V.12
---
Table: THUYẾT MINH BÁO CÁO TÀI CHÍNH
Subheading: 12. Chi phí xây dựng cơ bản dở dang — Là chương trình phần mềm, chi tiết như sau:
Item: Cộng | Số đầu năm
Period: đầu
Value: 66.493.520.213
Note ref: V.12
---
Table: THUYẾT MINH BÁO CÁO TÀI CHÍNH
Subheading: 12. Chi phí xây dựng cơ bản dở dang — Là chương trình phần mềm, chi tiết như sau:
Item: Các dự án khác | Số đầu năm
Period: đầu
Value: 7.792.882.942
Note ref: V.12
---
Table: THUYẾT MINH BÁO CÁO TÀI CHÍNH
Item: Thuyết minh 10: Chi phí xây dựng cơ bản dở dang
Value: Chi phí xây dựng cơ bản dở dang phản ánh các chi phí liên quan trực tiếp (bao gồm cả chi phí lãi vay có liên quan phù hợp với chính sách kế toán của Công ty) đến các tài sản đang trong quá trình xây dựng, máy móc thiết bị đang lắp đặt để phục vụ cho mục đích sản xuất, cho thuê và quản lý cũng
---
Table: THUYẾT MINH BÁO CÁO TÀI CHÍNH
Item: Thuyết minh 10: Chi phí xây dựng cơ bản dở dang
Value: CÔNG TY CỔ PHẦN ĐẦU TƯ CHÂU Á – THÁI BÌNH DƯƠNG QUÝ IV/2024
---
Table: BẢNG CÂN ĐỐI KẾ TOÁN
Item: Bất động sản đầu tư | Số đầu năm
Period: đầu
Value: 105.856.776.554
Note ref: V.11
---
Table: BẢNG CÂN ĐỐI KẾ TOÁN
Item: Bất động sản đầu tư | Số cuối năm
Period: cuối
Value: 234.660.811.747
Note ref: V.11
---
Table: BẢNG CÂN ĐỐI KẾ TOÁN
Subheading: Bất động sản đầu tư
Item: Nguyên giá | Số đầu năm
Period: đầu
Value: 107.081.636.718
---
Table: BẢNG CÂN ĐỐI KẾ TOÁN
Subheading: Bất động sản đầu tư
Item: Giá trị hao mòn lũy kế | Số đầu năm
Period: đầu
Value: (1.224.860.164)
---
Table: BẢNG CÂN ĐỐI KẾ TOÁN
Subheading: Bất động sản đầu tư
Item: Nguyên giá | Số cuối năm
Period: cuối
Value: 247.051.384.582
---
Table: BẢNG CÂN ĐỐI KẾ TOÁN
Subheading: Bất động sản đầu tư
Item: Giá trị hao mòn lũy kế | Số cuối năm
Period: cuối
Value: (12.390.572.835)
---
Table: THUYẾT MINH BÁO CÁO TÀI CHÍNH
Subheading: 9. Bất động sản đầu tư — Bất động sản đầu tư sử dụng để cho thuê được khấu hao theo phương pháp đường thẳng dựa trên thời gian hữu dụng ước tính. Số năm khấu hao của bất động sản đầu tư như sau:
Item: Shophouse |
Value: 44
Note ref: V.9
---
Table: THUYẾT MINH BÁO CÁO TÀI CHÍNH
Subheading: 9. Bất động sản đầu tư — Bất động sản đầu tư sử dụng để cho thuê được khấu hao theo phương pháp đường thẳng dựa trên thời gian hữu dụng ước tính. Số năm khấu hao của bất động sản đầu tư như sau:
Item: Căn hộ khách sạn |
Value: 44
Note ref: V.9
---
Table: THUYẾT MINH BÁO CÁO TÀI CHÍNH
Item: Thuyết minh 9: Bất động sản đầu tư
Value: Bất động sản đầu tư là các căn hộ khách sạn, shophouse thuộc sở hữu của Công ty. Bất động sản đầu tư cho thuê được thể hiện theo nguyên giá trừ hao mòn lũy kế. Nguyên giá của bất động sản đầu tư là toàn bộ các chi phí mà Công ty phải bỏ ra hoặc giá trị hợp lý của các khoản đưa ra để trao đổi nhằm có được bất động sản đầu tư tính đến thời điểm mua hoặc xây dựng hoàn thành.
---
Table: THUYẾT MINH BÁO CÁO TÀI CHÍNH
Item: Thuyết minh 9: Bất động sản đầu tư
Value: Việc chuyển từ bất động sản chủ sở hữu sử dụng hoặc hàng tồn kho thành bất động sản đầu tư chỉ khi chủ sở hữu chấm dứt sử dụng tài sản đó và bắt đầu cho bên khác thuê hoạt động hoặc khi kết thúc giai đoạn xây dựng. Việc chuyển từ bất động sản đầu tư sang bất động sản chủ sở hữu sử dụng hay hàng tồn kho chỉ khi chủ sở hữu bắt đầu sử dụng tài sản này hoặc bắt đầu triển khai cho mục đích bán. Việc chuyển từ bất động sản đầu tư sang bất động sản chủ sở hữu sử dụng hoặc hàng tồn kho không làm thay đổi nguyên giá hay giá trị còn lại của bất động sản tại ngày chuyển đổi.
---
Table: THUYẾT MINH BÁO CÁO TÀI CHÍNH
Subheading: 9. Tài sản cố định hữu hình — Nguyên giá
Item: Chuyển sang bất động sản đầu tư | Nhà cửa, vật kiến trúc
Value: (178.321.426.654)
Note ref: V.9
---
Table: THUYẾT MINH BÁO CÁO TÀI CHÍNH
Item: Thuyết minh 9: Tài sản cố định hữu hình | Chuyển sang bất động sản đầu tư
Value: Nguyên giá: Chuyển sang bất động sản đầu tư | Nhà cửa, vật kiến trúc: (178.321.426.654) | Phương tiện vận tải, truyền dẫn: - | Thiết bị, dụng cụ quản lý: - | Cộng: (178.321.426.654)
---
Table: THUYẾT MINH BÁO CÁO TÀI CHÍNH
Subheading: 11. Bất động sản đầu tư cho thuê — Là chương trình phần mềm, chi tiết như sau: — Nguyên giá
Item: Chuyển từ tài sản cố định hữu hình | Cộng
Value: 178.321.426.654
Note ref: V.11
---
Table: THUYẾT MINH BÁO CÁO TÀI CHÍNH
Subheading: 11. Bất động sản đầu tư cho thuê — Là chương trình phần mềm, chi tiết như sau: — Nguyên giá
Item: Chuyển từ tài sản cố định hữu hình | Cơ sở hạ tầng
Value: 178.321.426.654
Note ref: V.11
---
Table: THUYẾT MINH BÁO CÁO TÀI CHÍNH
Subheading: 11. Bất động sản đầu tư cho thuê — Là chương trình phần mềm, chi tiết như sau: — Nguyên giá
Item: Số đầu năm | Nhà
Value: 107.081.636.718
Note ref: V.11
---
Table: THUYẾT MINH BÁO CÁO TÀI CHÍNH
Subheading: 11. Bất động sản đầu tư cho thuê — Là chương trình phần mềm, chi tiết như sau: — Nguyên giá
Item: Số đầu năm | Cộng
Value: 107.081.636.718
Note ref: V.11
---
Table: THUYẾT MINH BÁO CÁO TÀI CHÍNH
Subheading: 11. Bất động sản đầu tư cho thuê — Là chương trình phần mềm, chi tiết như sau: — Giá trị hao mòn
Item: Chuyển từ tài sản cố định hữu hình | Nhà
Value: 2.075.338.474
Note ref: V.11
---
Table: THUYẾT MINH BÁO CÁO TÀI CHÍNH
Subheading: 11. Bất động sản đầu tư cho thuê — Là chương trình phần mềm, chi tiết như sau: — Nguyên giá
Item: Số cuối kỳ | Nhà
Value: 68.729.957.928
Note ref: V.11
---
Table: THUYẾT MINH BÁO CÁO TÀI CHÍNH
Subheading: 11. Bất động sản đầu tư cho thuê — Là chương trình phần mềm, chi tiết như sau: — Giá trị hao mòn
Item: Chuyển từ tài sản cố định hữu hình | Cộng
Value: 5.897.794.437
Note ref: V.11
---
Table: THUYẾT MINH BÁO CÁO TÀI CHÍNH
Subheading: 11. Bất động sản đầu tư cho thuê — Là chương trình phần mềm, chi tiết như sau: — Nguyên giá
Item: Số cuối kỳ | Cộng
Value: 247.051.384.582
Note ref: V.11
---
Table: THUYẾT MINH BÁO CÁO TÀI CHÍNH
Subheading: 11. Bất động sản đầu tư cho thuê — Là chương trình phần mềm, chi tiết như sau: — Giá trị hao mòn
Item: Chuyển từ tài sản cố định hữu hình | Cơ sở hạ tầng
Value: 3.822.455.963
Note ref: V.11
---
Table: THUYẾT MINH BÁO CÁO TÀI CHÍNH
Subheading: 11. Bất động sản đầu tư cho thuê — Là chương trình phần mềm, chi tiết như sau: — Giá trị hao mòn
Item: Khấu hao trong kỳ | Cộng
Value: 6.217.026.740
Note ref: V.11
---
Table: THUYẾT MINH BÁO CÁO TÀI CHÍNH
Subheading: 11. Bất động sản đầu tư cho thuê — Là chương trình phần mềm, chi tiết như sau: — Giá trị hao mòn
Item: Khấu hao trong kỳ | Cơ sở hạ tầng
Value: 6.217.026.740
Note ref: V.11
---
Table: THUYẾT MINH BÁO CÁO TÀI CHÍNH
Item: Thuyết minh 9: Tài sản cố định hữu hình | Khấu hao trong năm
Value: Nguyên giá: Khấu hao trong năm | Nhà cửa, vật kiến trúc: 911.949.408 | Phương tiện vận tải, truyền dẫn: 178.824.672 | Thiết bị, dụng cụ quản lý: 24.863.124 | Tài sản cố định khác: 366.013.596 | Cộng: 1.481.650.800
---
Table: THUYẾT MINH BÁO CÁO TÀI CHÍNH
Item: Thuyết minh báo cáo tài chính
Value: 7. Tài sản cố định hữu hình Tài sản cố định hữu hình được thể hiện theo nguyên giá trừ hao mòn lũy kế. Nguyên giá tài sản cố định hữu hình bao gồm toàn bộ các chi phí mà Công ty phải bỏ ra để có được tài sản cố định tính đến thời điểm đưa tài sản đó vào trạng thái sẵn sàng sử dụng. Các chi phí phát sinh sau ghi nhận ban đầu chỉ được ghi tăng nguyên giá tài sản cố định nếu các chi phí này chắc chắn làm tăng lợi ích kinh tế trong tương lai do sử dụng tài sản đó. Các chi phí phát sinh không thỏa mãn điều kiện trên được ghi nhận là chi phí sản xuất, kinh doanh trong năm.",1,,275149,23873,0.8571428571428571,0.5310311499880979,0.15101522204481413,0.6
184,Phân tích lý do và hậu quả của việc thanh lý thiết bị văn phòng đối với tài sản của công ty.,"Dựa trên số liệu hiện có:

**1. Khả năng sinh lời** (agent_profitability)
- Nguyên giá thiết bị, dụng cụ quản lý đầu năm: **518.475.186** VND (BẢNG CÂN ĐỐI KẾ TOÁN, note V.9).
- Nguyên giá còn lại cuối kỳ: **468.485.516** VND → giảm **49.989.670** VND do thanh lý (hạng mục “Thanh lý | Thiết bị, dụng cụ quản lý”).
- Giá trị hao mòn lũy kế giảm từ **483.196.183** VND xuống **458.069.637** VND, giảm **25.126.546** VND (bao gồm chi phí khấu hao trong năm **24.863.124** VND).
- Lãi hoặc lỗ phát sinh từ việc thanh lý sẽ được ghi nhận vào thu nhập/chi phí của kỳ (theo Thuyết minh BCTC ""Khi tài sản cố định hữu hình được bán hay thanh lý, nguyên giá và giá trị hao mòn lũy kế được xóa sổ và lãi, lỗ phát sinh… được ghi nhận vào thu nhập hay chi phí trong năm"").
- **Nhận xét**:
  - Việc thanh lý giảm nguyên giá tài sản cố định hữu hình **49,99** triệu VND và giá trị hao mòn liên quan **25,13** triệu VND, làm giảm tài sản dài hạn và tổng tài sản công ty.
  - Khi tài sản đã gần hết khấu hao, tác động chính đến lợi nhuận ròng là lợi nhuận hoặc lỗ từ thanh lý, nhưng con số cụ thể chưa có trong facts, nên ảnh hưởng chi tiết tới lợi nhuận vẫn giới hạn.

**2. Thanh khoản và an toàn tài chính** (agent_liquidity_solvency)
- Tiền và các khoản tương đương tiền cuối năm: **97.964.405.114** VND (BẢNG CÂN ĐỐI KẾ TOÁN).
- Khi thanh lý, nguyên giá và giá trị hao mòn được xóa sổ, tiền thu được từ thanh lý không được chi tiết trong facts, nhưng thường làm tăng tiền và các khoản tương đương tiền, hỗ trợ cải thiện chỉ tiêu thanh khoản nếu nợ ngắn hạn không tăng.
- Không có ảnh hưởng trực tiếp lên nợ ngắn hạn hay các khoản phải trả ngắn hạn; do đó, khả năng thanh toán ngắn hạn không giảm.
- **Nhận xét**:
  - Công ty thanh lý để giải phóng vốn lưu động, giảm gánh nặng khấu hao và tăng tiền mặt.
  - Tăng tiền và các khoản tương đương tiền giúp cải thiện các chỉ tiêu thanh khoản (Current Ratio, Quick Ratio) và giảm tỷ trọng tài sản cố định trong cơ cấu tài sản.
  - Thiếu dữ liệu cụ thể về số tiền thu được từ thanh lý, nên không thể định lượng chính xác mức tăng cash.

**Kết luận tổng thể**
- Thanh lý thiết bị văn phòng được thực hiện nhằm tối ưu hoá vốn lưu động và giảm tài sản không sinh lợi. Kết quả là giảm đáng kể nguyên giá và giá trị hao mòn của tài sản cố định, làm giảm tổng tài sản dài hạn của công ty. Đồng thời, việc xóa sổ tài sản và thu hồi tiền mặt (mặc dù không có số liệu chi tiết) giúp tăng tiền và các khoản tương đương tiền, cải thiện thanh khoản ngắn hạn. Ảnh hưởng tới lợi nhuận ròng phụ thuộc vào lợi nhuận hoặc lỗ từ giao dịch thanh lý, dữ liệu này chưa có trong facts, do đó đánh giá chi tiết về lợi nhuận vẫn còn hạn chế.","Việc thanh lý thiết bị văn phòng với nguyên giá 49.989.670 VND và giá trị hao mòn lũy kế tương ứng 49.989.670 VND cho thấy công ty đã loại bỏ một số thiết bị đã hết khấu hao hoặc không còn sử dụng được. Lý do có thể là do thiết bị đã cũ, hỏng, không còn phù hợp với nhu cầu hoạt động, hoặc công ty muốn nâng cấp. Hậu quả là tổng nguyên giá và khấu hao lũy kế của tài sản cố định hữu hình giảm đi một lượng tương ứng. Vì giá trị còn lại thuần của các tài sản này là 0 tại thời điểm thanh lý (khấu hao lũy kế bằng nguyên giá), việc thanh lý không tạo ra lãi hoặc lỗ đáng kể về mặt giá trị sổ sách ngay lập tức, nhưng nó giúp tối ưu hóa việc sử dụng tài sản và có thể giảm chi phí bảo trì, vận hành trong tương lai.",66,"Table: THUYẾT MINH BÁO CÁO TÀI CHÍNH
Subheading: 9. Tài sản cố định hữu hình — Nguyên giá
Item: Số đầu năm | Cộng
Value: 202.406.369.251
Note ref: V.9
---
Table: THUYẾT MINH BÁO CÁO TÀI CHÍNH
Subheading: 9. Tài sản cố định hữu hình — Nguyên giá
Item: Số cuối kỳ | Cộng
Value: 24.034.952.927
Note ref: V.9
---
Table: BẢNG CÂN ĐỐI KẾ TOÁN
Subheading: Tài sản cố định hữu hình
Item: Nguyên giá | Số đầu năm
Period: đầu
Value: 202.406.369.251
---
Table: BẢNG CÂN ĐỐI KẾ TOÁN
Subheading: Tài sản cố định hữu hình
Item: Nguyên giá | Số cuối năm
Period: cuối
Value: 24.034.952.927
---
Table: BẢNG CÂN ĐỐI KẾ TOÁN
Subheading: Tài sản cố định hữu hình
Item: Giá trị hao mòn lũy kế | Số cuối năm
Period: cuối
Value: (7.708.754.109)
---
Table: BẢNG CÂN ĐỐI KẾ TOÁN
Subheading: Tài sản cố định hữu hình
Item: Giá trị hao mòn lũy kế | Số đầu năm
Period: đầu
Value: (12.494.119.719)
---
Table: THUYẾT MINH BÁO CÁO TÀI CHÍNH
Subheading: 9. Tài sản cố định hữu hình — Giá trị hao mòn
Item: Số đầu năm | Thiết bị, dụng cụ quản lý
Value: 483.196.183
Note ref: V.9
---
Table: THUYẾT MINH BÁO CÁO TÀI CHÍNH
Subheading: 9. Tài sản cố định hữu hình — Giá trị hao mòn
Item: Số cuối kỳ | Thiết bị, dụng cụ quản lý
Value: 458.069.637
Note ref: V.9
---
Table: THUYẾT MINH BÁO CÁO TÀI CHÍNH
Subheading: 9. Tài sản cố định hữu hình — Nguyên giá
Item: Thanh lý | Thiết bị, dụng cụ quản lý
Value: (49.989.670)
Note ref: V.9
---
Table: THUYẾT MINH BÁO CÁO TÀI CHÍNH
Item: Thuyết minh 9: Tài sản cố định hữu hình | Thanh lý
Value: Nguyên giá: Thanh lý | Thiết bị, dụng cụ quản lý: (49.989.670) | Cộng: (49.989.670)
---
Table: THUYẾT MINH BÁO CÁO TÀI CHÍNH
Item: Thuyết minh 9: Tài sản cố định hữu hình | Thanh lý
Value: Nguyên giá: Thanh lý | Nhà cửa, vật kiến trúc: - | Phương tiện vận tải, truyền dẫn: - | Thiết bị, dụng cụ quản lý: (49.989.670) | Cộng: (49.989.670)
---
Table: THUYẾT MINH BÁO CÁO TÀI CHÍNH
Subheading: 9. Tài sản cố định hữu hình — Nguyên giá
Item: Số đầu năm | Thiết bị, dụng cụ quản lý
Value: 518.475.186
Note ref: V.9
---
Table: THUYẾT MINH BÁO CÁO TÀI CHÍNH
Subheading: 9. Tài sản cố định hữu hình — Nguyên giá
Item: Số cuối kỳ | Thiết bị, dụng cụ quản lý
Value: 468.485.516
Note ref: V.9
---
Table: THUYẾT MINH BÁO CÁO TÀI CHÍNH
Subheading: 9. Tài sản cố định hữu hình — Nguyên giá
Item: Thanh lý | Cộng
Value: (49.989.670)
Note ref: V.9
---
Table: THUYẾT MINH BÁO CÁO TÀI CHÍNH
Subheading: 9. Tài sản cố định hữu hình — Giá trị hao mòn — Khấu hao trong kỳ
Item: Khấu hao trong năm | Thiết bị, dụng cụ quản lý
Value: 24.863.124
Note ref: V.9
---
Table: THUYẾT MINH BÁO CÁO TÀI CHÍNH
Subheading: 1. Tiền và các khoản tương đương tiền
Item: Cộng | Số cuối năm
Period: cuối
Value: 97.964.405.114
Note ref: V.1
---
Table: THUYẾT MINH BÁO CÁO TÀI CHÍNH
Subheading: 1. Tiền và các khoản tương đương tiền
Item: Cộng | Số đầu năm
Period: đầu
Value: 60.575.342.749
Note ref: V.1
---
Table: THUYẾT MINH BÁO CÁO TÀI CHÍNH
Subheading: 1. Tiền và các khoản tương đương tiền
Item: Tiền gửi tại công ty chứng khoán | Số cuối năm
Period: cuối
Value: 109.902.610
Note ref: V.1
---
Table: THUYẾT MINH BÁO CÁO TÀI CHÍNH
Subheading: 1. Tiền và các khoản tương đương tiền
Item: Tiền gửi tại công ty chứng khoán | Số đầu năm
Period: đầu
Value: 110.425.559
Note ref: V.1
---
Table: THUYẾT MINH BÁO CÁO TÀI CHÍNH
Subheading: 1. Tiền và các khoản tương đương tiền
Item: Các khoản tương đương tiền | Số cuối năm
Period: cuối
Value: 80.000.000.000
Note ref: V.1
---
Table: THUYẾT MINH BÁO CÁO TÀI CHÍNH
Subheading: 1. Tiền và các khoản tương đương tiền
Item: Các khoản tương đương tiền | Số đầu năm
Period: đầu
Value: 42.000.000.000
Note ref: V.1
---
Table: THUYẾT MINH BÁO CÁO TÀI CHÍNH
Subheading: 1. Tiền và các khoản tương đương tiền
Item: Tiền mặt | Số cuối năm
Period: cuối
Value: 24.085.667
Note ref: V.1
---
Table: THUYẾT MINH BÁO CÁO TÀI CHÍNH
Subheading: 1. Tiền và các khoản tương đương tiền
Item: Tiền mặt | Số đầu năm
Period: đầu
Value: 118.292.930
Note ref: V.1
---
Table: THUYẾT MINH BÁO CÁO TÀI CHÍNH
Subheading: 1. Tiền và các khoản tương đương tiền
Item: Tiền gửi ngân hàng không kỳ hạn | Số cuối năm
Period: cuối
Value: 17.830.416.837
Note ref: V.1
---
Table: THUYẾT MINH BÁO CÁO TÀI CHÍNH
Item: Thuyết minh 1: Tiền và các khoản tương đương tiền | Các khoản tương đương tiền
Value: Số cuối năm: 80.000.000.000 | Số đầu năm: 42.000.000.000
---
Table: BẢNG CÂN ĐỐI KẾ TOÁN
Subheading: Tổng nợ ngắn hạn
Item: I. Nợ ngắn hạn | Số cuối năm
Period: cuối
Value: 566.994.110.452
---
Table: BẢNG CÂN ĐỐI KẾ TOÁN
Subheading: Tổng nợ ngắn hạn
Item: I. Nợ ngắn hạn | Số đầu năm
Period: đầu
Value: 895.630.596.406
---
Table: THUYẾT MINH BÁO CÁO TÀI CHÍNH
Item: 18a. Vay ngắn hạn | Chuyển sang nợ vay ngắn hạn
Value: Khoản mục: Chuyển sang nợ vay ngắn hạn | Số cuối kỳ Giá trị: (19.424.900.000) | Số cuối kỳ Khả năng trả nợ: (19.424.900.000) | Trong kỳ Giảm: 19.424.900.000 | Số đầu kỳ Giá trị: - | Số đầu kỳ Khả năng trả nợ: -
---
Table: THUYẾT MINH BÁO CÁO TÀI CHÍNH
Subheading: 18a. Vay ngắn hạn
Item: a) Vay ngắn hạn | Số cuối kỳ Khả năng trả nợ
Period: cuối
Value: 156.502.422.354
Note ref: V.18a
---
Table: THUYẾT MINH BÁO CÁO TÀI CHÍNH
Subheading: 18a. Vay ngắn hạn
Item: a) Vay ngắn hạn | Số đầu kỳ Khả năng trả nợ
Period: đầu
Value: 380.475.557.454
Note ref: V.18a
---
Table: THUYẾT MINH BÁO CÁO TÀI CHÍNH
Item: 18a. Vay ngắn hạn | a) Vay ngắn hạn
Value: Khoản mục: a) Vay ngắn hạn | Số cuối kỳ Giá trị: 156.502.422.354 | Số cuối kỳ Khả năng trả nợ: 156.502.422.354 | Trong kỳ Tăng: 56.474.900.000 | Trong kỳ Giảm: 280.448.035.100 | Số đầu kỳ Giá trị: 380.475.557.454 | Số đầu kỳ Khả năng trả nợ: 380.475.557.454
---
Table: THUYẾT MINH BÁO CÁO TÀI CHÍNH
Subheading: 18a. Vay ngắn hạn
Item: Vay ngắn hạn các cá nhân | Số cuối kỳ Khả năng trả nợ
Period: cuối
Value: 17.219.900.000
Note ref: V.18a
---
Table: THUYẾT MINH BÁO CÁO TÀI CHÍNH
Subheading: 18a. Vay ngắn hạn
Item: Vay ngắn hạn các cá nhân | Số đầu kỳ Khả năng trả nợ
Period: đầu
Value: 159.668.100.000
Note ref: V.18a
---
Table: THUYẾT MINH BÁO CÁO TÀI CHÍNH
Item: 18a. Vay ngắn hạn | Kết chuyển từ vay và nợ dài hạn
Value: Khoản mục: Kết chuyển từ vay và nợ dài hạn | Số cuối kỳ Giá trị: 19.424.900.000 | Số cuối kỳ Khả năng trả nợ: 19.424.900.000 | Trong kỳ Tăng: 19.424.900.000
---
Table: THUYẾT MINH BÁO CÁO TÀI CHÍNH
Item: 18a. Vay ngắn hạn | Vay ngắn hạn các cá nhân
Value: Khoản mục: Vay ngắn hạn các cá nhân | Số cuối kỳ Giá trị: 17.219.900.000 | Số cuối kỳ Khả năng trả nợ: 17.219.900.000 | Trong kỳ Tăng: 37.050.000.000 | Trong kỳ Giảm: 179.498.200.000 | Số đầu kỳ Giá trị: 159.668.100.000 | Số đầu kỳ Khả năng trả nợ: 159.668.100.000
---
Table: THUYẾT MINH BÁO CÁO TÀI CHÍNH
Item: 17a. Phải trả ngắn hạn khác | Các khoản phải trả ngắn hạn khác
Value: Số cuối kỳ: 3.010.459.022 | Số đầu năm: 35.240.039
---
Table: THUYẾT MINH BÁO CÁO TÀI CHÍNH
Subheading: 17a. Phải trả ngắn hạn khác
Item: Các khoản phải trả ngắn hạn khác | Số cuối kỳ
Period: cuối
Value: 3.010.459.022
Note ref: V.17a
---
Table: THUYẾT MINH BÁO CÁO TÀI CHÍNH
Subheading: 17a. Phải trả ngắn hạn khác
Item: Các khoản phải trả ngắn hạn khác | Số đầu năm
Period: đầu
Value: 35.240.039
Note ref: V.17a
---
Table: THUYẾT MINH BÁO CÁO TÀI CHÍNH
Item: Thuyết minh 16: Chi phí phải trả ngắn hạn | Phải trả các tổ chức và cá nhân
Value: Số cuối kỳ: 81.623.567.164 | Số đầu năm: 92.849.850.808
---
Table: THUYẾT MINH BÁO CÁO TÀI CHÍNH
Item: Thuyết minh 13: Phải trả người bán ngắn hạn | Phải trả các bên liên quan
Value: Số cuối kỳ: 44.740.534.882 | Số đầu năm: 42.763.541.686
---
Table: THUYẾT MINH BÁO CÁO TÀI CHÍNH
Item: Thuyết minh 13: Phải trả người bán ngắn hạn | Phải trả các nhà cung cấp khác
Value: Số cuối kỳ: 26.265.437.526 | Số đầu năm: 46.581.188.492
---
Table: THUYẾT MINH BÁO CÁO TÀI CHÍNH
Subheading: 13. Phải trả người bán ngắn hạn
Item: Phải trả các bên liên quan | Số cuối kỳ
Period: cuối
Value: 44.740.534.882
Note ref: V.13
---
Table: THUYẾT MINH BÁO CÁO TÀI CHÍNH
Item: Thuyết minh 16: Chi phí phải trả ngắn hạn | Các chi phí phải trả ngắn hạn khác
Value: Số cuối kỳ: - | Số đầu năm: 1.767.586.446
---
Table: THUYẾT MINH BÁO CÁO TÀI CHÍNH
Item: Thuyết minh 6: Các khoản phải thu khác | Các khoản phải thu ngắn hạn khác
Value: Số cuối kỳ Giá trị: 5.727.143.845 | Số cuối kỳ Dự phòng: - | Số đầu năm Giá trị: 5.659.974.185 | Số đầu năm Dự phòng: -
---
Table: THUYẾT MINH BÁO CÁO TÀI CHÍNH
Subheading: 13. Phải trả người bán ngắn hạn
Item: Phải trả các bên liên quan | Số đầu năm
Period: đầu
Value: 42.763.541.686
Note ref: V.13
---
Table: THUYẾT MINH BÁO CÁO TÀI CHÍNH
Item: Thuyết minh báo cáo tài chính
Value: Khi tài sản cố định hữu hình được bán hay thanh lý, nguyên giá và giá trị hao mòn lũy kế được xóa sổ và lãi, lỗ phát sinh do thanh lý được ghi nhận vào thu nhập hay chi phí trong năm.
---
Table: THUYẾT MINH BÁO CÁO TÀI CHÍNH
Item: Thuyết minh 8: Tài sản cố định vô hình
Value: Khi tài sản cố định vô hình được bán hay thanh lý, nguyên giá và giá trị hao mòn lũy kế được xóa sổ và lãi, lỗ phát sinh do thanh lý được ghi nhận vào thu nhập hay chi phí trong năm.
---
Table: BÁO CÁO KẾT QUẢ HOẠT ĐỘNG KINH DOANH
Item: Lợi nhuận thuần từ hoạt động kinh doanh | Quý IV năm 2024
Period: cuối
Value: 12.205.164.159
---
Table: BÁO CÁO KẾT QUẢ HOẠT ĐỘNG KINH DOANH
Item: Lợi nhuận thuần từ hoạt động kinh doanh | Lũy kế đến quý IV năm 2024
Period: cuối
Value: (12.918.933.440)
---
Table: BÁO CÁO KẾT QUẢ HOẠT ĐỘNG KINH DOANH
Item: Lợi nhuận thuần từ hoạt động kinh doanh | Quý IV năm 2023
Period: đầu
Value: (29.778.741.081)
---
Table: BÁO CÁO KẾT QUẢ HOẠT ĐỘNG KINH DOANH
Item: Lợi nhuận thuần từ hoạt động kinh doanh | Lũy kế đến quý IV năm 2023
Period: đầu
Value: (43.531.303.789)
---
Table: THUYẾT MINH BÁO CÁO TÀI CHÍNH
Subheading: 4. Doanh thu hoạt động tài chính
Item: Cổ tức, lợi nhuận được chia | Luỹ kế từ đầu năm đến cuối kỳ này Năm trước
Value: 43.844.718
Note ref: V.4
---
Table: BÁO CÁO LƯU CHUYỂN TIỀN TỆ
Item: 3. Lợi nhuận từ hoạt động kinh doanh trước thay đổi vốn lưu động | Năm nay
Value: 37.688.511.500
---
Table: BÁO CÁO LƯU CHUYỂN TIỀN TỆ
Item: 3. Lợi nhuận từ hoạt động kinh doanh trước thay đổi vốn lưu động | Năm trước
Value: (14.602.003.684)
---
Table: BÁO CÁO LƯU CHUYỂN TIỀN TỆ
Item: Lưu chuyển tiền thuần từ hoạt động kinh doanh | Năm nay
Value: 36.158.929.436
---
Table: BÁO CÁO LƯU CHUYỂN TIỀN TỆ
Item: Lưu chuyển tiền thuần từ hoạt động kinh doanh | Năm trước
Value: (4.379.663.565)
---
Table: THUYẾT MINH BÁO CÁO TÀI CHÍNH
Item: Thuyết minh báo cáo tài chính
Value: Doanh thu cho thuê tài sản hoạt động Doanh thu cho thuê tài sản hoạt động được ghi nhận theo phương pháp đường thẳng trong suốt thời gian cho thuê. Trường hợp thời gian cho thuê chiếm trên 90% thời gian sử dụng hữu ích của tài sản, doanh thu được ghi nhận một lần đối với toàn bộ số tiền cho thuê nhận trước nếu thỏa mãn đồng thời các điều kiện sau: Bên đi thuê không có quyền hủy ngang hợp đồng thuê và Công ty không có nghĩa vụ phải trả lại số tiền đã nhận trước trong mọi trường hợp và dưới mọi hình thức. Số tiền nhận trước từ việc cho thuê không nhỏ hơn 90% tổng số tiền cho thuê dự kiến thu được theo hợp đồng trong suốt thời hạn cho thuê và bên đi thuê phải thanh toán toàn bộ số tiền thuê trong vòng 12 tháng kể từ thời điểm khởi đầu thuê tài sản. Hầu như toàn bộ rủi ro và lợi ích gắn liền với quyền sở hữu tài sản thuê đã chuyển giao cho bên đi thuê. Giá vốn của hoạt động cho thuê được ước tính tương đối đầy đủ.
---
Table: THUYẾT MINH BÁO CÁO TÀI CHÍNH
Item: Thuyết minh báo cáo tài chính
Value: Đối với chứng khoán niêm yết trên thị trường chứng khoán: giá đóng cửa tại ngày gần nhất có giao dịch tính đến thời điểm kết thúc năm tài chính. Đối với cổ phiếu đã đăng ký giao dịch trên thị trường giao dịch của các công ty đại chúng chưa niêm yết (UPCOM): giá tham chiếu bình quân trong 30 ngày giao dịch liền kề gần nhất trước thời điểm kết thúc năm tài chính do Sở Giao dịch chứng khoán công bố. Trường hợp cổ phiếu đã niêm yết trên thị trường chứng khoán hoặc cổ phiếu của công ty cổ phần đã đăng ký giao dịch trên thị trường Upcom không có giao dịch trong vòng 30 ngày trước ngày trích lập dự phòng, cổ phiếu đã niêm yết bị hủy niêm yết, bị đình chỉ giao dịch, bị ngừng giao dịch: việc lập dự phòng được thực hiện căn cứ vào khoản lỗ của công ty được đầu tư mức trích lập bằng chênh lệch giữa vốn đầu tư thực tế của các chủ sở hữu và vốn chủ sở hữu tại ngày kết thúc năm tài chính nhân với tỷ lệ sở hữu vốn điều lệ của Công ty so với tổng số vốn điều lệ thực góp.
---
Table: THUYẾT MINH BÁO CÁO TÀI CHÍNH
Item: Thuyết minh báo cáo tài chính | Thanh lý, nhượng bán
Value: Nguyên giá: Thanh lý, nhượng bán | Nhà: (949.108.506) | Cơ sở hạ tầng: - | Cộng: (949.108.506)
---
Table: THUYẾT MINH BÁO CÁO TÀI CHÍNH
Item: Thuyết minh báo cáo tài chính | Thanh lý, nhượng bán
Value: Nguyên giá: Thanh lý, nhượng bán | Nhà: (38.351.678.790) | Cộng: (38.351.678.790)
---
Table: THUYẾT MINH BÁO CÁO TÀI CHÍNH
Item: Thuyết minh báo cáo tài chính | Chuyển từ tài sản cố định hữu hình
Value: Nguyên giá: Chuyển từ tài sản cố định hữu hình | Cơ sở hạ tầng: 178.321.426.654 | Cộng: 178.321.426.654
---
Table: THUYẾT MINH BÁO CÁO TÀI CHÍNH
Item: Thuyết minh 1: Doanh thu bán hàng và cung cấp dịch vụ | Doanh thu bán bất động sản
Value: Luỹ kế từ đầu năm đến cuối kỳ này Năm nay: 187.743.704.036 | Luỹ kế từ đầu năm đến cuối kỳ này Năm trước: 173.529.958.522
---
Table: THUYẾT MINH BÁO CÁO TÀI CHÍNH
Item: Thuyết minh báo cáo tài chính
Value: 15. Chi phí đi vay Chi phí đi vay bao gồm lãi tiền vay và các chi phí khác phát sinh liên quan trực tiếp đến các khoản vay. Chi phí đi vay được ghi nhận vào chi phí khi phát sinh. Trường hợp chi phí đi vay liên quan trực tiếp đến việc đầu tư xây dựng hoặc sản xuất tài sản dở dang cần có một thời gian đủ dài (trên 12 tháng) để có thể đưa vào sử dụng theo mục đích định trước hoặc bán thì chi phí đi vay này được tính vào giá trị của tài sản đó. Đối với khoản vay riêng phục vụ việc xây dựng tài sản cố định, bất động sản đầu tư, lãi vay được vốn hóa kể cả khi thời gian xây dựng dưới 12 tháng. Các khoản thu nhập phát sinh từ việc đầu tư tạm thời các khoản vay được ghi giảm nguyên giá tài sản có liên quan. Đối với các khoản vốn vay chung trong đó có sử dụng cho mục đích đầu tư xây dựng hoặc sản xuất tài sản dở dang thì chi phí đi vay vốn hóa được xác định theo tỷ lệ vốn hóa đối với chi phí lũy kế bình quân gia quyền phát sinh cho việc đầu tư xây dựng cơ bản hoặc sản xuất tài sản đó. Tỷ lệ vốn hóa được tính theo tỷ lệ lãi suất bình quân gia quyền của các khoản vay chưa trả trong năm, ngoại trừ các khoản vay riêng biệt phục vụ cho mục đích hình thành một tài sản cụ thể.
---
Table: THUYẾT MINH BÁO CÁO TÀI CHÍNH
Item: Thuyết minh 8: Chi phí trả trước dài hạn | Các chi phí trả trước dài hạn khác
Value: Số đầu năm: 77.774.900
---
Table: THUYẾT MINH BÁO CÁO TÀI CHÍNH
Item: Thuyết minh 10: Chi phí xây dựng cơ bản dở dang
Value: Chi phí xây dựng cơ bản dở dang phản ánh các chi phí liên quan trực tiếp (bao gồm cả chi phí lãi vay có liên quan phù hợp với chính sách kế toán của Công ty) đến các tài sản đang trong quá trình xây dựng, máy móc thiết bị đang lắp đặt để phục vụ cho mục đích sản xuất, cho thuê và quản lý cũng
---
Table: THUYẾT MINH BÁO CÁO TÀI CHÍNH
Subheading: 8. Chi phí trả trước dài hạn
Item: Các chi phí trả trước dài hạn khác | Số đầu năm
Period: đầu
Value: 77.774.900
Note ref: V.8",1,,429964,56062,0.225,0.8236476587620252,0.2565931511667245,0.25
185,Tính toán tỷ lệ khấu hao trong năm trên nguyên giá đầu năm cho từng loại tài sản cố định hữu hình.,"Dựa trên số liệu hiện có:
- Nguyên giá đầu năm của tài sản cố định hữu hình: 202.406.369.251 (BẢNG CÂN ĐỐI KẾ TOÁN)
- Khấu hao trong năm (tổng): 1.481.650.800 (THUYẾT MINH BÁO CÁO TÀI CHÍNH)

Công thức: Tỷ lệ khấu hao = Khấu hao trong năm ÷ Nguyên giá đầu năm × 100%

Kết quả: 1.481.650.800 ÷ 202.406.369.251 × 100% ≈ 0.73%

**Ghi chú:** Dữ liệu không cung cấp số khấu hao trong năm riêng cho từng loại tài sản cố định hữu hình (nhà cửa, vật kiến trúc; phương tiện vận tải, truyền dẫn; thiết bị, dụng cụ quản lý), vì vậy chỉ có thể tính tỷ lệ khấu hao chung cho toàn bộ nhóm tài sản cố định hữu hình.",Tỷ lệ khấu hao trong năm trên nguyên giá đầu năm cho từng loại tài sản cố định hữu hình:\n-   **Nhà cửa và vật kiến trúc:** (911.949.408 VND / 196.560.414.828 VND) * 100% ≈ 0.46%\n-   **Phương tiện vận tải:** (178.824.672 VND / 1.788.246.728 VND) * 100% ≈ 10.00%\n-   **Thiết bị văn phòng:** (24.863.124 VND / 518.475.186 VND) * 100% ≈ 4.80%\n-   **Tài sản cố định khác:** (366.013.596 VND / 3.539.232.509 VND) * 100% ≈ 10.34%,16,"Table: BẢNG CÂN ĐỐI KẾ TOÁN
Subheading: Tài sản cố định hữu hình
Item: Nguyên giá | Số đầu năm
Period: đầu
Value: 202.406.369.251
---
Table: THUYẾT MINH BÁO CÁO TÀI CHÍNH
Subheading: 9. Tài sản cố định hữu hình — Nguyên giá
Item: Số đầu năm | Tài sản cố định khác
Value: 3.539.232.509
Note ref: V.9
---
Table: THUYẾT MINH BÁO CÁO TÀI CHÍNH
Subheading: 9. Tài sản cố định hữu hình — Nguyên giá
Item: Số đầu năm | Cộng
Value: 202.406.369.251
Note ref: V.9
---
Table: BẢNG CÂN ĐỐI KẾ TOÁN
Subheading: Tài sản cố định hữu hình
Item: Giá trị hao mòn lũy kế | Số đầu năm
Period: đầu
Value: (12.494.119.719)
---
Table: THUYẾT MINH BÁO CÁO TÀI CHÍNH
Subheading: 9. Tài sản cố định hữu hình — Giá trị hao mòn
Item: Số đầu năm | Tài sản cố định khác
Value: 760.514.585
Note ref: V.9
---
Table: THUYẾT MINH BÁO CÁO TÀI CHÍNH
Subheading: 9. Tài sản cố định hữu hình — Giá trị hao mòn
Item: Số đầu năm | Cộng
Value: 12.494.119.719
Note ref: V.9
---
Table: THUYẾT MINH BÁO CÁO TÀI CHÍNH
Subheading: 9. Tài sản cố định hữu hình — Nguyên giá
Item: Số đầu năm | Nhà cửa, vật kiến trúc
Value: 196.560.414.828
Note ref: V.9
---
Table: THUYẾT MINH BÁO CÁO TÀI CHÍNH
Subheading: 9. Tài sản cố định hữu hình — Nguyên giá
Item: Số đầu năm | Phương tiện vận tải, truyền dẫn
Value: 1.788.246.728
Note ref: V.9
---
Table: THUYẾT MINH BÁO CÁO TÀI CHÍNH
Subheading: 9. Tài sản cố định hữu hình — Nguyên giá
Item: Số đầu năm | Thiết bị, dụng cụ quản lý
Value: 518.475.186
Note ref: V.9
---
Table: THUYẾT MINH BÁO CÁO TÀI CHÍNH
Subheading: 9. Tài sản cố định hữu hình — Giá trị hao mòn
Item: Số đầu năm | Nhà cửa, vật kiến trúc
Value: 10.320.799.076
Note ref: V.9
---
Table: THUYẾT MINH BÁO CÁO TÀI CHÍNH
Subheading: 9. Tài sản cố định hữu hình — Giá trị hao mòn
Item: Số đầu năm | Phương tiện vận tải, truyền dẫn
Value: 929.609.875
Note ref: V.9
---
Table: THUYẾT MINH BÁO CÁO TÀI CHÍNH
Subheading: 9. Tài sản cố định hữu hình — Giá trị hao mòn
Item: Số đầu năm | Thiết bị, dụng cụ quản lý
Value: 483.196.183
Note ref: V.9
---
Table: THUYẾT MINH BÁO CÁO TÀI CHÍNH
Subheading: 9. Tài sản cố định hữu hình — Giá trị hao mòn — Khấu hao trong kỳ
Item: Khấu hao trong năm | Tài sản cố định khác
Value: 366.013.596
Note ref: V.9
---
Table: THUYẾT MINH BÁO CÁO TÀI CHÍNH
Subheading: 9. Tài sản cố định hữu hình — Giá trị hao mòn — Khấu hao trong kỳ
Item: Khấu hao trong năm | Cộng
Value: 1.481.650.800
Note ref: V.9
---
Table: THUYẾT MINH BÁO CÁO TÀI CHÍNH
Subheading: 9. Tài sản cố định hữu hình — Nguyên giá
Item: Thanh lý | Cộng
Value: (49.989.670)
Note ref: V.9
---
Table: THUYẾT MINH BÁO CÁO TÀI CHÍNH
Subheading: 9. Tài sản cố định hữu hình — Nguyên giá
Item: Chuyển sang bất động sản đầu tư | Cộng
Value: (178.321.426.654)
Note ref: V.9",1,,27673,10937,1.0,0.7069680985595177,0.4979548229448639,0.2
186,Đánh giá hiệu quả sử dụng tài sản cố định hữu hình dựa trên sự biến động của giá trị còn lại thuần.,"Dựa trên số liệu hiện có:

- **Giá trị còn lại (net book value) của tài sản cố định hữu hình**
  - Số đầu năm (nguyên giá – giá trị hao mòn lũy kế):
    - Nguyên giá: 202.406.369.251 VND (BẢNG CÂN ĐỐI KẾ TOÁN)
    - Giá trị hao mòn lũy kế: 12.494.119.719 VND (giá trị âm) 
    - **Net BV đầu năm = 202.406.369.251 – 12.494.119.719 = 189.912.249.532 VND**
  - Số cuối kỳ (nguyên giá – giá trị hao mòn lũy kế):
    - Nguyên giá: 24.034.952.927 VND (BẢNG CÂN ĐỐI KẾ TOÁN)
    - Giá trị hao mòn lũy kế: 7.708.754.109 VND 
    - **Net BV cuối kỳ = 24.034.952.927 – 7.708.754.109 = 16.326.198.818 VND**
  - **Biến động giá trị còn lại**
    - Thay đổi tuyệt đối: 16.326.198.818 – 189.912.249.532 = **‑173.586.050.714 VND**
    - Tỷ lệ thay đổi: (‑173.586.050.714 / 189.912.249.532) × 100 ≈ **‑91.4 %**

*Nhận xét*:
- Giá trị còn lại của tài sản cố định hữu hình giảm mạnh (~91 %) trong kỳ. 
- Nguyên nhân chính là **chuyển sang bất động sản đầu tư** (‑178.321.426.654 VND, theo mục ""Chuyển sang bất động sản đầu tư"" trong thuyết minh V.9), nên không phản ánh chỉ việc khấu hao hoặc hao tổn.
- Các khoản con cho thấy xu hướng giảm:
  - Tài sản cố định khác: 2.778.717.924 → 2.412.704.328 VND (‑13.2 %).
  - Thiết bị, dụng cụ quản lý: 35.279.003 → 10.415.879 VND (‑70.5 %).
- Sự giảm mạnh có thể là do **điều chỉnh lại cấu trúc tài sản**, bán hoặc chuyển đổi tài sản sang các danh mục khác, chứ không phải do hiệu suất sử dụng kém.
- Mặc dù tổng giá trị còn lại còn 16.3 tỷ VND, mức giảm lớn có thể ảnh hưởng đến khả năng tài trợ và đánh giá tín nhiệm nếu không được giải thích rõ trong thuyết minh.
- Để đánh giá thực sự về hiệu quả sử dụng, cần so sánh với doanh thu, lợi nhuận và mức đầu tư mới trong kỳ; dữ liệu này hiện chưa có.","Giá trị còn lại thuần của tổng tài sản cố định hữu hình đã giảm mạnh từ 189.912.249.532 VND đầu năm xuống 16.326.198.818 VND cuối kỳ. Sự sụt giảm chủ yếu do 'Nhà cửa và vật kiến trúc' giảm mạnh (từ 186.239.615.752 VND xuống 13.223.266.430 VND), một phần lớn là do 'Hình thành bất động sản'. Điều này cho thấy công ty đã chuyển đổi một lượng lớn tài sản cố định hữu hình sang mục đích khác (có thể là bất động sản đầu tư hoặc hàng tồn kho).  \n\nNếu việc chuyển đổi này là một chiến lược tái cơ cấu tài sản hiệu quả, nhằm tối ưu hóa danh mục đầu tư và tập trung vào các hoạt động có khả năng sinh lời cao hơn (ví dụ, bán bất động sản), thì đây có thể là một dấu hiệu tích cực. Tuy nhiên, nếu sự giảm giá trị còn lại thuần không đi kèm với việc tạo ra tài sản mới hoặc tăng cường hiệu quả ở các mảng khác, nó có thể cho thấy sự thu hẹp quy mô hoạt động hoặc việc bán bớt tài sản để đáp ứng nhu cầu tài chính. Để đánh giá hiệu quả thực sự, cần xem xét các khoản mục tài sản mới được hình thành và lợi nhuận từ các hoạt động mới này.",43,"Table: THUYẾT MINH BÁO CÁO TÀI CHÍNH
Subheading: 9. Tài sản cố định hữu hình — Nguyên giá
Item: Số đầu năm | Cộng
Value: 202.406.369.251
Note ref: V.9
---
Table: THUYẾT MINH BÁO CÁO TÀI CHÍNH
Subheading: 9. Tài sản cố định hữu hình — Nguyên giá
Item: Số cuối kỳ | Cộng
Value: 24.034.952.927
Note ref: V.9
---
Table: BẢNG CÂN ĐỐI KẾ TOÁN
Subheading: Tài sản cố định hữu hình
Item: Nguyên giá | Số đầu năm
Period: đầu
Value: 202.406.369.251
---
Table: BẢNG CÂN ĐỐI KẾ TOÁN
Subheading: Tài sản cố định hữu hình
Item: Nguyên giá | Số cuối năm
Period: cuối
Value: 24.034.952.927
---
Table: THUYẾT MINH BÁO CÁO TÀI CHÍNH
Subheading: 9. Tài sản cố định hữu hình — Giá trị hao mòn
Item: Số đầu năm | Cộng
Value: 12.494.119.719
Note ref: V.9
---
Table: THUYẾT MINH BÁO CÁO TÀI CHÍNH
Subheading: 9. Tài sản cố định hữu hình — Giá trị hao mòn
Item: Số cuối kỳ | Cộng
Value: 7.708.754.109
Note ref: V.9
---
Table: BẢNG CÂN ĐỐI KẾ TOÁN
Subheading: Tài sản cố định hữu hình
Item: Giá trị hao mòn lũy kế | Số đầu năm
Period: đầu
Value: (12.494.119.719)
---
Table: BẢNG CÂN ĐỐI KẾ TOÁN
Subheading: Tài sản cố định hữu hình
Item: Giá trị hao mòn lũy kế | Số cuối năm
Period: cuối
Value: (7.708.754.109)
---
Table: THUYẾT MINH BÁO CÁO TÀI CHÍNH
Subheading: 9. Tài sản cố định hữu hình — Giá trị hao mòn
Item: Số đầu năm | Tài sản cố định khác
Value: 760.514.585
Note ref: V.9
---
Table: THUYẾT MINH BÁO CÁO TÀI CHÍNH
Subheading: 9. Tài sản cố định hữu hình — Giá trị hao mòn
Item: Số cuối kỳ | Tài sản cố định khác
Value: 1.126.528.181
Note ref: V.9
---
Table: THUYẾT MINH BÁO CÁO TÀI CHÍNH
Subheading: 9. Tài sản cố định hữu hình — Giá trị hao mòn
Item: Số đầu năm | Thiết bị, dụng cụ quản lý
Value: 483.196.183
Note ref: V.9
---
Table: THUYẾT MINH BÁO CÁO TÀI CHÍNH
Subheading: 9. Tài sản cố định hữu hình — Nguyên giá
Item: Số đầu năm | Tài sản cố định khác
Value: 3.539.232.509
Note ref: V.9
---
Table: THUYẾT MINH BÁO CÁO TÀI CHÍNH
Subheading: 9. Tài sản cố định hữu hình — Nguyên giá
Item: Số cuối kỳ | Tài sản cố định khác
Value: 3.539.232.509
Note ref: V.9
---
Table: THUYẾT MINH BÁO CÁO TÀI CHÍNH
Subheading: 9. Tài sản cố định hữu hình — Nguyên giá
Item: Thanh lý | Cộng
Value: (49.989.670)
Note ref: V.9
---
Table: THUYẾT MINH BÁO CÁO TÀI CHÍNH
Subheading: 9. Tài sản cố định hữu hình — Nguyên giá
Item: Chuyển sang bất động sản đầu tư | Cộng
Value: (178.321.426.654)
Note ref: V.9
---
Table: THUYẾT MINH BÁO CÁO TÀI CHÍNH
Subheading: 10. Tài sản cố định vô hình — Là chương trình phần mềm, chi tiết như sau:
Item: Số đầu năm | Giá trị còn lại
Value: 51.732.022
Note ref: V.10
---
Table: THUYẾT MINH BÁO CÁO TÀI CHÍNH
Subheading: 10. Tài sản cố định vô hình — Là chương trình phần mềm, chi tiết như sau:
Item: Số cuối kỳ | Giá trị còn lại
Value: 17.566.667
Note ref: V.10
---
Table: THUYẾT MINH BÁO CÁO TÀI CHÍNH
Subheading: Giá trị còn lại
Item: Số đầu năm | Tài sản cố định khác
Value: 2.778.717.924
Note ref: V.9
---
Table: THUYẾT MINH BÁO CÁO TÀI CHÍNH
Subheading: Giá trị còn lại
Item: Số cuối kỳ | Tài sản cố định khác
Value: 2.412.704.328
Note ref: V.9
---
Table: THUYẾT MINH BÁO CÁO TÀI CHÍNH
Subheading: Giá trị còn lại
Item: Số đầu năm | Nhà cửa, vật kiến trúc
Value: 186.239.615.752
Note ref: V.9
---
Table: THUYẾT MINH BÁO CÁO TÀI CHÍNH
Subheading: Giá trị còn lại
Item: Số cuối kỳ | Nhà cửa, vật kiến trúc
Value: 13.223.266.430
Note ref: V.9
---
Table: THUYẾT MINH BÁO CÁO TÀI CHÍNH
Subheading: Giá trị còn lại
Item: Số đầu năm | Phương tiện vận tải, truyền dẫn
Value: 858.636.853
Note ref: V.9
---
Table: THUYẾT MINH BÁO CÁO TÀI CHÍNH
Subheading: Giá trị còn lại
Item: Số đầu năm | Thiết bị, dụng cụ quản lý
Value: 35.279.003
Note ref: V.9
---
Table: THUYẾT MINH BÁO CÁO TÀI CHÍNH
Subheading: Giá trị còn lại
Item: Số cuối kỳ | Phương tiện vận tải, truyền dẫn
Value: 679.812.181
Note ref: V.9
---
Table: THUYẾT MINH BÁO CÁO TÀI CHÍNH
Subheading: Giá trị còn lại
Item: Số cuối kỳ | Thiết bị, dụng cụ quản lý
Value: 10.415.879
Note ref: V.9
---
Table: THUYẾT MINH BÁO CÁO TÀI CHÍNH
Subheading: Giá trị còn lại
Item: Số đầu năm | Cộng
Value: 189.912.249.532
Note ref: V.9
---
Table: THUYẾT MINH BÁO CÁO TÀI CHÍNH
Subheading: Giá trị còn lại
Item: Số cuối kỳ | Cộng
Value: 16.326.198.818
Note ref: V.9
---
Table: THUYẾT MINH BÁO CÁO TÀI CHÍNH
Item: Thuyết minh 9: Tài sản cố định hữu hình | Số đầu năm
Value: Nguyên giá: Số đầu năm | Nhà cửa, vật kiến trúc: 196.560.414.828 | Phương tiện vận tải, truyền dẫn: 1.788.246.728 | Thiết bị, dụng cụ quản lý: 518.475.186 | Tài sản cố định khác: 3.539.232.509 | Cộng: 202.406.369.251
---
Table: THUYẾT MINH BÁO CÁO TÀI CHÍNH
Item: Thuyết minh 9: Tài sản cố định hữu hình | Số cuối kỳ
Value: Nguyên giá: Số cuối kỳ | Nhà cửa, vật kiến trúc: 18.238.988.174 | Phương tiện vận tải, truyền dẫn: 1.788.246.728 | Thiết bị, dụng cụ quản lý: 468.485.516 | Tài sản cố định khác: 3.539.232.509 | Cộng: 24.034.952.927
---
Table: THUYẾT MINH BÁO CÁO TÀI CHÍNH
Item: Thuyết minh 9: Tài sản cố định hữu hình | Số đầu năm
Value: Nguyên giá: Số đầu năm | Nhà cửa, vật kiến trúc: 10.320.799.076 | Phương tiện vận tải, truyền dẫn: 929.609.875 | Thiết bị, dụng cụ quản lý: 483.196.183 | Tài sản cố định khác: 760.514.585 | Cộng: 12.494.119.719
---
Table: THUYẾT MINH BÁO CÁO TÀI CHÍNH
Item: Thuyết minh 9: Tài sản cố định hữu hình | Số cuối kỳ
Value: Nguyên giá: Số cuối kỳ | Nhà cửa, vật kiến trúc: (6.217.026.740) | Phương tiện vận tải, truyền dẫn: 1.108.434.547 | Thiết bị, dụng cụ quản lý: 458.069.637 | Tài sản cố định khác: 1.126.528.181 | Cộng: 7.708.754.109
---
Table: THUYẾT MINH BÁO CÁO TÀI CHÍNH
Item: Thuyết minh 8: Tài sản cố định vô hình
Value: Nguyên giá tài sản cố định vô hình bao gồm toàn bộ các chi phí mà Công ty phải bỏ ra để có được tài sản cố định tính đến thời điểm đưa tài sản đó vào trạng thái sẵn sàng sử dụng. Chi phí liên quan đến tài sản cố định vô hình phát sinh sau khi ghi nhận ban đầu được ghi nhận là chi phí sản xuất, kinh doanh trong kỳ trừ khi các chi phí này gắn liền với một tài sản cố định vô hình cụ thể và làm tăng lợi ích kinh tế từ các tài sản này.
---
Table: THUYẾT MINH BÁO CÁO TÀI CHÍNH
Subheading: 11. Bất động sản đầu tư cho thuê — Là chương trình phần mềm, chi tiết như sau: — Giá trị còn lại
Item: Số đầu năm | Nhà
Value: 105.856.776.554
Note ref: V.11
---
Table: THUYẾT MINH BÁO CÁO TÀI CHÍNH
Subheading: 11. Bất động sản đầu tư cho thuê — Là chương trình phần mềm, chi tiết như sau: — Giá trị còn lại
Item: Số đầu năm | Cộng
Value: 105.856.776.554
Note ref: V.11
---
Table: THUYẾT MINH BÁO CÁO TÀI CHÍNH
Subheading: 11. Bất động sản đầu tư cho thuê — Là chương trình phần mềm, chi tiết như sau: — Giá trị còn lại
Item: Số cuối kỳ | Nhà
Value: 66.378.867.796
Note ref: V.11
---
Table: THUYẾT MINH BÁO CÁO TÀI CHÍNH
Item: Thuyết minh báo cáo tài chính | Giá trị còn lại
Value: Nguyên giá: Giá trị còn lại
---
Table: THUYẾT MINH BÁO CÁO TÀI CHÍNH
Subheading: 11. Bất động sản đầu tư cho thuê — Là chương trình phần mềm, chi tiết như sau: — Giá trị còn lại
Item: Số cuối kỳ | Cộng
Value: 234.660.811.747
Note ref: V.11
---
Table: THUYẾT MINH BÁO CÁO TÀI CHÍNH
Subheading: 11. Bất động sản đầu tư cho thuê — Là chương trình phần mềm, chi tiết như sau: — Giá trị còn lại
Item: Số cuối kỳ | Cơ sở hạ tầng
Value: 168.281.943.951
Note ref: V.11
---
Table: THUYẾT MINH BÁO CÁO TÀI CHÍNH
Item: Thuyết minh báo cáo tài chính | Chuyển từ tài sản cố định hữu hình
Value: Nguyên giá: Chuyển từ tài sản cố định hữu hình | Cơ sở hạ tầng: 178.321.426.654 | Cộng: 178.321.426.654
---
Table: THUYẾT MINH BÁO CÁO TÀI CHÍNH
Item: Thuyết minh báo cáo tài chính | Chuyển từ tài sản cố định hữu hình
Value: Nguyên giá: Chuyển từ tài sản cố định hữu hình | Nhà: 2.075.338.474 | Cơ sở hạ tầng: 3.822.455.963 | Cộng: 5.897.794.437
---
Table: THUYẾT MINH BÁO CÁO TÀI CHÍNH
Item: Thuyết minh 9: Tài sản cố định hữu hình | Chuyển sang bất động sản đầu tư
Value: Nguyên giá: Chuyển sang bất động sản đầu tư | Nhà cửa, vật kiến trúc: (178.321.426.654) | Phương tiện vận tải, truyền dẫn: - | Thiết bị, dụng cụ quản lý: - | Cộng: (178.321.426.654)
---
Table: THUYẾT MINH BÁO CÁO TÀI CHÍNH
Item: Thuyết minh 8: Tài sản cố định vô hình
Value: Tài sản cố định vô hình của Công ty là chương trình phần mềm máy tính. Chi phí liên quan đến các chương trình phần mềm máy tính không phải là một bộ phận gắn kết với phần cứng có liên quan được vốn hóa. Nguyên giá của phần mềm máy tính là toàn bộ các chi phí mà Công ty đã chi ra tính đến thời điểm đưa phần mềm vào sử dụng. Phần mềm máy tính được khấu hao theo phương pháp đường thẳng trong 3 - 5 năm.
---
Table: THUYẾT MINH BÁO CÁO TÀI CHÍNH
Item: Thuyết minh 9: Bất động sản đầu tư
Value: Việc chuyển từ bất động sản chủ sở hữu sử dụng hoặc hàng tồn kho thành bất động sản đầu tư chỉ khi chủ sở hữu chấm dứt sử dụng tài sản đó và bắt đầu cho bên khác thuê hoạt động hoặc khi kết thúc giai đoạn xây dựng. Việc chuyển từ bất động sản đầu tư sang bất động sản chủ sở hữu sử dụng hay hàng tồn kho chỉ khi chủ sở hữu bắt đầu sử dụng tài sản này hoặc bắt đầu triển khai cho mục đích bán. Việc chuyển từ bất động sản đầu tư sang bất động sản chủ sở hữu sử dụng hoặc hàng tồn kho không làm thay đổi nguyên giá hay giá trị còn lại của bất động sản tại ngày chuyển đổi.",1,,295532,21838,0.7391304347826086,0.5832751964841324,0.21370537095872405,0.5
187,Giá trị còn lại thuần của tài sản cố định vô hình cuối kỳ là bao nhiêu VND?,Giá trị còn lại thuần của tài sản cố định vô hình cuối kỳ là 17.566.667 VND.,Giá trị còn lại thuần của tài sản cố định vô hình cuối kỳ là 17.566.667 VND.,16,"Table: BẢNG CÂN ĐỐI KẾ TOÁN
Item: Tài sản cố định vô hình | Số cuối năm
Period: cuối
Value: 17.566.667
Note ref: V.10
---
Table: THUYẾT MINH BÁO CÁO TÀI CHÍNH
Subheading: 10. Tài sản cố định vô hình — Là chương trình phần mềm, chi tiết như sau:
Item: Số cuối kỳ | Giá trị còn lại
Value: 17.566.667
Note ref: V.10
---
Table: THUYẾT MINH BÁO CÁO TÀI CHÍNH
Subheading: 10. Tài sản cố định vô hình — Là chương trình phần mềm, chi tiết như sau:
Item: Số đầu năm | Giá trị còn lại
Value: 51.732.022
Note ref: V.10
---
Table: BẢNG CÂN ĐỐI KẾ TOÁN
Subheading: Tài sản cố định vô hình
Item: Nguyên giá | Số cuối năm
Period: cuối
Value: 337.728.000
---
Table: BẢNG CÂN ĐỐI KẾ TOÁN
Subheading: Tài sản cố định vô hình
Item: Giá trị hao mòn lũy kế | Số cuối năm
Period: cuối
Value: (320.161.333)
---
Table: THUYẾT MINH BÁO CÁO TÀI CHÍNH
Subheading: 10. Tài sản cố định vô hình — Là chương trình phần mềm, chi tiết như sau:
Item: Số cuối kỳ | Giá trị hao mòn
Value: (320.161.333)
Note ref: V.10
---
Table: THUYẾT MINH BÁO CÁO TÀI CHÍNH
Subheading: Giá trị còn lại
Item: Số cuối kỳ | Tài sản cố định khác
Value: 2.412.704.328
Note ref: V.9
---
Table: THUYẾT MINH BÁO CÁO TÀI CHÍNH
Subheading: 10. Tài sản cố định vô hình — Là chương trình phần mềm, chi tiết như sau:
Item: Số cuối kỳ | Nguyên giá
Value: 337.728.000
Note ref: V.10
---
Table: THUYẾT MINH BÁO CÁO TÀI CHÍNH
Subheading: 10. Tài sản cố định vô hình — Là chương trình phần mềm, chi tiết như sau:
Item: Khấu hao trong kỳ | Giá trị còn lại
Value: (34.165.355)
Note ref: V.10
---
Table: THUYẾT MINH BÁO CÁO TÀI CHÍNH
Subheading: 10. Tài sản cố định vô hình — Là chương trình phần mềm, chi tiết như sau:
Item: Khấu hao trong kỳ | Giá trị hao mòn
Value: (34.165.355)
Note ref: V.10
---
Table: THUYẾT MINH BÁO CÁO TÀI CHÍNH
Item: Thuyết minh 8: Tài sản cố định vô hình
Value: Nguyên giá tài sản cố định vô hình bao gồm toàn bộ các chi phí mà Công ty phải bỏ ra để có được tài sản cố định tính đến thời điểm đưa tài sản đó vào trạng thái sẵn sàng sử dụng. Chi phí liên quan đến tài sản cố định vô hình phát sinh sau khi ghi nhận ban đầu được ghi nhận là chi phí sản xuất, kinh doanh trong kỳ trừ khi các chi phí này gắn liền với một tài sản cố định vô hình cụ thể và làm tăng lợi ích kinh tế từ các tài sản này.
---
Table: THUYẾT MINH BÁO CÁO TÀI CHÍNH
Item: Thuyết minh 8: Tài sản cố định vô hình
Value: Tài sản cố định vô hình được thể hiện theo nguyên giá trừ hao mòn lũy kế.
---
Table: THUYẾT MINH BÁO CÁO TÀI CHÍNH
Item: Thuyết minh 8: Tài sản cố định vô hình
Value: Khi tài sản cố định vô hình được bán hay thanh lý, nguyên giá và giá trị hao mòn lũy kế được xóa sổ và lãi, lỗ phát sinh do thanh lý được ghi nhận vào thu nhập hay chi phí trong năm.
---
Table: THUYẾT MINH BÁO CÁO TÀI CHÍNH
Item: Thuyết minh 8: Tài sản cố định vô hình
Value: Tài sản cố định vô hình của Công ty là chương trình phần mềm máy tính. Chi phí liên quan đến các chương trình phần mềm máy tính không phải là một bộ phận gắn kết với phần cứng có liên quan được vốn hóa. Nguyên giá của phần mềm máy tính là toàn bộ các chi phí mà Công ty đã chi ra tính đến thời điểm đưa phần mềm vào sử dụng. Phần mềm máy tính được khấu hao theo phương pháp đường thẳng trong 3 - 5 năm.
---
Table: BẢNG CÂN ĐỐI KẾ TOÁN
Subheading: Tài sản cố định vô hình
Item: Nguyên giá | Số đầu năm
Period: đầu
Value: 337.728.000
---
Table: BẢNG CÂN ĐỐI KẾ TOÁN
Subheading: Tài sản cố định vô hình
Item: Giá trị hao mòn lũy kế | Số đầu năm
Period: đầu
Value: (285.995.978)",1,,10331,8313,1.0,0.834140615540586,0.7777777777518519,1.0
188,Nguyên giá bất động sản đầu tư cuối kỳ là bao nhiêu VND?,Nguyên giá bất động sản đầu tư cuối kỳ là 247.051.384.582 VND.,Nguyên giá bất động sản đầu tư cuối kỳ là 247.051.384.582 VND.,10,"Table: BẢNG CÂN ĐỐI KẾ TOÁN
Subheading: Bất động sản đầu tư
Item: Nguyên giá | Số cuối năm
Period: cuối
Value: 247.051.384.582
---
Table: THUYẾT MINH BÁO CÁO TÀI CHÍNH
Subheading: 11. Bất động sản đầu tư cho thuê — Là chương trình phần mềm, chi tiết như sau: — Nguyên giá
Item: Số cuối kỳ | Nhà
Value: 68.729.957.928
Note ref: V.11
---
Table: THUYẾT MINH BÁO CÁO TÀI CHÍNH
Subheading: 11. Bất động sản đầu tư cho thuê — Là chương trình phần mềm, chi tiết như sau: — Nguyên giá
Item: Số cuối kỳ | Cộng
Value: 247.051.384.582
Note ref: V.11
---
Table: THUYẾT MINH BÁO CÁO TÀI CHÍNH
Subheading: 11. Bất động sản đầu tư cho thuê — Là chương trình phần mềm, chi tiết như sau: — Nguyên giá
Item: Số cuối kỳ | Cơ sở hạ tầng
Value: 178.321.426.654
Note ref: V.11
---
Table: THUYẾT MINH BÁO CÁO TÀI CHÍNH
Subheading: 11. Bất động sản đầu tư cho thuê — Là chương trình phần mềm, chi tiết như sau: — Nguyên giá
Item: Thanh lý, nhượng bán | Nhà
Value: (38.351.678.790)
Note ref: V.11
---
Table: THUYẾT MINH BÁO CÁO TÀI CHÍNH
Subheading: 11. Bất động sản đầu tư cho thuê — Là chương trình phần mềm, chi tiết như sau: — Nguyên giá
Item: Thanh lý, nhượng bán | Cộng
Value: (38.351.678.790)
Note ref: V.11
---
Table: THUYẾT MINH BÁO CÁO TÀI CHÍNH
Subheading: 11. Bất động sản đầu tư cho thuê — Là chương trình phần mềm, chi tiết như sau: — Nguyên giá
Item: Chuyển từ tài sản cố định hữu hình | Cộng
Value: 178.321.426.654
Note ref: V.11
---
Table: THUYẾT MINH BÁO CÁO TÀI CHÍNH
Subheading: 11. Bất động sản đầu tư cho thuê — Là chương trình phần mềm, chi tiết như sau: — Nguyên giá
Item: Chuyển từ tài sản cố định hữu hình | Cơ sở hạ tầng
Value: 178.321.426.654
Note ref: V.11
---
Table: BẢNG CÂN ĐỐI KẾ TOÁN
Subheading: Bất động sản đầu tư
Item: Nguyên giá | Số đầu năm
Period: đầu
Value: 107.081.636.718
---
Table: THUYẾT MINH BÁO CÁO TÀI CHÍNH
Subheading: 11. Bất động sản đầu tư cho thuê — Là chương trình phần mềm, chi tiết như sau: — Nguyên giá
Item: Số đầu năm | Nhà
Value: 107.081.636.718
Note ref: V.11",1,,9640,7666,1.0,0.8823056255680869,0.8333333332916666,1.0
189,Khấu hao trong năm của tài sản cố định vô hình là bao nhiêu VND?,Khấu hao trong năm của tài sản cố định vô hình là 34.165.355 VND.,Khấu hao trong năm của tài sản cố định vô hình là 34.165.355 VND.,14,"Table: BẢNG CÂN ĐỐI KẾ TOÁN
Subheading: Tài sản cố định vô hình
Item: Giá trị hao mòn lũy kế | Số cuối năm
Period: cuối
Value: (320.161.333)
---
Table: BẢNG CÂN ĐỐI KẾ TOÁN
Subheading: Tài sản cố định vô hình
Item: Giá trị hao mòn lũy kế | Số đầu năm
Period: đầu
Value: (285.995.978)
---
Table: THUYẾT MINH BÁO CÁO TÀI CHÍNH
Subheading: 10. Tài sản cố định vô hình — Là chương trình phần mềm, chi tiết như sau:
Item: Khấu hao trong kỳ | Giá trị hao mòn
Value: (34.165.355)
Note ref: V.10
---
Table: THUYẾT MINH BÁO CÁO TÀI CHÍNH
Subheading: 10. Tài sản cố định vô hình — Là chương trình phần mềm, chi tiết như sau:
Item: Khấu hao trong kỳ | Giá trị còn lại
Value: (34.165.355)
Note ref: V.10
---
Table: THUYẾT MINH BÁO CÁO TÀI CHÍNH
Subheading: 10. Tài sản cố định vô hình — Là chương trình phần mềm, chi tiết như sau:
Item: Số đầu năm | Giá trị hao mòn
Value: (285.995.978)
Note ref: V.10
---
Table: THUYẾT MINH BÁO CÁO TÀI CHÍNH
Subheading: 10. Tài sản cố định vô hình — Là chương trình phần mềm, chi tiết như sau:
Item: Số cuối kỳ | Giá trị hao mòn
Value: (320.161.333)
Note ref: V.10
---
Table: THUYẾT MINH BÁO CÁO TÀI CHÍNH
Subheading: 9. Tài sản cố định hữu hình — Giá trị hao mòn — Khấu hao trong kỳ
Item: Khấu hao trong năm | Tài sản cố định khác
Value: 366.013.596
Note ref: V.9
---
Table: THUYẾT MINH BÁO CÁO TÀI CHÍNH
Subheading: 9. Tài sản cố định hữu hình — Giá trị hao mòn — Khấu hao trong kỳ
Item: Khấu hao trong năm | Cộng
Value: 1.481.650.800
Note ref: V.9
---
Table: BẢNG CÂN ĐỐI KẾ TOÁN
Subheading: Tài sản cố định vô hình
Item: Nguyên giá | Số đầu năm
Period: đầu
Value: 337.728.000
---
Table: BẢNG CÂN ĐỐI KẾ TOÁN
Subheading: Tài sản cố định vô hình
Item: Nguyên giá | Số cuối năm
Period: cuối
Value: 337.728.000
---
Table: THUYẾT MINH BÁO CÁO TÀI CHÍNH
Subheading: 9. Tài sản cố định hữu hình — Giá trị hao mòn — Khấu hao trong kỳ
Item: Khấu hao trong năm | Nhà cửa, vật kiến trúc
Value: 911.949.408
Note ref: V.9
---
Table: THUYẾT MINH BÁO CÁO TÀI CHÍNH
Subheading: 9. Tài sản cố định hữu hình — Giá trị hao mòn — Khấu hao trong kỳ
Item: Khấu hao trong năm | Phương tiện vận tải, truyền dẫn
Value: 178.824.672
Note ref: V.9
---
Table: THUYẾT MINH BÁO CÁO TÀI CHÍNH
Subheading: 9. Tài sản cố định hữu hình — Giá trị hao mòn — Khấu hao trong kỳ
Item: Khấu hao trong năm | Thiết bị, dụng cụ quản lý
Value: 24.863.124
Note ref: V.9
---
Table: THUYẾT MINH BÁO CÁO TÀI CHÍNH
Subheading: 9. Tài sản cố định hữu hình — Giá trị hao mòn
Item: Số đầu năm | Tài sản cố định khác
Value: 760.514.585
Note ref: V.9",1,,15073,8475,1.0,0.9761642217659215,0.4166666666458333,1.0
190,So sánh giá trị còn lại thuần của bất động sản đầu tư đầu năm và cuối kỳ. Sự thay đổi là bao nhiêu?,"Giá trị còn lại thuần của bất động sản đầu tư vào đầu năm là 105.856.776.554 (BẢNG CÂN ĐỐI KẾ TOÁN), vào cuối kỳ là 234.660.811.747 (BẢNG CÂN ĐỐI KẾ TOÁN). Sự thay đổi tăng lên 128.804.035.193.",Giá trị còn lại thuần của bất động sản đầu tư đầu năm là 105.856.776.554 VND. Giá trị còn lại thuần cuối kỳ là 234.660.811.747 VND. Sự thay đổi là tăng 128.804.035.193 VND.,16,"Table: BẢNG CÂN ĐỐI KẾ TOÁN
Item: Bất động sản đầu tư | Số đầu năm
Period: đầu
Value: 105.856.776.554
Note ref: V.11
---
Table: THUYẾT MINH BÁO CÁO TÀI CHÍNH
Subheading: 11. Bất động sản đầu tư cho thuê — Là chương trình phần mềm, chi tiết như sau: — Giá trị còn lại
Item: Số cuối kỳ | Nhà
Value: 66.378.867.796
Note ref: V.11
---
Table: THUYẾT MINH BÁO CÁO TÀI CHÍNH
Subheading: 11. Bất động sản đầu tư cho thuê — Là chương trình phần mềm, chi tiết như sau: — Giá trị còn lại
Item: Số cuối kỳ | Cộng
Value: 234.660.811.747
Note ref: V.11
---
Table: THUYẾT MINH BÁO CÁO TÀI CHÍNH
Subheading: 11. Bất động sản đầu tư cho thuê — Là chương trình phần mềm, chi tiết như sau: — Giá trị còn lại
Item: Số cuối kỳ | Cơ sở hạ tầng
Value: 168.281.943.951
Note ref: V.11
---
Table: THUYẾT MINH BÁO CÁO TÀI CHÍNH
Subheading: 11. Bất động sản đầu tư cho thuê — Là chương trình phần mềm, chi tiết như sau: — Giá trị còn lại
Item: Số đầu năm | Nhà
Value: 105.856.776.554
Note ref: V.11
---
Table: THUYẾT MINH BÁO CÁO TÀI CHÍNH
Subheading: 11. Bất động sản đầu tư cho thuê — Là chương trình phần mềm, chi tiết như sau: — Giá trị còn lại
Item: Số đầu năm | Cộng
Value: 105.856.776.554
Note ref: V.11
---
Table: BẢNG CÂN ĐỐI KẾ TOÁN
Subheading: Bất động sản đầu tư
Item: Nguyên giá | Số cuối năm
Period: cuối
Value: 247.051.384.582
---
Table: BẢNG CÂN ĐỐI KẾ TOÁN
Subheading: Bất động sản đầu tư
Item: Nguyên giá | Số đầu năm
Period: đầu
Value: 107.081.636.718
---
Table: BẢNG CÂN ĐỐI KẾ TOÁN
Subheading: Bất động sản đầu tư
Item: Giá trị hao mòn lũy kế | Số cuối năm
Period: cuối
Value: (12.390.572.835)
---
Table: BẢNG CÂN ĐỐI KẾ TOÁN
Subheading: Bất động sản đầu tư
Item: Giá trị hao mòn lũy kế | Số đầu năm
Period: đầu
Value: (1.224.860.164)
---
Table: THUYẾT MINH BÁO CÁO TÀI CHÍNH
Subheading: 11. Bất động sản đầu tư cho thuê — Là chương trình phần mềm, chi tiết như sau: — Giá trị hao mòn
Item: Số cuối kỳ | Nhà
Value: 2.351.090.132
Note ref: V.11
---
Table: THUYẾT MINH BÁO CÁO TÀI CHÍNH
Subheading: 11. Bất động sản đầu tư cho thuê — Là chương trình phần mềm, chi tiết như sau: — Giá trị hao mòn
Item: Số cuối kỳ | Cộng
Value: 12.390.572.835
Note ref: V.11
---
Table: THUYẾT MINH BÁO CÁO TÀI CHÍNH
Subheading: 11. Bất động sản đầu tư cho thuê — Là chương trình phần mềm, chi tiết như sau: — Giá trị hao mòn
Item: Số cuối kỳ | Cơ sở hạ tầng
Value: 10.039.482.703
Note ref: V.11
---
Table: THUYẾT MINH BÁO CÁO TÀI CHÍNH
Subheading: 11. Bất động sản đầu tư cho thuê — Là chương trình phần mềm, chi tiết như sau: — Giá trị hao mòn
Item: Số đầu năm | Nhà
Value: 1.224.860.164
Note ref: V.11
---
Table: THUYẾT MINH BÁO CÁO TÀI CHÍNH
Subheading: 11. Bất động sản đầu tư cho thuê — Là chương trình phần mềm, chi tiết như sau: — Giá trị hao mòn
Item: Số đầu năm | Cộng
Value: 1.224.860.164
Note ref: V.11
---
Table: THUYẾT MINH BÁO CÁO TÀI CHÍNH
Subheading: 11. Bất động sản đầu tư cho thuê — Là chương trình phần mềm, chi tiết như sau: — Giá trị hao mòn
Item: Khấu hao trong kỳ | Cộng
Value: 6.217.026.740
Note ref: V.11",1,,25815,10908,0.6666666666666666,0.8695445971488892,0.26666666665333333,1.0
191,Đánh giá tầm quan trọng của việc xác định giá trị hợp lý của bất động sản đầu tư theo Chuẩn mực kế toán Việt Nam số 05.,"Theo Chuẩn mực Kế toán Việt Nam số 05, giá trị hợp lý của bất động sản đầu tư phải được trình bày vào ngày kết thúc năm tài chính; tuy nhiên công ty hiện chưa xác định được giá trị này, cho thấy việc xác định giá trị hợp lý là cần thiết để đáp ứng yêu cầu báo cáo và đảm bảo tính trung thực của báo cáo tài chính.","Việc xác định giá trị hợp lý của bất động sản đầu tư theo Chuẩn mực kế toán Việt Nam số 05 là cực kỳ quan trọng đối với tính minh bạch và độ tin cậy của báo cáo tài chính. Giá trị hợp lý cung cấp một cái nhìn thực tế và cập nhật hơn về giá trị thị trường của tài sản, giúp các nhà đầu tư và phân tích đưa ra quyết định tốt hơn. Nếu công ty không xác định được giá trị hợp lý (như trường hợp này do chưa tìm được công ty định giá phù hợp), thông tin tài chính có thể không phản ánh đúng giá trị thực của tài sản trong môi trường thị trường biến động, có thể làm giảm tính hữu ích của báo cáo đối với người sử dụng.",16,"Table: THUYẾT MINH BÁO CÁO TÀI CHÍNH
Item: Ngân hàng TMCP Việt Nam Thịnh Vượng | Số đầu năm Giá trị hợp lý
Period: đầu
Value: 1.939.200
Note ref: V.2a
---
Table: THUYẾT MINH BÁO CÁO TÀI CHÍNH
Item: Công ty Cổ phần Đầu tư và Xuất nhập khẩu Foodinco | Số đầu năm Giá trị hợp lý
Period: đầu
Value: 494.034.493
Note ref: V.2a
---
Table: THUYẾT MINH BÁO CÁO TÀI CHÍNH
Item: Cổ phiếu không niêm yết | Số đầu năm Giá trị hợp lý
Period: đầu
Value: 494.034.493
Note ref: V.2a
---
Table: THUYẾT MINH BÁO CÁO TÀI CHÍNH
Item: Ngân hàng TMCP Việt Nam Thịnh Vượng | Số cuối năm Giá trị hợp lý
Period: cuối
Value: 1.939.200
Note ref: V.2a
---
Table: THUYẾT MINH BÁO CÁO TÀI CHÍNH
Item: Công ty Cổ phần Đầu tư và Xuất nhập khẩu Foodinco | Số cuối năm Giá trị hợp lý
Period: cuối
Value: 494.034.493
Note ref: V.2a
---
Table: THUYẾT MINH BÁO CÁO TÀI CHÍNH
Subheading: 2a. Chứng khoán kinh doanh
Item: Cổ phiếu niêm yết | Số đầu năm Giá trị hợp lý
Period: đầu
Value: 1.252.829.200
Note ref: V.2a
---
Table: THUYẾT MINH BÁO CÁO TÀI CHÍNH
Item: Cổ phiếu không niêm yết | Số cuối năm Giá trị hợp lý
Period: cuối
Value: 494.034.493
Note ref: V.2a
---
Table: THUYẾT MINH BÁO CÁO TÀI CHÍNH
Subheading: 2a. Chứng khoán kinh doanh
Item: Công ty Cổ phần Chứng khoán Châu Á - Thái Bình Dương | Số đầu năm Giá trị hợp lý
Period: đầu
Value: 1.250.890.000
Note ref: V.2a
---
Table: THUYẾT MINH BÁO CÁO TÀI CHÍNH
Subheading: 2a. Chứng khoán kinh doanh
Item: Cổ phiếu niêm yết | Số cuối năm Giá trị hợp lý
Period: cuối
Value: 1.215.489.200
Note ref: V.2a
---
Table: THUYẾT MINH BÁO CÁO TÀI CHÍNH
Item: Thuyết minh 9: Bất động sản đầu tư
Value: Bất động sản đầu tư là các căn hộ khách sạn, shophouse thuộc sở hữu của Công ty. Bất động sản đầu tư cho thuê được thể hiện theo nguyên giá trừ hao mòn lũy kế. Nguyên giá của bất động sản đầu tư là toàn bộ các chi phí mà Công ty phải bỏ ra hoặc giá trị hợp lý của các khoản đưa ra để trao đổi nhằm có được bất động sản đầu tư tính đến thời điểm mua hoặc xây dựng hoàn thành.
---
Table: BẢNG CÂN ĐỐI KẾ TOÁN
Item: Bất động sản đầu tư | Số đầu năm
Period: đầu
Value: 105.856.776.554
Note ref: V.11
---
Table: BẢNG CÂN ĐỐI KẾ TOÁN
Item: Bất động sản đầu tư | Số cuối năm
Period: cuối
Value: 234.660.811.747
Note ref: V.11
---
Table: THUYẾT MINH BÁO CÁO TÀI CHÍNH
Item: Thuyết minh báo cáo tài chính
Value: Theo quy định tại Chuẩn mực Kế toán Việt Nam số 05 ""Bất động sản đầu tư"", giá trị hợp lý của bất động sản đầu tư tại ngày kết thúc năm tài chính cần phải được trình bày. Tuy nhiên, Công ty hiện chưa xác định được giá trị hợp lý của các bất động sản đầu tư do chưa tìm được công ty định giá phù hợp để thực hiện công việc này.
---
Table: PHẦN ĐẦU BÁO CÁO TÀI CHÍNH
Subheading: Chuẩn mực và chế độ kế toán
Item: Thông tin báo cáo tài chính | Chuẩn mực và chế độ kế toán
Value: Theo quy định tại Chuẩn mực Kế toán Việt Nam số 05 ""Bất động sản đầu tư"", giá trị hợp lý của bất động sản đầu tư tại ngày kết thúc năm tài chính cần phải được trình bày. Tuy nhiên, Công ty hiện chưa xác định được giá trị hợp lý của các bất động sản đầu tư do chưa tìm được công ty định giá phù hợp để thực hiện công việc này.
---
Table: THUYẾT MINH BÁO CÁO TÀI CHÍNH
Item: III. CHUẨN MỰC VÀ CHẾ ĐỘ KẾ TOÁN ÁP DỤNG
Value: 2. Tuyên bố về việc tuân thủ chuẩn mực kế toán và chế độ kế toán Ban Tổng Giám đốc đảm bảo đã tuân thủ yêu cầu của các Chuẩn mực Kế toán Việt Nam, Chế độ Kế toán doanh nghiệp Việt Nam được ban hành theo Thông tư số 200/2014/TT-BTC ngày 22 tháng 12 năm 2014, Thông tư số 53/2016/TT-BTC ngày 21 tháng 03 năm 2016 cũng như các thông tư hướng dẫn thực hiện chuẩn mực kế toán của Bộ Tài chính trong việc lập và trình bày Báo cáo tài chính.
---
Table: THUYẾT MINH BÁO CÁO TÀI CHÍNH
Subheading: 2a. Chứng khoán kinh doanh
Item: Công ty Cổ phần Chứng khoán Châu Á - Thái Bình Dương | Số cuối năm Giá trị hợp lý
Period: cuối
Value: 1.213.550.000
Note ref: V.2a",1,,58242,9870,0.75,0.7919448121336582,0.10989010988461538,0.0
192,Phân tích tác động của việc không xác định được giá trị hợp lý của bất động sản đầu tư đến tính minh bạch của báo cáo tài chính.,"Theo thuyết minh báo cáo tài chính, công ty chưa xác định được giá trị hợp lý của bất động sản đầu tư ở ngày kết thúc năm tài chính, do đó không thể trình bày giá trị này trong báo cáo. Việc không có thông tin giá trị hợp lý làm giảm tính minh bạch của báo cáo tài chính vì người dùng không nắm được giá trị thực tế của tài sản đầu tư này.","Việc không xác định được giá trị hợp lý của bất động sản đầu tư có tác động tiêu cực đến tính minh bạch của báo cáo tài chính. Mặc dù công ty trình bày tài sản theo nguyên giá trừ khấu hao lũy kế, nhưng Chuẩn mực kế toán Việt Nam số 05 yêu cầu thuyết minh giá trị hợp lý. Khi thông tin này thiếu, các nhà đầu tư và phân tích không thể đánh giá được giá trị thị trường hiện tại của các bất động sản đầu tư, điều này có thể dẫn đến việc họ không nắm bắt được giá trị thực sự của tài sản trong bối cảnh thị trường. Điều này làm giảm tính hữu ích và khả năng so sánh của báo cáo tài chính, và có thể khiến công ty bị đánh giá thấp hoặc cao hơn giá trị thực.",35,"Table: THUYẾT MINH BÁO CÁO TÀI CHÍNH
Item: Công ty Cổ phần Đầu tư và Xuất nhập khẩu Foodinco | Số đầu năm Giá trị hợp lý
Period: đầu
Value: 494.034.493
Note ref: V.2a
---
Table: THUYẾT MINH BÁO CÁO TÀI CHÍNH
Item: Cổ phiếu không niêm yết | Số đầu năm Giá trị hợp lý
Period: đầu
Value: 494.034.493
Note ref: V.2a
---
Table: THUYẾT MINH BÁO CÁO TÀI CHÍNH
Item: Ngân hàng TMCP Việt Nam Thịnh Vượng | Số đầu năm Giá trị hợp lý
Period: đầu
Value: 1.939.200
Note ref: V.2a
---
Table: THUYẾT MINH BÁO CÁO TÀI CHÍNH
Item: Thuyết minh 9: Bất động sản đầu tư
Value: Bất động sản đầu tư là các căn hộ khách sạn, shophouse thuộc sở hữu của Công ty. Bất động sản đầu tư cho thuê được thể hiện theo nguyên giá trừ hao mòn lũy kế. Nguyên giá của bất động sản đầu tư là toàn bộ các chi phí mà Công ty phải bỏ ra hoặc giá trị hợp lý của các khoản đưa ra để trao đổi nhằm có được bất động sản đầu tư tính đến thời điểm mua hoặc xây dựng hoàn thành.
---
Table: THUYẾT MINH BÁO CÁO TÀI CHÍNH
Item: Công ty Cổ phần Đầu tư và Xuất nhập khẩu Foodinco | Số cuối năm Giá trị hợp lý
Period: cuối
Value: 494.034.493
Note ref: V.2a
---
Table: THUYẾT MINH BÁO CÁO TÀI CHÍNH
Subheading: 2a. Chứng khoán kinh doanh
Item: Cổ phiếu niêm yết | Số đầu năm Giá trị hợp lý
Period: đầu
Value: 1.252.829.200
Note ref: V.2a
---
Table: THUYẾT MINH BÁO CÁO TÀI CHÍNH
Item: Thuyết minh 9: Bất động sản đầu tư
Value: Việc chuyển từ bất động sản chủ sở hữu sử dụng hoặc hàng tồn kho thành bất động sản đầu tư chỉ khi chủ sở hữu chấm dứt sử dụng tài sản đó và bắt đầu cho bên khác thuê hoạt động hoặc khi kết thúc giai đoạn xây dựng. Việc chuyển từ bất động sản đầu tư sang bất động sản chủ sở hữu sử dụng hay hàng tồn kho chỉ khi chủ sở hữu bắt đầu sử dụng tài sản này hoặc bắt đầu triển khai cho mục đích bán. Việc chuyển từ bất động sản đầu tư sang bất động sản chủ sở hữu sử dụng hoặc hàng tồn kho không làm thay đổi nguyên giá hay giá trị còn lại của bất động sản tại ngày chuyển đổi.
---
Table: THUYẾT MINH BÁO CÁO TÀI CHÍNH
Subheading: 2a. Chứng khoán kinh doanh
Item: Công ty Cổ phần Chứng khoán Châu Á - Thái Bình Dương | Số đầu năm Giá trị hợp lý
Period: đầu
Value: 1.250.890.000
Note ref: V.2a
---
Table: THUYẾT MINH BÁO CÁO TÀI CHÍNH
Item: Cổ phiếu không niêm yết | Số cuối năm Giá trị hợp lý
Period: cuối
Value: 494.034.493
Note ref: V.2a
---
Table: THUYẾT MINH BÁO CÁO TÀI CHÍNH
Item: Thuyết minh báo cáo tài chính
Value: Theo quy định tại Chuẩn mực Kế toán Việt Nam số 05 ""Bất động sản đầu tư"", giá trị hợp lý của bất động sản đầu tư tại ngày kết thúc năm tài chính cần phải được trình bày. Tuy nhiên, Công ty hiện chưa xác định được giá trị hợp lý của các bất động sản đầu tư do chưa tìm được công ty định giá phù hợp để thực hiện công việc này.
---
Table: THUYẾT MINH BÁO CÁO TÀI CHÍNH
Item: Thuyết minh 9: Bất động sản đầu tư
Value: Khi bất động sản đầu tư được bán, nguyên giá và giá trị hao mòn lũy kế được xóa sổ và lãi, lỗ nào phát sinh được hạch toán vào thu nhập hay chi phí trong năm.
---
Table: THUYẾT MINH BÁO CÁO TÀI CHÍNH
Item: Ngân hàng TMCP Việt Nam Thịnh Vượng | Số cuối năm Giá trị hợp lý
Period: cuối
Value: 1.939.200
Note ref: V.2a
---
Table: THUYẾT MINH BÁO CÁO TÀI CHÍNH
Item: Thuyết minh 9: Bất động sản đầu tư
Value: Các chi phí liên quan đến bất động sản đầu tư phát sinh sau ghi nhận ban đầu được ghi nhận vào chi phí, trừ khi chi phí này có khả năng chắc chắn làm cho bất động sản đầu tư tạo ra lợi ích kinh tế trong tương lai nhiều hơn mức hoạt động được đánh giá ban đầu thì được ghi tăng nguyên giá.
---
Table: THUYẾT MINH BÁO CÁO TÀI CHÍNH
Item: Thuyết minh 9: Bất động sản đầu tư
Value: Bất động sản đầu tư sử dụng để cho thuê được khấu hao theo phương pháp đường thẳng dựa trên thời gian hữu dụng ước tính. Số năm khấu hao của bất động sản đầu tư như sau:
---
Table: THUYẾT MINH BÁO CÁO TÀI CHÍNH
Subheading: 2a. Chứng khoán kinh doanh
Item: Cổ phiếu niêm yết | Số cuối năm Giá trị hợp lý
Period: cuối
Value: 1.215.489.200
Note ref: V.2a
---
Table: THUYẾT MINH BÁO CÁO TÀI CHÍNH
Subheading: 2a. Chứng khoán kinh doanh
Item: Công ty Cổ phần Chứng khoán Châu Á - Thái Bình Dương | Số cuối năm Giá trị hợp lý
Period: cuối
Value: 1.213.550.000
Note ref: V.2a
---
Table: THUYẾT MINH BÁO CÁO TÀI CHÍNH
Item: Thuyết minh 9: Tài sản cố định hữu hình | Chuyển sang bất động sản đầu tư
Value: Nguyên giá: Chuyển sang bất động sản đầu tư | Nhà cửa, vật kiến trúc: (178.321.426.654) | Phương tiện vận tải, truyền dẫn: - | Thiết bị, dụng cụ quản lý: - | Cộng: (178.321.426.654)
---
Table: THUYẾT MINH BÁO CÁO TÀI CHÍNH
Item: 2c. Đầu tư góp vốn vào đơn vị khác | Công ty Cổ phần Quản lý vận hành Bất động sản Mandala
Value: Số cuối kỳ Giá gốc: 8.000.000.000 | Số cuối kỳ Dự phòng: (8.000.000.000) | Số đầu năm Giá gốc: 8.000.000.000 | Số đầu năm Dự phòng: (6.749.747.910)
---
Table: THUYẾT MINH BÁO CÁO TÀI CHÍNH
Item: Thuyết minh báo cáo tài chính | Công ty Cổ phần Quản lý Vận hành Bất động sản Mandala
Value: Số cuối kỳ Số lượng CP: 150.000 | Số cuối kỳ Tỷ lệ sở hữu: 19,00% | Số đầu năm Số lượng CP: 150.000 | Số đầu năm Tỷ lệ sở hữu: 19,00%
---
Table: THUYẾT MINH BÁO CÁO TÀI CHÍNH
Item: Thuyết minh báo cáo tài chính | Công ty Cổ phần Quản lý Vận hành Bất động sản Mandala
Value: Công ty: Công ty Cổ phần Quản lý Vận hành Bất động sản Mandala | Số vốn Công ty cam kết góp: 19.000.000.000 | Số đã góp tại 31/12/2024: 1.500.000.000 | Số còn phải góp: 17.500.000.000
---
Table: THUYẾT MINH BÁO CÁO TÀI CHÍNH
Item: Thuyết minh 6: Các khoản phải thu khác | Công ty Cổ phần Quản lý vận hành Bất động sản Mandala - Chi hộ
Value: Số cuối kỳ Giá trị: 7.890.358.009 | Số cuối kỳ Dự phòng: - | Số đầu năm Giá trị: 7.127.444.882 | Số đầu năm Dự phòng: -
---
Table: THUYẾT MINH BÁO CÁO TÀI CHÍNH
Item: Thuyết minh 13: Phải trả người bán ngắn hạn | Công ty Cổ phần Quản lý Vận hành Bất động sản Mandala
Value: Số cuối kỳ: 19.682.287
---
Table: THUYẾT MINH BÁO CÁO TÀI CHÍNH
Subheading: 6. Các khoản phải thu khác
Item: Công ty Cổ phần Quản lý vận hành Bất động sản Mandala - Chi hộ | Số đầu năm Giá trị
Period: đầu
Value: 7.127.444.882
Note ref: V.6
---
Table: THUYẾT MINH BÁO CÁO TÀI CHÍNH
Item: Thuyết minh 7: Hàng tồn kho | Hàng hóa Bất động sản
Value: Số cuối kỳ: 167.636.178.947 | Số đầu năm: 222.245.021.866
---
Table: BẢNG CÂN ĐỐI KẾ TOÁN
Item: Bất động sản đầu tư | Số đầu năm
Period: đầu
Value: 105.856.776.554
Note ref: V.11
---
Table: THUYẾT MINH BÁO CÁO TÀI CHÍNH
Item: Ghi nhận ban đầu
Value: Các khoản đầu tư vào công ty con được ghi nhận ban đầu theo giá gốc, bao gồm giá mua hoặc khoản góp vốn cộng các chi phí liên quan trực tiếp đến việc đầu tư. Trường hợp đầu tư bằng tài sản phi tiền tệ, giá phí khoản đầu tư được ghi nhận theo giá trị hợp lý của tài sản phi tiền tệ tại thời điểm phát sinh.
---
Table: THUYẾT MINH BÁO CÁO TÀI CHÍNH
Item: Thuyết minh báo cáo tài chính
Value: 14. Ghi nhận doanh thu và thu nhập Doanh thu bán bất động sản Doanh thu bán bất động sản của Công ty được ghi nhận khi đồng thời thỏa mãn tất cả các điều kiện sau: Bất động sản đã hoàn thành toàn bộ và bàn giao cho người mua, Công ty đã chuyển giao rủi ro và lợi ích gắn liền với quyền sở hữu bất động sản cho người mua; Công ty không còn nắm giữ quyền quản lý bất động sản như người sở hữu bất động sản hoặc quyền kiểm soát bất động sản;
---
Table: THUYẾT MINH BÁO CÁO TÀI CHÍNH
Item: Thuyết minh báo cáo tài chính
Value: Giá vốn của bất động sản đã bán được ghi nhận trong Báo cáo kết quả hoạt động kinh doanh dựa trên các chi phí trực tiếp tạo thành bất động sản và chi phí chung, được phân bổ trên cơ sở diện tích tương ứng của bất động sản đó.
---
Table: THUYẾT MINH BÁO CÁO TÀI CHÍNH
Item: Thuyết minh báo cáo tài chính
Value: Dự phòng giảm giá chứng khoán kinh doanh được lập cho từng loại chứng khoán được mua bán trên thị trường và có giá trị hợp lý thấp hơn giá gốc. Giá trị hợp lý của chứng khoán kinh doanh được xác định như sau:
---
Table: THUYẾT MINH BÁO CÁO TÀI CHÍNH
Item: Thuyết minh báo cáo tài chính
Value: Giá gốc hàng tồn kho được xác định như sau: Chi phí sản xuất kinh doanh dở dang của các dự án bất động sản: bao gồm các chi phí thuê nhà thầu thực hiện các hạng mục của dự án bất động sản và các chi phí có liên quan trực tiếp khác. Hàng hóa bất động sản (là các bất động sản được xây dựng để bán trong quá trình hoạt động bình thường của Công ty): bao gồm chi phí quyền sử dụng đất, các chi phí trực tiếp và các chi phí chung có liên quan phát sinh trong quá trình đầu tư xây dựng bất động sản. Hàng hóa khác: bao gồm chi phí mua và các chi phí liên quan trực tiếp khác phát sinh để có được hàng tồn kho ở địa điểm và trạng thái hiện tại.
---
Table: THUYẾT MINH BÁO CÁO TÀI CHÍNH
Item: Thuyết minh báo cáo tài chính
Value: Dự phòng tổn thất cho các khoản đầu tư vào công cụ vốn của đơn vị khác được trích lập như sau: Đối với khoản đầu tư vào cổ phiếu niêm yết hoặc giá trị hợp lý khoản đầu tư được xác định tin cậy, việc lập dự phòng dựa trên giá trị thị trường của cổ phiếu. Đối với khoản đầu tư không xác định được giá trị hợp lý tại thời điểm báo cáo, việc lập dự phòng được thực hiện căn cứ vào khoản lỗ của bên được đầu tư với mức trích lập bằng chênh lệch giữa vốn đầu tư thực tế của các chủ sở hữu và vốn chủ sở hữu tại ngày kết thúc năm tài chính nhân với tỷ lệ vốn điều lệ của Công ty so với tổng vốn điều lệ thực góp tại đơn vị khác.
---
Table: THUYẾT MINH BÁO CÁO TÀI CHÍNH
Item: Thuyết minh báo cáo tài chính
Value: Doanh thu cho thuê tài sản hoạt động Doanh thu cho thuê tài sản hoạt động được ghi nhận theo phương pháp đường thẳng trong suốt thời gian cho thuê. Trường hợp thời gian cho thuê chiếm trên 90% thời gian sử dụng hữu ích của tài sản, doanh thu được ghi nhận một lần đối với toàn bộ số tiền cho thuê nhận trước nếu thỏa mãn đồng thời các điều kiện sau: Bên đi thuê không có quyền hủy ngang hợp đồng thuê và Công ty không có nghĩa vụ phải trả lại số tiền đã nhận trước trong mọi trường hợp và dưới mọi hình thức. Số tiền nhận trước từ việc cho thuê không nhỏ hơn 90% tổng số tiền cho thuê dự kiến thu được theo hợp đồng trong suốt thời hạn cho thuê và bên đi thuê phải thanh toán toàn bộ số tiền thuê trong vòng 12 tháng kể từ thời điểm khởi đầu thuê tài sản. Hầu như toàn bộ rủi ro và lợi ích gắn liền với quyền sở hữu tài sản thuê đã chuyển giao cho bên đi thuê. Giá vốn của hoạt động cho thuê được ước tính tương đối đầy đủ.
---
Table: THUYẾT MINH BÁO CÁO TÀI CHÍNH
Subheading: 11. Bất động sản đầu tư cho thuê — Là chương trình phần mềm, chi tiết như sau: — Giá trị hao mòn
Item: Thanh lý, nhượng bán | Nhà
Value: (949.108.506)
Note ref: V.11
---
Table: THUYẾT MINH BÁO CÁO TÀI CHÍNH
Subheading: 11. Bất động sản đầu tư cho thuê — Là chương trình phần mềm, chi tiết như sau: — Giá trị hao mòn
Item: Thanh lý, nhượng bán | Cộng
Value: (949.108.506)
Note ref: V.11
---
Table: THUYẾT MINH BÁO CÁO TÀI CHÍNH
Item: Thuyết minh báo cáo tài chính
Value: 15. Chi phí đi vay Chi phí đi vay bao gồm lãi tiền vay và các chi phí khác phát sinh liên quan trực tiếp đến các khoản vay. Chi phí đi vay được ghi nhận vào chi phí khi phát sinh. Trường hợp chi phí đi vay liên quan trực tiếp đến việc đầu tư xây dựng hoặc sản xuất tài sản dở dang cần có một thời gian đủ dài (trên 12 tháng) để có thể đưa vào sử dụng theo mục đích định trước hoặc bán thì chi phí đi vay này được tính vào giá trị của tài sản đó. Đối với khoản vay riêng phục vụ việc xây dựng tài sản cố định, bất động sản đầu tư, lãi vay được vốn hóa kể cả khi thời gian xây dựng dưới 12 tháng. Các khoản thu nhập phát sinh từ việc đầu tư tạm thời các khoản vay được ghi giảm nguyên giá tài sản có liên quan. Đối với các khoản vốn vay chung trong đó có sử dụng cho mục đích đầu tư xây dựng hoặc sản xuất tài sản dở dang thì chi phí đi vay vốn hóa được xác định theo tỷ lệ vốn hóa đối với chi phí lũy kế bình quân gia quyền phát sinh cho việc đầu tư xây dựng cơ bản hoặc sản xuất tài sản đó. Tỷ lệ vốn hóa được tính theo tỷ lệ lãi suất bình quân gia quyền của các khoản vay chưa trả trong năm, ngoại trừ các khoản vay riêng biệt phục vụ cho mục đích hình thành một tài sản cụ thể.",1,,45600,10830,0.5,0.730519588379623,0.22142857142119046,0.25
193,Giải thích sự chênh lệch giữa giá trị còn lại thuần của nhà ở và cơ sở hạ tầng trong bất động sản đầu tư cuối kỳ.,"Dựa trên số liệu hiện có:
- Giá trị còn lại thuần của **cơ sở hạ tầng** cuối kỳ: 168.281.943.951 đồng (Nguyên giá 178.321.426.654 đồng, khấu hao lũy kế 10.039.482.703 đồng) (THUYẾT MINH BÁO CÁO TÀI CHÍNH).
- Giá trị còn lại thuần của **nhà ở** cuối kỳ: 66.378.867.796 đồng (Nguyên giá 68.729.957.928 đồng, khấu hao lũy kế 2.351.090.132 đồng) (THUYẾT MINH BÁO CÁO TÀI CHÍNH).

**Giải thích chênh lệch:**
- Cơ sở hạ tầng có **nguyên giá** cao hơn đáng kể (≈178,3 tỷ đồng) so với nhà ở (≈68,7 tỷ đồng), do tính chất tài sản đầu tư mang tính lâu dài và quy mô lớn.
- Mặc dù khấu hao lũy kế của cơ sở hạ tầng cũng lớn hơn (≈10,0 tỷ đồng) so với nhà ở (≈2,35 tỷ đồng), tỷ lệ khấu hao so với nguyên giá của hai loại tài sản vẫn cho thấy cơ sở hạ tầng giữ lại giá trị lớn hơn.
- Do đó, giá trị còn lại thuần của cơ sở hạ tầng cao hơn nhà ở khoảng **101,9 tỷ đồng**, phản ánh sự khác biệt về nguyên giá và mức độ khấu hao giữa hai nhóm tài sản.","Sự chênh lệch lớn giữa giá trị còn lại thuần của nhà ở (66.378.867.796 VND) và cơ sở hạ tầng (168.281.943.951 VND) trong bất động sản đầu tư cuối kỳ phản ánh sự thay đổi đáng kể trong cơ cấu của khoản mục này. Cụ thể, nguyên giá nhà ở đã giảm do thanh lý và có thể chuyển đổi, trong khi một lượng lớn giá trị (178.321.426.654 VND) đã 'Hình thành bất động sản' dưới dạng cơ sở hạ tầng. Điều này cho thấy công ty đang tăng cường đầu tư vào phát triển cơ sở hạ tầng hoặc các dự án mới, làm cho tỷ trọng cơ sở hạ tầng trong bất động sản đầu tư tăng lên đáng kể. Sự chênh lệch cũng được thể hiện qua khấu hao lũy kế: khấu hao cơ sở hạ tầng tăng mạnh hơn nhiều so với nhà ở, phản ánh việc ghi nhận các tài sản mới và quá trình khấu hao của chúng.",37,"Table: BẢNG CÂN ĐỐI KẾ TOÁN
Item: Bất động sản đầu tư | Số cuối năm
Period: cuối
Value: 234.660.811.747
Note ref: V.11
---
Table: THUYẾT MINH BÁO CÁO TÀI CHÍNH
Subheading: 11. Bất động sản đầu tư cho thuê — Là chương trình phần mềm, chi tiết như sau: — Giá trị còn lại
Item: Số cuối kỳ | Cơ sở hạ tầng
Value: 168.281.943.951
Note ref: V.11
---
Table: THUYẾT MINH BÁO CÁO TÀI CHÍNH
Subheading: 11. Bất động sản đầu tư cho thuê — Là chương trình phần mềm, chi tiết như sau: — Giá trị còn lại
Item: Số cuối kỳ | Nhà
Value: 66.378.867.796
Note ref: V.11
---
Table: THUYẾT MINH BÁO CÁO TÀI CHÍNH
Subheading: 11. Bất động sản đầu tư cho thuê — Là chương trình phần mềm, chi tiết như sau: — Giá trị còn lại
Item: Số cuối kỳ | Cộng
Value: 234.660.811.747
Note ref: V.11
---
Table: THUYẾT MINH BÁO CÁO TÀI CHÍNH
Subheading: 11. Bất động sản đầu tư cho thuê — Là chương trình phần mềm, chi tiết như sau: — Giá trị còn lại
Item: Số đầu năm | Nhà
Value: 105.856.776.554
Note ref: V.11
---
Table: THUYẾT MINH BÁO CÁO TÀI CHÍNH
Subheading: 11. Bất động sản đầu tư cho thuê — Là chương trình phần mềm, chi tiết như sau: — Giá trị còn lại
Item: Số đầu năm | Cộng
Value: 105.856.776.554
Note ref: V.11
---
Table: BẢNG CÂN ĐỐI KẾ TOÁN
Subheading: Bất động sản đầu tư
Item: Nguyên giá | Số cuối năm
Period: cuối
Value: 247.051.384.582
---
Table: BẢNG CÂN ĐỐI KẾ TOÁN
Subheading: Bất động sản đầu tư
Item: Giá trị hao mòn lũy kế | Số cuối năm
Period: cuối
Value: (12.390.572.835)
---
Table: THUYẾT MINH BÁO CÁO TÀI CHÍNH
Subheading: 11. Bất động sản đầu tư cho thuê — Là chương trình phần mềm, chi tiết như sau: — Giá trị hao mòn
Item: Số cuối kỳ | Cơ sở hạ tầng
Value: 10.039.482.703
Note ref: V.11
---
Table: THUYẾT MINH BÁO CÁO TÀI CHÍNH
Subheading: 11. Bất động sản đầu tư cho thuê — Là chương trình phần mềm, chi tiết như sau: — Nguyên giá
Item: Số cuối kỳ | Cơ sở hạ tầng
Value: 178.321.426.654
Note ref: V.11
---
Table: THUYẾT MINH BÁO CÁO TÀI CHÍNH
Subheading: 11. Bất động sản đầu tư cho thuê — Là chương trình phần mềm, chi tiết như sau: — Giá trị hao mòn
Item: Số cuối kỳ | Nhà
Value: 2.351.090.132
Note ref: V.11
---
Table: THUYẾT MINH BÁO CÁO TÀI CHÍNH
Subheading: 11. Bất động sản đầu tư cho thuê — Là chương trình phần mềm, chi tiết như sau: — Nguyên giá
Item: Số cuối kỳ | Nhà
Value: 68.729.957.928
Note ref: V.11
---
Table: THUYẾT MINH BÁO CÁO TÀI CHÍNH
Subheading: 11. Bất động sản đầu tư cho thuê — Là chương trình phần mềm, chi tiết như sau: — Giá trị hao mòn
Item: Số cuối kỳ | Cộng
Value: 12.390.572.835
Note ref: V.11
---
Table: THUYẾT MINH BÁO CÁO TÀI CHÍNH
Subheading: 11. Bất động sản đầu tư cho thuê — Là chương trình phần mềm, chi tiết như sau: — Nguyên giá
Item: Số cuối kỳ | Cộng
Value: 247.051.384.582
Note ref: V.11
---
Table: THUYẾT MINH BÁO CÁO TÀI CHÍNH
Subheading: 11. Bất động sản đầu tư cho thuê — Là chương trình phần mềm, chi tiết như sau: — Giá trị hao mòn
Item: Khấu hao trong kỳ | Cơ sở hạ tầng
Value: 6.217.026.740
Note ref: V.11
---
Table: THUYẾT MINH BÁO CÁO TÀI CHÍNH
Subheading: 11. Bất động sản đầu tư cho thuê — Là chương trình phần mềm, chi tiết như sau: — Giá trị hao mòn
Item: Chuyển từ tài sản cố định hữu hình | Cơ sở hạ tầng
Value: 3.822.455.963
Note ref: V.11
---
Table: THUYẾT MINH BÁO CÁO TÀI CHÍNH
Item: Thuyết minh báo cáo tài chính | Số cuối kỳ
Value: Nguyên giá: Số cuối kỳ | Nhà: 68.729.957.928 | Cơ sở hạ tầng: 178.321.426.654 | Cộng: 247.051.384.582
---
Table: THUYẾT MINH BÁO CÁO TÀI CHÍNH
Item: Thuyết minh báo cáo tài chính | Số cuối kỳ
Value: Nguyên giá: Số cuối kỳ | Nhà: 2.351.090.132 | Cơ sở hạ tầng: 10.039.482.703 | Cộng: 12.390.572.835
---
Table: THUYẾT MINH BÁO CÁO TÀI CHÍNH
Item: Thuyết minh báo cáo tài chính | Số cuối kỳ
Value: Nguyên giá: Số cuối kỳ | Nhà: 66.378.867.796 | Cơ sở hạ tầng: 168.281.943.951 | Cộng: 234.660.811.747
---
Table: THUYẾT MINH BÁO CÁO TÀI CHÍNH
Subheading: Giá trị còn lại
Item: Số cuối kỳ | Cộng
Value: 16.326.198.818
Note ref: V.9
---
Table: THUYẾT MINH BÁO CÁO TÀI CHÍNH
Subheading: Giá trị còn lại
Item: Số cuối kỳ | Nhà cửa, vật kiến trúc
Value: 13.223.266.430
Note ref: V.9
---
Table: THUYẾT MINH BÁO CÁO TÀI CHÍNH
Subheading: Giá trị còn lại
Item: Số cuối kỳ | Tài sản cố định khác
Value: 2.412.704.328
Note ref: V.9
---
Table: THUYẾT MINH BÁO CÁO TÀI CHÍNH
Subheading: Giá trị còn lại
Item: Số cuối kỳ | Phương tiện vận tải, truyền dẫn
Value: 679.812.181
Note ref: V.9
---
Table: THUYẾT MINH BÁO CÁO TÀI CHÍNH
Subheading: Giá trị còn lại
Item: Số cuối kỳ | Thiết bị, dụng cụ quản lý
Value: 10.415.879
Note ref: V.9
---
Table: THUYẾT MINH BÁO CÁO TÀI CHÍNH
Subheading: 10. Tài sản cố định vô hình — Là chương trình phần mềm, chi tiết như sau:
Item: Số cuối kỳ | Giá trị còn lại
Value: 17.566.667
Note ref: V.10
---
Table: THUYẾT MINH BÁO CÁO TÀI CHÍNH
Item: Thuyết minh báo cáo tài chính | Giá trị còn lại
Value: Nguyên giá: Giá trị còn lại
---
Table: THUYẾT MINH BÁO CÁO TÀI CHÍNH
Subheading: 19a. Bảng đối chiếu biến động của vốn chủ sở hữu — Kỳ trước
Item: Số dư cuối kỳ | Vốn đầu tư của chủ sở hữu
Value: 840.839.760.000
Note ref: V.19a
---
Table: THUYẾT MINH BÁO CÁO TÀI CHÍNH
Subheading: 2c. Đầu tư góp vốn vào đơn vị khác — Tỷ lệ sở hữu của Công ty tại các đơn vị như sau:
Item: Công ty Cổ phần Quản lý Vận hành Bất động sản Mandala | Số cuối kỳ Số lượng CP
Period: cuối
Value: 150.000
Note ref: V.2c
---
Table: THUYẾT MINH BÁO CÁO TÀI CHÍNH
Item: Công ty Cổ phần Đầu tư Apec Thái Nguyên | Số cuối kỳ Giá trị
Period: cuối
Value: 19.158.137.730
Note ref: V.6
---
Table: THUYẾT MINH BÁO CÁO TÀI CHÍNH
Subheading: Giá trị còn lại
Item: Số đầu năm | Cộng
Value: 189.912.249.532
Note ref: V.9
---
Table: THUYẾT MINH BÁO CÁO TÀI CHÍNH
Item: Cộng | Số cuối kỳ Giá trị
Period: cuối
Value: 212.116.817.311
Note ref: V.6
---
Table: THUYẾT MINH BÁO CÁO TÀI CHÍNH
Subheading: Giá trị còn lại
Item: Số đầu năm | Nhà cửa, vật kiến trúc
Value: 186.239.615.752
Note ref: V.9
---
Table: THUYẾT MINH BÁO CÁO TÀI CHÍNH
Subheading: Giá trị còn lại
Item: Số đầu năm | Tài sản cố định khác
Value: 2.778.717.924
Note ref: V.9
---
Table: THUYẾT MINH BÁO CÁO TÀI CHÍNH
Subheading: 6. Các khoản phải thu khác
Item: Công ty Cổ phần Quản lý vận hành Bất động sản Mandala - Chi hộ | Số cuối kỳ Giá trị
Period: cuối
Value: 7.890.358.009
Note ref: V.6
---
Table: THUYẾT MINH BÁO CÁO TÀI CHÍNH
Subheading: 6. Các khoản phải thu khác
Item: Công ty TNHH Đầu tư và Xây dựng Đô thị Việt Thái - Đặt cọc | Số cuối kỳ Giá trị
Period: cuối
Value: 7.194.490.000
Note ref: V.6
---
Table: THUYẾT MINH BÁO CÁO TÀI CHÍNH
Item: 19a. Bảng đối chiếu biến động của vốn chủ sở hữu | Số dư cuối kỳ
Value: Vốn đầu tư của chủ sở hữu: 840.839.760.000 | Lợi nhuận sau thuế chưa phân phối: 54.254.677.312 | Cộng: 895.094.437.312
---
Table: THUYẾT MINH BÁO CÁO TÀI CHÍNH
Item: Thuyết minh 9: Bất động sản đầu tư
Value: Việc chuyển từ bất động sản chủ sở hữu sử dụng hoặc hàng tồn kho thành bất động sản đầu tư chỉ khi chủ sở hữu chấm dứt sử dụng tài sản đó và bắt đầu cho bên khác thuê hoạt động hoặc khi kết thúc giai đoạn xây dựng. Việc chuyển từ bất động sản đầu tư sang bất động sản chủ sở hữu sử dụng hay hàng tồn kho chỉ khi chủ sở hữu bắt đầu sử dụng tài sản này hoặc bắt đầu triển khai cho mục đích bán. Việc chuyển từ bất động sản đầu tư sang bất động sản chủ sở hữu sử dụng hoặc hàng tồn kho không làm thay đổi nguyên giá hay giá trị còn lại của bất động sản tại ngày chuyển đổi.",1,,52890,16411,0.85,0.7623374143806448,0.3499999999825,0.25
194,"Nếu Công ty tìm được công ty định giá và giá trị hợp lý thấp hơn giá trị ghi sổ, điều này sẽ ảnh hưởng như thế nào đến báo cáo tài chính?","Nếu giá trị hợp lý xác định thấp hơn giá ghi sổ, công ty phải lập dự phòng giảm giá (hoặc ghi nhận lỗ giảm giá) cho tài sản tương ứng, hạ thấp giá trị ghi sổ của tài sản trong bảng cân đối kế toán và ghi nhận khoản lỗ giảm giá vào chi phí, làm giảm lợi nhuận và vốn chủ sở hữu. (Tham khảo mục ""Dự phòng giảm giá chứng khoán kinh doanh"" và ""Hàng tồn kho được ghi nhận theo giá thấp hơn giữa giá gốc và giá trị thuần khả thi"" trong Thuyết minh báo cáo tài chính.)","Nếu Công ty tìm được công ty định giá và giá trị hợp lý của bất động sản đầu tư thấp hơn giá trị ghi sổ (nguyên giá trừ khấu hao lũy kế), điều này sẽ có tác động đáng kể đến báo cáo tài chính. Công ty sẽ phải ghi nhận khoản lỗ do giảm giá trị tài sản (impairment loss). Khoản lỗ này sẽ được ghi nhận vào báo cáo kết quả hoạt động kinh doanh, làm giảm lợi nhuận trước và sau thuế trong kỳ. Đồng thời, giá trị ghi sổ của bất động sản đầu tư trên bảng cân đối kế toán sẽ được điều chỉnh giảm xuống bằng giá trị hợp lý. Điều này phản ánh một cách trung thực hơn giá trị thực của tài sản và tuân thủ nguyên tắc thận trọng, nhưng cũng cho thấy một sự suy giảm trong giá trị đầu tư của công ty.",10,"Table: THUYẾT MINH BÁO CÁO TÀI CHÍNH
Item: Thuyết minh báo cáo tài chính
Value: Dự phòng giảm giá chứng khoán kinh doanh được lập cho từng loại chứng khoán được mua bán trên thị trường và có giá trị hợp lý thấp hơn giá gốc. Giá trị hợp lý của chứng khoán kinh doanh được xác định như sau:
---
Table: THUYẾT MINH BÁO CÁO TÀI CHÍNH
Item: Thuyết minh báo cáo tài chính
Value: Dự phòng tổn thất cho các khoản đầu tư vào công cụ vốn của đơn vị khác được trích lập như sau: Đối với khoản đầu tư vào cổ phiếu niêm yết hoặc giá trị hợp lý khoản đầu tư được xác định tin cậy, việc lập dự phòng dựa trên giá trị thị trường của cổ phiếu. Đối với khoản đầu tư không xác định được giá trị hợp lý tại thời điểm báo cáo, việc lập dự phòng được thực hiện căn cứ vào khoản lỗ của bên được đầu tư với mức trích lập bằng chênh lệch giữa vốn đầu tư thực tế của các chủ sở hữu và vốn chủ sở hữu tại ngày kết thúc năm tài chính nhân với tỷ lệ vốn điều lệ của Công ty so với tổng vốn điều lệ thực góp tại đơn vị khác.
---
Table: THUYẾT MINH BÁO CÁO TÀI CHÍNH
Item: Thuyết minh báo cáo tài chính
Value: Hàng tồn kho được ghi nhận theo giá thấp hơn giữa giá gốc và giá trị thuần có thể thực hiện được.
---
Table: THUYẾT MINH BÁO CÁO TÀI CHÍNH
Item: Thuyết minh báo cáo tài chính
Value: Theo quy định tại Chuẩn mực Kế toán Việt Nam số 05 ""Bất động sản đầu tư"", giá trị hợp lý của bất động sản đầu tư tại ngày kết thúc năm tài chính cần phải được trình bày. Tuy nhiên, Công ty hiện chưa xác định được giá trị hợp lý của các bất động sản đầu tư do chưa tìm được công ty định giá phù hợp để thực hiện công việc này.
---
Table: THUYẾT MINH BÁO CÁO TÀI CHÍNH
Item: Thuyết minh báo cáo tài chính
Value: Khi tài sản cố định hữu hình được bán hay thanh lý, nguyên giá và giá trị hao mòn lũy kế được xóa sổ và lãi, lỗ phát sinh do thanh lý được ghi nhận vào thu nhập hay chi phí trong năm.
---
Table: PHẦN ĐẦU BÁO CÁO TÀI CHÍNH
Subheading: Chuẩn mực và chế độ kế toán
Item: Thông tin báo cáo tài chính | Chuẩn mực và chế độ kế toán
Value: Theo quy định tại Chuẩn mực Kế toán Việt Nam số 05 ""Bất động sản đầu tư"", giá trị hợp lý của bất động sản đầu tư tại ngày kết thúc năm tài chính cần phải được trình bày. Tuy nhiên, Công ty hiện chưa xác định được giá trị hợp lý của các bất động sản đầu tư do chưa tìm được công ty định giá phù hợp để thực hiện công việc này.
---
Table: THUYẾT MINH BÁO CÁO TÀI CHÍNH
Item: Thuyết minh báo cáo tài chính
Value: 13. Phân phối lợi nhuận Lợi nhuận sau thuế thu nhập doanh nghiệp được phân phối cho các cổ đông sau khi đã trích lập các quỹ theo Điều lệ của Công ty cũng như các quy định của pháp luật và đã được Đại hội đồng cổ đông phê duyệt. Việc phân phối lợi nhuận cho các cổ đông được cân nhắc đến các khoản mục phi tiền tệ nằm trong lợi nhuận sau thuế chưa phân phối có thể ảnh hưởng đến luồng tiền và khả năng chi trả cổ tức như lãi do đánh giá lại tài sản mang đi góp vốn, lãi do đánh giá lại các khoản mục tiền tệ, các công cụ tài chính và các khoản mục phi tiền tệ khác. Cổ tức được ghi nhận là nợ phải trả khi được Đại hội đồng cổ đông phê duyệt.
---
Table: THUYẾT MINH BÁO CÁO TÀI CHÍNH
Item: Thuyết minh báo cáo tài chính
Value: Doanh thu cho thuê tài sản hoạt động Doanh thu cho thuê tài sản hoạt động được ghi nhận theo phương pháp đường thẳng trong suốt thời gian cho thuê. Trường hợp thời gian cho thuê chiếm trên 90% thời gian sử dụng hữu ích của tài sản, doanh thu được ghi nhận một lần đối với toàn bộ số tiền cho thuê nhận trước nếu thỏa mãn đồng thời các điều kiện sau: Bên đi thuê không có quyền hủy ngang hợp đồng thuê và Công ty không có nghĩa vụ phải trả lại số tiền đã nhận trước trong mọi trường hợp và dưới mọi hình thức. Số tiền nhận trước từ việc cho thuê không nhỏ hơn 90% tổng số tiền cho thuê dự kiến thu được theo hợp đồng trong suốt thời hạn cho thuê và bên đi thuê phải thanh toán toàn bộ số tiền thuê trong vòng 12 tháng kể từ thời điểm khởi đầu thuê tài sản. Hầu như toàn bộ rủi ro và lợi ích gắn liền với quyền sở hữu tài sản thuê đã chuyển giao cho bên đi thuê. Giá vốn của hoạt động cho thuê được ước tính tương đối đầy đủ.
---
Table: THUYẾT MINH BÁO CÁO TÀI CHÍNH
Item: Thuyết minh báo cáo tài chính
Value: Thặng dư vốn cổ phần Thặng dư vốn cổ phần được ghi nhận theo số chênh lệch giữa giá phát hành và mệnh giá cổ phiếu khi phát hành lần đầu hoặc phát hành bổ sung, chênh lệch giữa giá tái phát hành và giá trị sổ sách của cổ phiếu quỹ và cấu phần vốn của trái phiếu chuyển đổi khi đáo hạn. Chi phí trực tiếp liên quan đến việc phát hành bổ sung cổ phiếu và tái phát hành cổ phiếu quỹ được ghi giảm thặng dư vốn cổ phần.
---
Table: THUYẾT MINH BÁO CÁO TÀI CHÍNH
Item: Thuyết minh báo cáo tài chính
Value: 7. Tài sản cố định hữu hình Tài sản cố định hữu hình được thể hiện theo nguyên giá trừ hao mòn lũy kế. Nguyên giá tài sản cố định hữu hình bao gồm toàn bộ các chi phí mà Công ty phải bỏ ra để có được tài sản cố định tính đến thời điểm đưa tài sản đó vào trạng thái sẵn sàng sử dụng. Các chi phí phát sinh sau ghi nhận ban đầu chỉ được ghi tăng nguyên giá tài sản cố định nếu các chi phí này chắc chắn làm tăng lợi ích kinh tế trong tương lai do sử dụng tài sản đó. Các chi phí phát sinh không thỏa mãn điều kiện trên được ghi nhận là chi phí sản xuất, kinh doanh trong năm.",1,,31199,10064,0.25,0.818288565262329,0.499999999975,0.0
195,Tổng chi phí xây dựng cơ bản dở dang cuối kỳ là bao nhiêu VND?,"Tổng chi phí xây dựng cơ bản dở dang cuối kỳ là 66.493.520.213 VND (theo mục ""Cộng | Số cuối kỳ"" trong BẢNG CÂN ĐỐI KẾ TOÁN).",Tổng chi phí xây dựng cơ bản dở dang cuối kỳ là 66.493.520.213 VND.,8,"Table: THUYẾT MINH BÁO CÁO TÀI CHÍNH
Subheading: 12. Chi phí xây dựng cơ bản dở dang — Là chương trình phần mềm, chi tiết như sau:
Item: Cộng | Số cuối kỳ
Period: cuối
Value: 66.493.520.213
Note ref: V.12
---
Table: THUYẾT MINH BÁO CÁO TÀI CHÍNH
Subheading: 12. Chi phí xây dựng cơ bản dở dang — Là chương trình phần mềm, chi tiết như sau:
Item: Các dự án khác | Số cuối kỳ
Period: cuối
Value: 7.792.882.942
Note ref: V.12
---
Table: THUYẾT MINH BÁO CÁO TÀI CHÍNH
Subheading: 12. Chi phí xây dựng cơ bản dở dang — Là chương trình phần mềm, chi tiết như sau:
Item: Dự án Trung tâm thương mại Thái Nguyên | Số cuối kỳ
Period: cuối
Value: 58.700.637.271
Note ref: V.12
---
Table: THUYẾT MINH BÁO CÁO TÀI CHÍNH
Subheading: 7. Hàng tồn kho
Item: Chi phí sản xuất, kinh doanh dở dang | Số cuối kỳ
Period: cuối
Value: 293.925.078.259
Note ref: V.7
---
Table: THUYẾT MINH BÁO CÁO TÀI CHÍNH
Item: Thuyết minh 10: Chi phí xây dựng cơ bản dở dang
Value: Chi phí xây dựng cơ bản dở dang phản ánh các chi phí liên quan trực tiếp (bao gồm cả chi phí lãi vay có liên quan phù hợp với chính sách kế toán của Công ty) đến các tài sản đang trong quá trình xây dựng, máy móc thiết bị đang lắp đặt để phục vụ cho mục đích sản xuất, cho thuê và quản lý cũng
---
Table: THUYẾT MINH BÁO CÁO TÀI CHÍNH
Item: Thuyết minh 10: Chi phí xây dựng cơ bản dở dang
Value: CÔNG TY CỔ PHẦN ĐẦU TƯ CHÂU Á – THÁI BÌNH DƯƠNG QUÝ IV/2024
---
Table: THUYẾT MINH BÁO CÁO TÀI CHÍNH
Subheading: 11. Bất động sản đầu tư cho thuê — Là chương trình phần mềm, chi tiết như sau: — Nguyên giá
Item: Số cuối kỳ | Cơ sở hạ tầng
Value: 178.321.426.654
Note ref: V.11
---
Table: THUYẾT MINH BÁO CÁO TÀI CHÍNH
Subheading: 6. Các khoản phải thu khác
Item: Công ty TNHH Đầu tư và Xây dựng Đô thị Việt Thái - Đặt cọc | Số cuối kỳ Giá trị
Period: cuối
Value: 7.194.490.000
Note ref: V.6",1,,10850,9343,0.5,0.9669116947329993,0.9999999999,1.0
196,Tổng phải trả người bán ngắn hạn cuối kỳ là bao nhiêu VND?,Phải trả người bán ngắn hạn vào cuối kỳ là 71.005.972.408 VND.,Tổng phải trả người bán ngắn hạn cuối kỳ là 71.005.972.408 VND.,10,"Table: BẢNG CÂN ĐỐI KẾ TOÁN
Item: Phải trả người bán ngắn hạn | Số cuối năm
Period: cuối
Value: 71.005.972.408
Note ref: V.13
---
Table: THUYẾT MINH BÁO CÁO TÀI CHÍNH
Subheading: 13. Phải trả người bán ngắn hạn
Item: Cộng | Số cuối kỳ
Period: cuối
Value: 71.005.972.408
Note ref: V.13
---
Table: THUYẾT MINH BÁO CÁO TÀI CHÍNH
Subheading: 13. Phải trả người bán ngắn hạn
Item: Phải trả các bên liên quan | Số cuối kỳ
Period: cuối
Value: 44.740.534.882
Note ref: V.13
---
Table: THUYẾT MINH BÁO CÁO TÀI CHÍNH
Subheading: 13. Phải trả người bán ngắn hạn
Item: Phải trả các nhà cung cấp khác | Số cuối kỳ
Period: cuối
Value: 26.265.437.526
Note ref: V.13
---
Table: THUYẾT MINH BÁO CÁO TÀI CHÍNH
Subheading: 13. Phải trả người bán ngắn hạn
Item: Các nhà cung cấp khác | Số cuối kỳ
Period: cuối
Value: 26.265.437.526
Note ref: V.13
---
Table: THUYẾT MINH BÁO CÁO TÀI CHÍNH
Subheading: 13. Phải trả người bán ngắn hạn
Item: Công ty CP Tập Đoàn APEC GROUP | Số cuối kỳ
Period: cuối
Value: 234.935.072
Note ref: V.13
---
Table: THUYẾT MINH BÁO CÁO TÀI CHÍNH
Subheading: 13. Phải trả người bán ngắn hạn
Item: Công ty Cổ phần Đầu tư IDJ Việt Nam | Số cuối kỳ
Period: cuối
Value: 43.901.675.948
Note ref: V.13
---
Table: THUYẾT MINH BÁO CÁO TÀI CHÍNH
Subheading: 13. Phải trả người bán ngắn hạn
Item: Công ty Cổ phần Quản lý Vận hành Bất động sản Mandala | Số cuối kỳ
Period: cuối
Value: 19.682.287
Note ref: V.13
---
Table: THUYẾT MINH BÁO CÁO TÀI CHÍNH
Subheading: 13. Phải trả người bán ngắn hạn
Item: Công ty Cổ phần Quản lý khách sạn và Dịch vụ Mandala | Số cuối kỳ
Period: cuối
Value: 584.241.575
Note ref: V.13
---
Table: THUYẾT MINH BÁO CÁO TÀI CHÍNH
Subheading: 13. Phải trả người bán ngắn hạn
Item: Cộng | Số đầu năm
Period: đầu
Value: 89.344.730.178
Note ref: V.13",1,,10355,7569,1.0,0.9371187139927235,0.9266666666481335,1.0
197,Dự án nào có người mua trả tiền trước ngắn hạn giảm mạnh nhất từ đầu năm đến cuối kỳ?,"Dựa trên số liệu hiện có:
- **Dự án Phú Yên**
  - Số đầu năm: 146.477.845.146 đ (BẢNG CÂN ĐỐI KẾ TOÁN)
  - Số cuối kỳ: 71.075.343.687 đ (BẢNG CÂN ĐỐI KẾ TOÁN)
  - **Giảm** = 146.477.845.146 − 71.075.343.687 = **75.402.501.459 đ**
- Các dự án khác:
  - Mũi Né: giảm 13.299.077.033 đ (13.812.280.739 → 513.203.706)
  - Đa hội: không thay đổi (4.773.842.332 → 4.773.842.332)
  - Apec Aquapark Bắc Giang: tăng 15.365.541.731 đ (9.988.767.433 → 25.354.309.164)

*Nhận xét*: Dự án Phú Yên có mức giảm mạnh nhất về tiền trả trước ngắn hạn, giảm **75,4 tỷ đồng** so với các dự án khác, cho thấy dòng tiền thu được từ khách hàng của dự án này giảm đáng kể trong kỳ.","Dự án Phú Yên có người mua trả tiền trước ngắn hạn giảm mạnh nhất từ 146.477.845.146 VND đầu năm xuống 71.075.343.687 VND cuối kỳ, giảm 75.402.501.459 VND.",27,"Table: BẢNG CÂN ĐỐI KẾ TOÁN
Item: Người mua trả tiền trước ngắn hạn | Số đầu năm
Period: đầu
Value: 175.052.735.650
Note ref: V.14
---
Table: BẢNG CÂN ĐỐI KẾ TOÁN
Item: Người mua trả tiền trước ngắn hạn | Số cuối năm
Period: cuối
Value: 101.716.698.889
Note ref: V.14
---
Table: THUYẾT MINH BÁO CÁO TÀI CHÍNH
Subheading: 14. Người mua trả tiền trước ngắn hạn — Là khoản trả trước theo tiến độ của các khách hàng dự án Bất động sản, bao gồm:
Item: Cộng | Số cuối kỳ
Period: cuối
Value: 101.716.698.889
Note ref: V.14
---
Table: THUYẾT MINH BÁO CÁO TÀI CHÍNH
Subheading: 14. Người mua trả tiền trước ngắn hạn — Là khoản trả trước theo tiến độ của các khách hàng dự án Bất động sản, bao gồm:
Item: Cộng | Số đầu năm
Period: đầu
Value: 175.052.735.650
Note ref: V.14
---
Table: THUYẾT MINH BÁO CÁO TÀI CHÍNH
Subheading: 14. Người mua trả tiền trước ngắn hạn — Là khoản trả trước theo tiến độ của các khách hàng dự án Bất động sản, bao gồm:
Item: Dự án Đa hội | Số cuối kỳ
Period: cuối
Value: 4.773.842.332
Note ref: V.14
---
Table: THUYẾT MINH BÁO CÁO TÀI CHÍNH
Subheading: 14. Người mua trả tiền trước ngắn hạn — Là khoản trả trước theo tiến độ của các khách hàng dự án Bất động sản, bao gồm:
Item: Dự án Đa hội | Số đầu năm
Period: đầu
Value: 4.773.842.332
Note ref: V.14
---
Table: THUYẾT MINH BÁO CÁO TÀI CHÍNH
Subheading: 14. Người mua trả tiền trước ngắn hạn — Là khoản trả trước theo tiến độ của các khách hàng dự án Bất động sản, bao gồm:
Item: Dự án Phú Yên | Số cuối kỳ
Period: cuối
Value: 71.075.343.687
Note ref: V.14
---
Table: THUYẾT MINH BÁO CÁO TÀI CHÍNH
Subheading: 14. Người mua trả tiền trước ngắn hạn — Là khoản trả trước theo tiến độ của các khách hàng dự án Bất động sản, bao gồm:
Item: Dự án Phú Yên | Số đầu năm
Period: đầu
Value: 146.477.845.146
Note ref: V.14
---
Table: THUYẾT MINH BÁO CÁO TÀI CHÍNH
Subheading: 14. Người mua trả tiền trước ngắn hạn — Là khoản trả trước theo tiến độ của các khách hàng dự án Bất động sản, bao gồm:
Item: Dự án Mũi Né | Số cuối kỳ
Period: cuối
Value: 513.203.706
Note ref: V.14
---
Table: THUYẾT MINH BÁO CÁO TÀI CHÍNH
Subheading: 14. Người mua trả tiền trước ngắn hạn — Là khoản trả trước theo tiến độ của các khách hàng dự án Bất động sản, bao gồm:
Item: Dự án Mũi Né | Số đầu năm
Period: đầu
Value: 13.812.280.739
Note ref: V.14
---
Table: THUYẾT MINH BÁO CÁO TÀI CHÍNH
Subheading: 14. Người mua trả tiền trước ngắn hạn — Là khoản trả trước theo tiến độ của các khách hàng dự án Bất động sản, bao gồm:
Item: Dự án Apec Aquapark Bắc Giang | Số cuối kỳ
Period: cuối
Value: 25.354.309.164
Note ref: V.14
---
Table: THUYẾT MINH BÁO CÁO TÀI CHÍNH
Subheading: 14. Người mua trả tiền trước ngắn hạn — Là khoản trả trước theo tiến độ của các khách hàng dự án Bất động sản, bao gồm:
Item: Dự án Apec Aquapark Bắc Giang | Số đầu năm
Period: đầu
Value: 9.988.767.433
Note ref: V.14
---
Table: THUYẾT MINH BÁO CÁO TÀI CHÍNH
Item: Thuyết minh 14: Người mua trả tiền trước ngắn hạn | Cộng
Value: Số cuối kỳ: 101.716.698.889 | Số đầu năm: 175.052.735.650
---
Table: THUYẾT MINH BÁO CÁO TÀI CHÍNH
Item: Thuyết minh 14: Người mua trả tiền trước ngắn hạn | Dự án Đa hội
Value: Số cuối kỳ: 4.773.842.332 | Số đầu năm: 4.773.842.332
---
Table: THUYẾT MINH BÁO CÁO TÀI CHÍNH
Item: Thuyết minh 14: Người mua trả tiền trước ngắn hạn | Dự án Phú Yên
Value: Số cuối kỳ: 71.075.343.687 | Số đầu năm: 146.477.845.146
---
Table: THUYẾT MINH BÁO CÁO TÀI CHÍNH
Item: Thuyết minh 14: Người mua trả tiền trước ngắn hạn
Value: Là khoản trả trước theo tiến độ của các khách hàng dự án Bất động sản, bao gồm:
---
Table: THUYẾT MINH BÁO CÁO TÀI CHÍNH
Item: Thuyết minh 14: Người mua trả tiền trước ngắn hạn | Dự án Mũi Né
Value: Số cuối kỳ: 513.203.706 | Số đầu năm: 13.812.280.739
---
Table: THUYẾT MINH BÁO CÁO TÀI CHÍNH
Item: Thuyết minh 14: Người mua trả tiền trước ngắn hạn | Dự án Apec Aquapark Bắc Giang
Value: Số cuối kỳ: 25.354.309.164 | Số đầu năm: 9.988.767.433
---
Table: THUYẾT MINH BÁO CÁO TÀI CHÍNH
Subheading: 4. Trả trước cho người bán ngắn hạn
Item: Trả trước cho nhà cung cấp | Số cuối kỳ
Period: cuối
Value: 11.748.605.329
Note ref: V.4
---
Table: THUYẾT MINH BÁO CÁO TÀI CHÍNH
Subheading: 4. Trả trước cho người bán ngắn hạn
Item: Cộng | Số đầu năm
Period: đầu
Value: 17.709.353.952
Note ref: V.4
---
Table: THUYẾT MINH BÁO CÁO TÀI CHÍNH
Subheading: 4. Trả trước cho người bán ngắn hạn
Item: Cộng | Số cuối kỳ
Period: cuối
Value: 11.748.605.329
Note ref: V.4
---
Table: THUYẾT MINH BÁO CÁO TÀI CHÍNH
Subheading: 4. Trả trước cho người bán ngắn hạn
Item: Trả trước cho nhà cung cấp | Số đầu năm
Period: đầu
Value: 17.709.353.952
Note ref: V.4
---
Table: THUYẾT MINH BÁO CÁO TÀI CHÍNH
Item: Thuyết minh 16: Chi phí phải trả ngắn hạn | Trích trước chi phí dự án Bắc Giang
Value: Số cuối kỳ: 25.512.823.827 | Số đầu năm: 27.604.796.168
---
Table: THUYẾT MINH BÁO CÁO TÀI CHÍNH
Item: Thuyết minh 16: Chi phí phải trả ngắn hạn | Trích trước chi phí dự án Phú Yên
Value: Số cuối kỳ: 41.929.707.706 | Số đầu năm: 49.650.705.253
---
Table: THUYẾT MINH BÁO CÁO TÀI CHÍNH
Item: Thuyết minh 16: Chi phí phải trả ngắn hạn | Trích trước chi phí dự án Mũi Né
Value: Số cuối kỳ: 2.610.053.657
---
Table: THUYẾT MINH BÁO CÁO TÀI CHÍNH
Item: 17a. Phải trả ngắn hạn khác | Nhận đặt cọc mua nội thất Dự Án Mũi Né
Value: Số cuối kỳ: 518.505.000 | Số đầu năm: 1.051.265.000
---
Table: THUYẾT MINH BÁO CÁO TÀI CHÍNH
Item: 17a. Phải trả ngắn hạn khác | Nhận tiền góp vốn của các tổ chức, cá nhân vào dự án ()
Value: Số cuối kỳ: 126.229.443.045 | Số đầu năm: 131.537.716.553",1,,328138,24269,0.6666666666666666,0.8830291397618008,0.06666666666,1.0
198,So sánh phải trả CTCP Tập đoàn Apec cuối kỳ với đầu năm.,"Dựa trên số liệu hiện có: \n- Phải trả người bán ngắn hạn của CTCP Tập đoàn Apec Số đầu năm: **1.624.629.768** (đầu năm)\n- Phải trả người bán ngắn hạn của CTCP Tập đoàn Apec Số cuối kỳ: **234.935.072** (cuối kỳ)\n\nCông thức: Thay đổi = Số cuối kỳ – Số đầu năm\nThay đổi = 234.935.072 – 1.624.629.768 = **-1.389.694.696**\n\nKết quả: khoản phải trả đã giảm **1.389.694.696** đồng, tương đương giảm khoảng **85,6 %** so với đầu năm.","Phải trả CTCP Tập đoàn Apec cuối kỳ là 234.935.072 VND, còn đầu năm là 1.624.629.768 VND. Khoản này đã giảm đáng kể.",10,"Table: BẢNG CÂN ĐỐI KẾ TOÁN
Subheading: Tổng nợ phải trả
Item: C - NỢ PHẢI TRẢ | Số đầu năm
Period: đầu
Value: 1.011.000.037.337
---
Table: BẢNG CÂN ĐỐI KẾ TOÁN
Subheading: Tổng nợ phải trả
Item: C - NỢ PHẢI TRẢ | Số cuối năm
Period: cuối
Value: 778.449.407.564
---
Table: THUYẾT MINH BÁO CÁO TÀI CHÍNH
Subheading: 13. Phải trả người bán ngắn hạn
Item: Công ty CP Tập Đoàn APEC GROUP | Số cuối kỳ
Period: cuối
Value: 234.935.072
Note ref: V.13
---
Table: THUYẾT MINH BÁO CÁO TÀI CHÍNH
Subheading: 13. Phải trả người bán ngắn hạn
Item: Công ty CP Tập Đoàn APEC GROUP | Số đầu năm
Period: đầu
Value: 1.624.629.768
Note ref: V.13
---
Table: THUYẾT MINH BÁO CÁO TÀI CHÍNH
Subheading: 13. Phải trả người bán ngắn hạn
Item: Công ty CP Tập Đoàn Đầu tư Xây Dựng Ricons | Số đầu năm
Period: đầu
Value: 16.482.655.152
Note ref: V.13
---
Table: THUYẾT MINH BÁO CÁO TÀI CHÍNH
Subheading: 17a. Phải trả ngắn hạn khác
Item: Kinh phí công đoàn | Số cuối kỳ
Period: cuối
Value: 248.034.488
Note ref: V.17a
---
Table: THUYẾT MINH BÁO CÁO TÀI CHÍNH
Subheading: 13. Phải trả người bán ngắn hạn
Item: Phải trả các bên liên quan | Số cuối kỳ
Period: cuối
Value: 44.740.534.882
Note ref: V.13
---
Table: THUYẾT MINH BÁO CÁO TÀI CHÍNH
Subheading: 17a. Phải trả ngắn hạn khác
Item: Kinh phí công đoàn | Số đầu năm
Period: đầu
Value: 209.683.652
Note ref: V.17a
---
Table: THUYẾT MINH BÁO CÁO TÀI CHÍNH
Subheading: 17a. Phải trả ngắn hạn khác
Item: Cổ tức, lợi nhuận phải trả | Số cuối kỳ
Period: cuối
Value: 656.640.000
Note ref: V.17a
---
Table: THUYẾT MINH BÁO CÁO TÀI CHÍNH
Subheading: 16. Chi phí phải trả ngắn hạn
Item: Chi phí lãi vay phải trả | Số cuối kỳ
Period: cuối
Value: 11.570.981.974
Note ref: V.16",1,,25201,10225,0.8571428571428571,0.7395880308639353,0.4166666666458333,1.0
199,Đánh giá rủi ro tài chính của công ty khi chi phí xây dựng cơ bản dở dang không thay đổi trong kỳ.,"Dựa trên số liệu hiện có:

**2. Thanh khoản và an toàn tài chính** (agent_liquidity_solvency)
- Tiền và các khoản tương đương tiền: 97.964.405.114 VND (BẢNG CÂN ĐỐI KẾ TOÁN)
- Các khoản phải thu ngắn hạn: 362.793.062.285 VND (BẢNG CÂN ĐỐI KẾ TOÁN)
- Hàng tồn kho: 474.117.608.966 VND (BẢNG CÂN ĐỐI KẾ TOÁN)
- Chi phí xây dựng cơ bản dở dang (CIP): 66.493.520.213 VND – không thay đổi so với đầu kỳ (BẢNG CÂN ĐỐI KẾ TOÁN)
- Nợ ngắn hạn: 566.994.110.452 VND (BẢNG CÂN ĐỐI KẾ TOÁN)
- Chi phí phải trả ngắn hạn: 81.623.567.164 VND (BẢNG CÂN ĐỐI KẾ TOÁN)
- Vay dài hạn: 165.014.900.000 VND (BẢNG CÂN ĐỐI KẾ TOÁN)

**Tính toán tỷ lệ thanh khoản**
- Tổng tài sản ngắn hạn ≈ Tiền & tương đương + Phải thu ngắn hạn + Hàng tồn kho + CIP = **1.001.368.596.578 VND**
- Tổng nợ ngắn hạn = Nợ ngắn hạn + Chi phí phải trả ngắn hạn = **648.617.677.616 VND**
- **Current Ratio** = 1.001.368.596.578 ÷ 648.617.677.616 ≈ **1.55**
- **Quick Ratio** = (Tiền & tương đương + Phải thu ngắn hạn) ÷ Tổng nợ ngắn hạn = 460.757.467.399 ÷ 648.617.677.616 ≈ **0.71**
- **Cash Ratio** = Tiền & tương đương ÷ Tổng nợ ngắn hạn = 97.964.405.114 ÷ 648.617.677.616 ≈ **0.15**

*Nhận xét*:
- Current Ratio > 1 cho thấy công ty có khả năng trả nợ ngắn hạn tổng thể.
- Quick Ratio và Cash Ratio < 1 (cực thấp) cho thấy công ty phụ thuộc nhiều vào khoản phải thu và hàng tồn kho; nếu thu tiền chậm hoặc bán hàng giảm, khả năng thanh khoản sẽ bị áp lực.
- CIP chiếm khoảng **6.6 %** tổng tài sản ngắn hạn nhưng không tạo ra dòng tiền trong kỳ, làm giảm hiệu quả sử dụng vốn lưu động.
- Đòn bẩy cao: nợ ngắn hạn chiếm **56.6 %** tổng tài sản ngắn hạn; cộng với vay dài hạn, tỷ lệ nợ/tài sản ước tính khoảng **73 %**.
- Khi CIP không thay đổi, rủi ro tài chính tăng do tài sản chưa sinh lợi kéo dài, gây áp lực thanh khoản và tăng phụ thuộc vào nguồn vay.

**3. Dòng tiền** (agent_cashflow_analysis)
- Chi phí xây dựng cơ bản dở dang (WIP): 66.493.520.213 VND (số cuối kỳ) – không tăng so với đầu kỳ (BẢNG CÂN ĐỐI KẾ TOÁN).
- Lưu chuyển tiền thuần từ hoạt động kinh doanh (CFO): 36.158.929.436 VND (năm nay) (BÁO CÁO LƯU CHUYỂN TIỀN TỆ).

*Nhận xét*:
- CFO dương mạnh cho thấy công ty tạo ra tiền mặt nội bộ đủ để chi trả hoạt động và hỗ trợ thanh khoản ngắn hạn.
- WIP lớn nhưng không tăng đồng nghĩa với việc không có đầu tư mới; giảm áp lực chi phí vốn mới nhưng đồng thời trì hoãn doanh thu tương lai.
- Thiếu dữ liệu về tiền và các khoản tương đương tiền, tổng tài sản và nợ ngắn hạn hạn chế việc đánh giá sâu hơn tỉ lệ WIP / thanh khoản.
- Không có thông tin thuyết minh chi tiết về rủi ro tài chính liên quan tới WIP, do đó đánh giá rủi ro dài hạn vẫn còn bất định.

**Kết luận tổng thể**
- Khi chi phí xây dựng cơ bản dở dang không thay đổi, công ty duy trì mức CIP cao nhưng không tạo ra dòng tiền, làm giảm hiệu quả sử dụng vốn lưu động.
- Thanh khoản tổng thể (Current Ratio) vẫn đủ, nhưng các chỉ số thanh khoản nhanh (Quick, Cash Ratio) rất thấp, khiến công ty nhạy cảm với bất kỳ chậm trễ thu tiền hoặc giảm doanh thu.
- Đòn bẩy tài chính cao và tỷ lệ nợ lớn làm tăng rủi ro tài chính nếu CIP không nhanh chóng chuyển thành tài sản hoàn thiện và doanh thu.
- Vì vậy, rủi ro tài chính hiện tại là **rủi ro thanh khoản và rủi ro dự án**: cần ưu tiên đẩy nhanh hoàn thiện các dự án dở dang, cải thiện thu hồi nợ và cân nhắc tái cấu trúc nợ ngắn hạn để giảm áp lực tài chính.","Việc chi phí xây dựng cơ bản dở dang không thay đổi trong kỳ (duy trì ở mức 66.493.520.213 VND) cho thấy các dự án xây dựng liên quan (như Dự án Thái Nguyên Plaza và Các dự án khác) đã không có bất kỳ tiến độ nào về mặt chi phí trong kỳ. Điều này tiềm ẩn rủi ro tài chính đáng kể:\n-   **Vốn bị đình trệ:** Một lượng lớn vốn (66,49 tỷ VND) bị kẹt trong các dự án không phát triển, không tạo ra doanh thu hay lợi nhuận.\n-   **Chi phí ẩn:** Có thể phát sinh các chi phí khác liên quan đến việc duy trì hoặc bảo quản các dự án bị đình trệ (ví dụ: chi phí quản lý, bảo vệ) mà không được phản ánh trực tiếp trong khoản mục này.\n-   **Mất cơ hội:** Vốn có thể được sử dụng hiệu quả hơn cho các dự án khác hoặc hoạt động kinh doanh sinh lời khác.\n-   **Rủi ro hoàn thành dự án:** Việc đình trệ kéo dài có thể làm tăng rủi ro về chi phí hoàn thành, thời gian và khả năng sinh lời của dự án khi tiếp tục.  \nĐây là một dấu hiệu không tích cực về quản lý dự án và sử dụng vốn.",74,"Table: BẢNG CÂN ĐỐI KẾ TOÁN
Item: Chi phí xây dựng cơ bản dở dang | Số cuối năm
Period: cuối
Value: 66.493.520.213
Note ref: V.12
---
Table: BẢNG CÂN ĐỐI KẾ TOÁN
Item: Chi phí xây dựng cơ bản dở dang | Số đầu năm
Period: đầu
Value: 66.493.520.213
Note ref: V.12
---
Table: THUYẾT MINH BÁO CÁO TÀI CHÍNH
Subheading: 12. Chi phí xây dựng cơ bản dở dang — Là chương trình phần mềm, chi tiết như sau:
Item: Cộng | Số cuối kỳ
Period: cuối
Value: 66.493.520.213
Note ref: V.12
---
Table: THUYẾT MINH BÁO CÁO TÀI CHÍNH
Subheading: 12. Chi phí xây dựng cơ bản dở dang — Là chương trình phần mềm, chi tiết như sau:
Item: Các dự án khác | Số cuối kỳ
Period: cuối
Value: 7.792.882.942
Note ref: V.12
---
Table: THUYẾT MINH BÁO CÁO TÀI CHÍNH
Subheading: 12. Chi phí xây dựng cơ bản dở dang — Là chương trình phần mềm, chi tiết như sau:
Item: Dự án Trung tâm thương mại Thái Nguyên | Số cuối kỳ
Period: cuối
Value: 58.700.637.271
Note ref: V.12
---
Table: THUYẾT MINH BÁO CÁO TÀI CHÍNH
Subheading: 12. Chi phí xây dựng cơ bản dở dang — Là chương trình phần mềm, chi tiết như sau:
Item: Cộng | Số đầu năm
Period: đầu
Value: 66.493.520.213
Note ref: V.12
---
Table: THUYẾT MINH BÁO CÁO TÀI CHÍNH
Subheading: 12. Chi phí xây dựng cơ bản dở dang — Là chương trình phần mềm, chi tiết như sau:
Item: Các dự án khác | Số đầu năm
Period: đầu
Value: 7.792.882.942
Note ref: V.12
---
Table: THUYẾT MINH BÁO CÁO TÀI CHÍNH
Subheading: 12. Chi phí xây dựng cơ bản dở dang — Là chương trình phần mềm, chi tiết như sau:
Item: Dự án Trung tâm thương mại Thái Nguyên | Số đầu năm
Period: đầu
Value: 58.700.637.271
Note ref: V.12
---
Table: THUYẾT MINH BÁO CÁO TÀI CHÍNH
Item: Thuyết minh 10: Chi phí xây dựng cơ bản dở dang
Value: Chi phí xây dựng cơ bản dở dang phản ánh các chi phí liên quan trực tiếp (bao gồm cả chi phí lãi vay có liên quan phù hợp với chính sách kế toán của Công ty) đến các tài sản đang trong quá trình xây dựng, máy móc thiết bị đang lắp đặt để phục vụ cho mục đích sản xuất, cho thuê và quản lý cũng
---
Table: THUYẾT MINH BÁO CÁO TÀI CHÍNH
Item: Thuyết minh 10: Chi phí xây dựng cơ bản dở dang
Value: CÔNG TY CỔ PHẦN ĐẦU TƯ CHÂU Á – THÁI BÌNH DƯƠNG QUÝ IV/2024
---
Table: THUYẾT MINH BÁO CÁO TÀI CHÍNH
Subheading: 1. Tiền và các khoản tương đương tiền
Item: Cộng | Số cuối năm
Period: cuối
Value: 97.964.405.114
Note ref: V.1
---
Table: THUYẾT MINH BÁO CÁO TÀI CHÍNH
Subheading: 1. Tiền và các khoản tương đương tiền
Item: Cộng | Số đầu năm
Period: đầu
Value: 60.575.342.749
Note ref: V.1
---
Table: THUYẾT MINH BÁO CÁO TÀI CHÍNH
Subheading: 1. Tiền và các khoản tương đương tiền
Item: Tiền gửi ngân hàng không kỳ hạn | Số cuối năm
Period: cuối
Value: 17.830.416.837
Note ref: V.1
---
Table: THUYẾT MINH BÁO CÁO TÀI CHÍNH
Subheading: 1. Tiền và các khoản tương đương tiền
Item: Tiền gửi ngân hàng không kỳ hạn | Số đầu năm
Period: đầu
Value: 18.346.624.260
Note ref: V.1
---
Table: THUYẾT MINH BÁO CÁO TÀI CHÍNH
Subheading: 1. Tiền và các khoản tương đương tiền
Item: Tiền gửi tại công ty chứng khoán | Số cuối năm
Period: cuối
Value: 109.902.610
Note ref: V.1
---
Table: THUYẾT MINH BÁO CÁO TÀI CHÍNH
Subheading: 1. Tiền và các khoản tương đương tiền
Item: Tiền gửi tại công ty chứng khoán | Số đầu năm
Period: đầu
Value: 110.425.559
Note ref: V.1
---
Table: THUYẾT MINH BÁO CÁO TÀI CHÍNH
Subheading: 1. Tiền và các khoản tương đương tiền
Item: Các khoản tương đương tiền | Số cuối năm
Period: cuối
Value: 80.000.000.000
Note ref: V.1
---
Table: THUYẾT MINH BÁO CÁO TÀI CHÍNH
Subheading: 1. Tiền và các khoản tương đương tiền
Item: Các khoản tương đương tiền | Số đầu năm
Period: đầu
Value: 42.000.000.000
Note ref: V.1
---
Table: THUYẾT MINH BÁO CÁO TÀI CHÍNH
Subheading: 1. Tiền và các khoản tương đương tiền
Item: Tiền mặt | Số cuối năm
Period: cuối
Value: 24.085.667
Note ref: V.1
---
Table: THUYẾT MINH BÁO CÁO TÀI CHÍNH
Subheading: 1. Tiền và các khoản tương đương tiền
Item: Tiền mặt | Số đầu năm
Period: đầu
Value: 118.292.930
Note ref: V.1
---
Table: BẢNG CÂN ĐỐI KẾ TOÁN
Item: Các khoản phải thu ngắn hạn | Số đầu năm
Period: đầu
Value: 401.680.516.983
---
Table: BẢNG CÂN ĐỐI KẾ TOÁN
Item: Các khoản phải thu ngắn hạn | Số cuối năm
Period: cuối
Value: 362.793.062.285
---
Table: THUYẾT MINH BÁO CÁO TÀI CHÍNH
Item: Thuyết minh 6: Các khoản phải thu khác | Các khoản phải thu ngắn hạn khác
Value: Số cuối kỳ Giá trị: 5.727.143.845 | Số cuối kỳ Dự phòng: - | Số đầu năm Giá trị: 5.659.974.185 | Số đầu năm Dự phòng: -
---
Table: THUYẾT MINH BÁO CÁO TÀI CHÍNH
Subheading: 6. Các khoản phải thu khác
Item: Các khoản phải thu ngắn hạn khác | Số cuối kỳ Giá trị
Period: cuối
Value: 5.727.143.845
Note ref: V.6
---
Table: THUYẾT MINH BÁO CÁO TÀI CHÍNH
Subheading: 6. Các khoản phải thu khác
Item: Các khoản phải thu ngắn hạn khác | Số đầu năm Giá trị
Period: đầu
Value: 5.659.974.185
Note ref: V.6
---
Table: THUYẾT MINH BÁO CÁO TÀI CHÍNH
Subheading: 6. Các khoản phải thu khác
Item: a) Ngắn hạn | Số cuối kỳ Giá trị
Period: cuối
Value: 184.685.805.476
Note ref: V.6
---
Table: THUYẾT MINH BÁO CÁO TÀI CHÍNH
Subheading: 6. Các khoản phải thu khác
Item: a) Ngắn hạn | Số đầu năm Giá trị
Period: đầu
Value: 176.837.852.532
Note ref: V.6
---
Table: THUYẾT MINH BÁO CÁO TÀI CHÍNH
Subheading: 5. Phải thu về cho vay ngắn hạn — Là các khoản cho vay Bên liên quan, bao gồm:
Item: Cộng | Số cuối kỳ
Period: cuối
Value: 85.566.500.000
Note ref: V.5
---
Table: THUYẾT MINH BÁO CÁO TÀI CHÍNH
Subheading: 5. Phải thu về cho vay ngắn hạn — Là các khoản cho vay Bên liên quan, bao gồm:
Item: Cộng | Số đầu năm
Period: đầu
Value: 124.566.500.000
Note ref: V.5
---
Table: THUYẾT MINH BÁO CÁO TÀI CHÍNH
Subheading: 3a. Phải thu khách hàng ngắn hạn
Item: Phải thu các khách hàng (Dự án BĐS) | Số cuối kỳ
Period: cuối
Value: 60.579.645.168
Note ref: V.3a
---
Table: THUYẾT MINH BÁO CÁO TÀI CHÍNH
Subheading: 7. Hàng tồn kho
Item: Cộng | Số cuối kỳ
Period: cuối
Value: 474.117.608.966
Note ref: V.7
---
Table: THUYẾT MINH BÁO CÁO TÀI CHÍNH
Subheading: 7. Hàng tồn kho
Item: Chi phí sản xuất, kinh doanh dở dang | Số cuối kỳ
Period: cuối
Value: 293.925.078.259
Note ref: V.7
---
Table: THUYẾT MINH BÁO CÁO TÀI CHÍNH
Subheading: 7. Hàng tồn kho
Item: Cộng | Số đầu năm
Period: đầu
Value: 528.207.406.021
Note ref: V.7
---
Table: THUYẾT MINH BÁO CÁO TÀI CHÍNH
Subheading: 7. Hàng tồn kho
Item: Chi phí sản xuất, kinh doanh dở dang | Số đầu năm
Period: đầu
Value: 292.456.128.703
Note ref: V.7
---
Table: THUYẾT MINH BÁO CÁO TÀI CHÍNH
Subheading: 7. Hàng tồn kho
Item: Hàng hóa | Số cuối kỳ
Period: cuối
Value: 12.556.351.760
Note ref: V.7
---
Table: THUYẾT MINH BÁO CÁO TÀI CHÍNH
Subheading: 7. Hàng tồn kho
Item: Dự án Khu công nghiệp Đa Hội | Số cuối kỳ
Period: cuối
Value: 115.731.971.300
Note ref: V.7
---
Table: THUYẾT MINH BÁO CÁO TÀI CHÍNH
Subheading: 7. Hàng tồn kho
Item: Hàng hóa | Số đầu năm
Period: đầu
Value: 13.506.255.452
Note ref: V.7
---
Table: THUYẾT MINH BÁO CÁO TÀI CHÍNH
Subheading: 7. Hàng tồn kho
Item: Hàng hóa Bất động sản | Số cuối kỳ
Period: cuối
Value: 167.636.178.947
Note ref: V.7
---
Table: THUYẾT MINH BÁO CÁO TÀI CHÍNH
Subheading: 7. Hàng tồn kho
Item: Các dự án khác | Số cuối kỳ
Period: cuối
Value: 18.073.012.689
Note ref: V.7
---
Table: THUYẾT MINH BÁO CÁO TÀI CHÍNH
Subheading: 7. Hàng tồn kho
Item: Dự án Golden Palace Lạng Sơn | Số cuối kỳ
Period: cuối
Value: 88.024.895.519
Note ref: V.7
---
Table: BẢNG CÂN ĐỐI KẾ TOÁN
Subheading: Tổng nợ ngắn hạn
Item: I. Nợ ngắn hạn | Số cuối năm
Period: cuối
Value: 566.994.110.452
---
Table: BẢNG CÂN ĐỐI KẾ TOÁN
Subheading: Tổng nợ ngắn hạn
Item: I. Nợ ngắn hạn | Số đầu năm
Period: đầu
Value: 895.630.596.406
---
Table: THUYẾT MINH BÁO CÁO TÀI CHÍNH
Item: 18a. Vay ngắn hạn | Chuyển sang nợ vay ngắn hạn
Value: Khoản mục: Chuyển sang nợ vay ngắn hạn | Số cuối kỳ Giá trị: (19.424.900.000) | Số cuối kỳ Khả năng trả nợ: (19.424.900.000) | Trong kỳ Giảm: 19.424.900.000 | Số đầu kỳ Giá trị: - | Số đầu kỳ Khả năng trả nợ: -
---
Table: THUYẾT MINH BÁO CÁO TÀI CHÍNH
Subheading: 18a. Vay ngắn hạn
Item: a) Vay ngắn hạn | Số cuối kỳ Khả năng trả nợ
Period: cuối
Value: 156.502.422.354
Note ref: V.18a
---
Table: THUYẾT MINH BÁO CÁO TÀI CHÍNH
Subheading: 18a. Vay ngắn hạn
Item: a) Vay ngắn hạn | Số đầu kỳ Khả năng trả nợ
Period: đầu
Value: 380.475.557.454
Note ref: V.18a
---
Table: THUYẾT MINH BÁO CÁO TÀI CHÍNH
Subheading: 18a. Vay ngắn hạn
Item: Chuyển sang nợ vay ngắn hạn | Số cuối kỳ Khả năng trả nợ
Period: cuối
Value: (19.424.900.000)
Note ref: V.18a
---
Table: THUYẾT MINH BÁO CÁO TÀI CHÍNH
Subheading: 18a. Vay ngắn hạn
Item: b) Vay dài hạn | Số cuối kỳ Khả năng trả nợ
Period: cuối
Value: 165.014.900.000
Note ref: V.18a
---
Table: THUYẾT MINH BÁO CÁO TÀI CHÍNH
Item: 18a. Vay ngắn hạn | a) Vay ngắn hạn
Value: Khoản mục: a) Vay ngắn hạn | Số cuối kỳ Giá trị: 156.502.422.354 | Số cuối kỳ Khả năng trả nợ: 156.502.422.354 | Trong kỳ Tăng: 56.474.900.000 | Trong kỳ Giảm: 280.448.035.100 | Số đầu kỳ Giá trị: 380.475.557.454 | Số đầu kỳ Khả năng trả nợ: 380.475.557.454
---
Table: THUYẾT MINH BÁO CÁO TÀI CHÍNH
Subheading: 18a. Vay ngắn hạn
Item: b) Vay dài hạn | Số đầu kỳ Khả năng trả nợ
Period: đầu
Value: 69.480.000.000
Note ref: V.18a
---
Table: THUYẾT MINH BÁO CÁO TÀI CHÍNH
Subheading: 18a. Vay ngắn hạn
Item: Vay ngắn hạn các cá nhân | Số cuối kỳ Khả năng trả nợ
Period: cuối
Value: 17.219.900.000
Note ref: V.18a
---
Table: THUYẾT MINH BÁO CÁO TÀI CHÍNH
Subheading: 16. Chi phí phải trả ngắn hạn
Item: Cộng | Số cuối kỳ
Period: cuối
Value: 81.623.567.164
Note ref: V.16
---
Table: THUYẾT MINH BÁO CÁO TÀI CHÍNH
Item: Thuyết minh 16: Chi phí phải trả ngắn hạn | Các chi phí phải trả ngắn hạn khác
Value: Số cuối kỳ: - | Số đầu năm: 1.767.586.446
---
Table: THUYẾT MINH BÁO CÁO TÀI CHÍNH
Subheading: 16. Chi phí phải trả ngắn hạn
Item: Cộng | Số đầu năm
Period: đầu
Value: 92.849.850.808
Note ref: V.16
---
Table: THUYẾT MINH BÁO CÁO TÀI CHÍNH
Subheading: 16. Chi phí phải trả ngắn hạn
Item: Chi phí lãi vay phải trả | Số cuối kỳ
Period: cuối
Value: 11.570.981.974
Note ref: V.16
---
Table: THUYẾT MINH BÁO CÁO TÀI CHÍNH
Subheading: 16. Chi phí phải trả ngắn hạn
Item: Chi phí lãi vay phải trả | Số đầu năm
Period: đầu
Value: 13.826.762.941
Note ref: V.16
---
Table: THUYẾT MINH BÁO CÁO TÀI CHÍNH
Subheading: 16. Chi phí phải trả ngắn hạn
Item: Các chi phí phải trả ngắn hạn khác | Số đầu năm
Period: đầu
Value: 1.767.586.446
Note ref: V.16
---
Table: THUYẾT MINH BÁO CÁO TÀI CHÍNH
Subheading: 16. Chi phí phải trả ngắn hạn
Item: Phải trả các tổ chức và cá nhân | Số cuối kỳ
Period: cuối
Value: 81.623.567.164
Note ref: V.16
---
Table: THUYẾT MINH BÁO CÁO TÀI CHÍNH
Subheading: 16. Chi phí phải trả ngắn hạn
Item: Trích trước chi phí dự án Phú Yên | Số cuối kỳ
Period: cuối
Value: 41.929.707.706
Note ref: V.16
---
Table: THUYẾT MINH BÁO CÁO TÀI CHÍNH
Subheading: 16. Chi phí phải trả ngắn hạn
Item: Phải trả các tổ chức và cá nhân | Số đầu năm
Period: đầu
Value: 92.849.850.808
Note ref: V.16
---
Table: THUYẾT MINH BÁO CÁO TÀI CHÍNH
Subheading: 16. Chi phí phải trả ngắn hạn
Item: Trích trước chi phí dự án Bắc Giang | Số cuối kỳ
Period: cuối
Value: 25.512.823.827
Note ref: V.16
---
Table: THUYẾT MINH BÁO CÁO TÀI CHÍNH
Item: Thuyết minh báo cáo tài chính
Value: 15. Chi phí đi vay Chi phí đi vay bao gồm lãi tiền vay và các chi phí khác phát sinh liên quan trực tiếp đến các khoản vay. Chi phí đi vay được ghi nhận vào chi phí khi phát sinh. Trường hợp chi phí đi vay liên quan trực tiếp đến việc đầu tư xây dựng hoặc sản xuất tài sản dở dang cần có một thời gian đủ dài (trên 12 tháng) để có thể đưa vào sử dụng theo mục đích định trước hoặc bán thì chi phí đi vay này được tính vào giá trị của tài sản đó. Đối với khoản vay riêng phục vụ việc xây dựng tài sản cố định, bất động sản đầu tư, lãi vay được vốn hóa kể cả khi thời gian xây dựng dưới 12 tháng. Các khoản thu nhập phát sinh từ việc đầu tư tạm thời các khoản vay được ghi giảm nguyên giá tài sản có liên quan. Đối với các khoản vốn vay chung trong đó có sử dụng cho mục đích đầu tư xây dựng hoặc sản xuất tài sản dở dang thì chi phí đi vay vốn hóa được xác định theo tỷ lệ vốn hóa đối với chi phí lũy kế bình quân gia quyền phát sinh cho việc đầu tư xây dựng cơ bản hoặc sản xuất tài sản đó. Tỷ lệ vốn hóa được tính theo tỷ lệ lãi suất bình quân gia quyền của các khoản vay chưa trả trong năm, ngoại trừ các khoản vay riêng biệt phục vụ cho mục đích hình thành một tài sản cụ thể.
---
Table: BÁO CÁO LƯU CHUYỂN TIỀN TỆ
Item: Lưu chuyển tiền thuần từ hoạt động kinh doanh | Năm nay
Value: 36.158.929.436
---
Table: BÁO CÁO LƯU CHUYỂN TIỀN TỆ
Item: Lưu chuyển tiền thuần từ hoạt động kinh doanh | Năm trước
Value: (4.379.663.565)
---
Table: THUYẾT MINH BÁO CÁO TÀI CHÍNH
Item: Thuyết minh 7: Hàng tồn kho | Chi phí sản xuất, kinh doanh dở dang
Value: Số cuối kỳ: 293.925.078.259 | Số đầu năm: 292.456.128.703
---
Table: THUYẾT MINH BÁO CÁO TÀI CHÍNH
Item: Thuyết minh 16: Các khoản chi phí
Value: Chi phí là những khoản làm giảm lợi ích kinh tế được ghi nhận tại thời điểm giao dịch phát sinh hoặc khi có khả năng tương đối chắc chắn sẽ phát sinh trong tương lai không phân biệt đã chi tiền hay chưa.
---
Table: THUYẾT MINH BÁO CÁO TÀI CHÍNH
Item: Thuyết minh 9: Bất động sản đầu tư
Value: Các chi phí liên quan đến bất động sản đầu tư phát sinh sau ghi nhận ban đầu được ghi nhận vào chi phí, trừ khi chi phí này có khả năng chắc chắn làm cho bất động sản đầu tư tạo ra lợi ích kinh tế trong tương lai nhiều hơn mức hoạt động được đánh giá ban đầu thì được ghi tăng nguyên giá.
---
Table: THUYẾT MINH BÁO CÁO TÀI CHÍNH
Item: Thuyết minh báo cáo tài chính
Value: Doanh thu cho thuê tài sản hoạt động Doanh thu cho thuê tài sản hoạt động được ghi nhận theo phương pháp đường thẳng trong suốt thời gian cho thuê. Trường hợp thời gian cho thuê chiếm trên 90% thời gian sử dụng hữu ích của tài sản, doanh thu được ghi nhận một lần đối với toàn bộ số tiền cho thuê nhận trước nếu thỏa mãn đồng thời các điều kiện sau: Bên đi thuê không có quyền hủy ngang hợp đồng thuê và Công ty không có nghĩa vụ phải trả lại số tiền đã nhận trước trong mọi trường hợp và dưới mọi hình thức. Số tiền nhận trước từ việc cho thuê không nhỏ hơn 90% tổng số tiền cho thuê dự kiến thu được theo hợp đồng trong suốt thời hạn cho thuê và bên đi thuê phải thanh toán toàn bộ số tiền thuê trong vòng 12 tháng kể từ thời điểm khởi đầu thuê tài sản. Hầu như toàn bộ rủi ro và lợi ích gắn liền với quyền sở hữu tài sản thuê đã chuyển giao cho bên đi thuê. Giá vốn của hoạt động cho thuê được ước tính tương đối đầy đủ.
---
Table: THUYẾT MINH BÁO CÁO TÀI CHÍNH
Item: Thuyết minh báo cáo tài chính
Value: 13. Phân phối lợi nhuận Lợi nhuận sau thuế thu nhập doanh nghiệp được phân phối cho các cổ đông sau khi đã trích lập các quỹ theo Điều lệ của Công ty cũng như các quy định của pháp luật và đã được Đại hội đồng cổ đông phê duyệt. Việc phân phối lợi nhuận cho các cổ đông được cân nhắc đến các khoản mục phi tiền tệ nằm trong lợi nhuận sau thuế chưa phân phối có thể ảnh hưởng đến luồng tiền và khả năng chi trả cổ tức như lãi do đánh giá lại tài sản mang đi góp vốn, lãi do đánh giá lại các khoản mục tiền tệ, các công cụ tài chính và các khoản mục phi tiền tệ khác. Cổ tức được ghi nhận là nợ phải trả khi được Đại hội đồng cổ đông phê duyệt.
---
Table: THUYẾT MINH BÁO CÁO TÀI CHÍNH
Item: Thuyết minh 4: Chu kỳ sản xuất, kinh doanh thông thường
Value: Chu kỳ sản xuất kinh doanh bình quân của hoạt động chuyển nhượng bất động sản của Công ty bắt đầu từ thời điểm xin giấy phép đầu tư, thực hiện giải phóng mặt bằng, xây dựng cơ bản cho đến thời điểm hoàn thiện. Do vậy, chu kỳ sản xuất kinh doanh của hoạt động chuyển nhượng bất động sản của Công ty thường trên 12 tháng.
---
Table: THUYẾT MINH BÁO CÁO TÀI CHÍNH
Item: Thuyết minh báo cáo tài chính
Value: Các khoản đầu tư vào công cụ vốn của đơn vị khác được ghi nhận ban đầu theo giá gốc, bao gồm giá mua hoặc khoản góp vốn cộng các chi phí trực tiếp liên quan đến hoạt động đầu tư. Cổ tức của các kỳ trước khi khoản đầu tư được mua được hạch toán giảm giá trị của chính khoản đầu tư đó. Cổ tức của các kỳ sau khi khoản đầu tư được mua được ghi nhận doanh thu. Cổ tức được nhận bằng cổ phiếu chỉ được theo dõi số lượng cổ phiếu tăng thêm, không ghi nhận giá trị cổ phiếu nhận được.
---
Table: THUYẾT MINH BÁO CÁO TÀI CHÍNH
Item: Thuyết minh báo cáo tài chính
Value: Giá gốc hàng tồn kho được xác định như sau: Chi phí sản xuất kinh doanh dở dang của các dự án bất động sản: bao gồm các chi phí thuê nhà thầu thực hiện các hạng mục của dự án bất động sản và các chi phí có liên quan trực tiếp khác. Hàng hóa bất động sản (là các bất động sản được xây dựng để bán trong quá trình hoạt động bình thường của Công ty): bao gồm chi phí quyền sử dụng đất, các chi phí trực tiếp và các chi phí chung có liên quan phát sinh trong quá trình đầu tư xây dựng bất động sản. Hàng hóa khác: bao gồm chi phí mua và các chi phí liên quan trực tiếp khác phát sinh để có được hàng tồn kho ở địa điểm và trạng thái hiện tại.
---
Table: THUYẾT MINH BÁO CÁO TÀI CHÍNH
Item: Thuyết minh 8: Chi phí trả trước dài hạn | Các chi phí trả trước dài hạn khác
Value: Số đầu năm: 77.774.900
---
Table: THUYẾT MINH BÁO CÁO TÀI CHÍNH
Item: Thuyết minh 8: Tài sản cố định vô hình
Value: Nguyên giá tài sản cố định vô hình bao gồm toàn bộ các chi phí mà Công ty phải bỏ ra để có được tài sản cố định tính đến thời điểm đưa tài sản đó vào trạng thái sẵn sàng sử dụng. Chi phí liên quan đến tài sản cố định vô hình phát sinh sau khi ghi nhận ban đầu được ghi nhận là chi phí sản xuất, kinh doanh trong kỳ trừ khi các chi phí này gắn liền với một tài sản cố định vô hình cụ thể và làm tăng lợi ích kinh tế từ các tài sản này.
---
Table: THUYẾT MINH BÁO CÁO TÀI CHÍNH
Item: Thuyết minh báo cáo tài chính
Value: 12. Chi phí xây dựng cơ bản dở dang",1,,608732,68741,0.7608695652173914,0.5971738088672175,0.9999999999888889,0.14285714285714285
200,Phân tích tác động của việc giảm người mua trả tiền trước ngắn hạn đến dòng tiền hoạt động của công ty.,"Dựa trên số liệu hiện có:

**3. Dòng tiền**
- **Người mua trả tiền trước ngắn hạn (ngắn hạn)**:
  - Số đầu năm: 175.052.735.650 ₫ (BẢNG CÂN ĐỐI KẾ TOÁN)
  - Số cuối kỳ: 101.716.698.889 ₫ (BẢNG CÂN ĐỐI KẾ TOÁN)
  - **Giảm**: 73.336.036.761 ₫
- **Lưu chuyển tiền thuần từ hoạt động kinh doanh (CFO)**:
  - Năm trước: (4.379.663.565) ₫ (BÁO CÁO LƯU CHUYỂN TIỀN TỆ)
  - Năm nay: 36.158.929.436 ₫ (BÁO CÁO LƯU CHUYỂN TIỀN TỆ)

*Nhận xét*:
- Việc giảm 73,34 tỷ ₫ trong người mua trả tiền trước ngắn hạn phản ánh giảm nguồn tiền mặt thu được từ khách hàng trả trước; theo phương pháp gián tiếp, giảm một khoản nợ ngắn hạn (hoặc tiền nhận trước) sẽ giảm lưu chuyển tiền từ hoạt động kinh doanh cùng mức.
- Tuy nhiên, CFO của công ty đã tăng mạnh lên 36,16 tỷ ₫ so với năm trước (từ âm 4,38 tỷ ₫), cho thấy các yếu tố khác (lợi nhuận sau thuế tăng, giảm tồn kho, giảm các khoản phải trả khác,…) đã bù đắp và thậm chí vượt quá tác động tiêu cực của giảm tiền trả trước.
- Do đó, dù giảm người mua trả tiền trước ngắn hạn là một rủi ro tiềm năng đối với dòng tiền hoạt động, công ty vẫn duy trì dòng tiền hoạt động dương mạnh nhờ hiệu suất kinh doanh và các biến động vốn lưu động khác.

**Kết luận tổng thể**
Việc giảm người mua trả tiền trước ngắn hạn làm giảm khoản tiền thu về 73,34 tỷ ₫, nhưng nhờ các cải thiện khác trong hoạt động kinh doanh, lưu chuyển tiền thuần từ hoạt động kinh doanh tăng đáng kể lên 36,16 tỷ ₫, nên tổng thể dòng tiền hoạt động vẫn dương và không bị ảnh hưởng nghiêm trọng.","Người mua trả tiền trước ngắn hạn đã giảm mạnh từ 175.052.735.650 VND đầu năm xuống 101.716.698.889 VND cuối kỳ (giảm 73.336.036.761 VND). Khoản mục này đại diện cho tiền mà công ty nhận được từ khách hàng trước khi cung cấp hàng hóa/dịch vụ (bất động sản). Việc giảm khoản mục này có tác động tiêu cực đến dòng tiền hoạt động của công ty. Điều này có thể xảy ra khi công ty đã bàn giao sản phẩm/dịch vụ cho khách hàng, chuyển khoản tiền này thành doanh thu, hoặc khi công ty nhận ít tiền đặt cọc/trả trước hơn từ khách hàng mới. Nếu là do bàn giao sản phẩm, điều này là tích cực về doanh thu, nhưng nó có nghĩa là một nguồn tài trợ không lãi suất đã giảm đi. Nếu là do nhận ít tiền trả trước từ khách hàng mới, điều này có thể phản ánh doanh số bán hàng chậm lại hoặc thay đổi chính sách bán hàng, từ đó ảnh hưởng đến khả năng huy động vốn ngắn hạn của công ty.",18,"Table: THUYẾT MINH BÁO CÁO TÀI CHÍNH
Subheading: 14. Người mua trả tiền trước ngắn hạn — Là khoản trả trước theo tiến độ của các khách hàng dự án Bất động sản, bao gồm:
Item: Cộng | Số cuối kỳ
Period: cuối
Value: 101.716.698.889
Note ref: V.14
---
Table: THUYẾT MINH BÁO CÁO TÀI CHÍNH
Subheading: 14. Người mua trả tiền trước ngắn hạn — Là khoản trả trước theo tiến độ của các khách hàng dự án Bất động sản, bao gồm:
Item: Cộng | Số đầu năm
Period: đầu
Value: 175.052.735.650
Note ref: V.14
---
Table: THUYẾT MINH BÁO CÁO TÀI CHÍNH
Subheading: 14. Người mua trả tiền trước ngắn hạn — Là khoản trả trước theo tiến độ của các khách hàng dự án Bất động sản, bao gồm:
Item: Dự án Đa hội | Số cuối kỳ
Period: cuối
Value: 4.773.842.332
Note ref: V.14
---
Table: THUYẾT MINH BÁO CÁO TÀI CHÍNH
Subheading: 14. Người mua trả tiền trước ngắn hạn — Là khoản trả trước theo tiến độ của các khách hàng dự án Bất động sản, bao gồm:
Item: Dự án Đa hội | Số đầu năm
Period: đầu
Value: 4.773.842.332
Note ref: V.14
---
Table: THUYẾT MINH BÁO CÁO TÀI CHÍNH
Subheading: 14. Người mua trả tiền trước ngắn hạn — Là khoản trả trước theo tiến độ của các khách hàng dự án Bất động sản, bao gồm:
Item: Dự án Phú Yên | Số cuối kỳ
Period: cuối
Value: 71.075.343.687
Note ref: V.14
---
Table: THUYẾT MINH BÁO CÁO TÀI CHÍNH
Subheading: 14. Người mua trả tiền trước ngắn hạn — Là khoản trả trước theo tiến độ của các khách hàng dự án Bất động sản, bao gồm:
Item: Dự án Phú Yên | Số đầu năm
Period: đầu
Value: 146.477.845.146
Note ref: V.14
---
Table: THUYẾT MINH BÁO CÁO TÀI CHÍNH
Subheading: 14. Người mua trả tiền trước ngắn hạn — Là khoản trả trước theo tiến độ của các khách hàng dự án Bất động sản, bao gồm:
Item: Dự án Mũi Né | Số cuối kỳ
Period: cuối
Value: 513.203.706
Note ref: V.14
---
Table: THUYẾT MINH BÁO CÁO TÀI CHÍNH
Subheading: 14. Người mua trả tiền trước ngắn hạn — Là khoản trả trước theo tiến độ của các khách hàng dự án Bất động sản, bao gồm:
Item: Dự án Mũi Né | Số đầu năm
Period: đầu
Value: 13.812.280.739
Note ref: V.14
---
Table: THUYẾT MINH BÁO CÁO TÀI CHÍNH
Subheading: 14. Người mua trả tiền trước ngắn hạn — Là khoản trả trước theo tiến độ của các khách hàng dự án Bất động sản, bao gồm:
Item: Dự án Apec Aquapark Bắc Giang | Số cuối kỳ
Period: cuối
Value: 25.354.309.164
Note ref: V.14
---
Table: THUYẾT MINH BÁO CÁO TÀI CHÍNH
Subheading: 14. Người mua trả tiền trước ngắn hạn — Là khoản trả trước theo tiến độ của các khách hàng dự án Bất động sản, bao gồm:
Item: Dự án Apec Aquapark Bắc Giang | Số đầu năm
Period: đầu
Value: 9.988.767.433
Note ref: V.14
---
Table: THUYẾT MINH BÁO CÁO TÀI CHÍNH
Item: Thuyết minh 14: Người mua trả tiền trước ngắn hạn | Cộng
Value: Số cuối kỳ: 101.716.698.889 | Số đầu năm: 175.052.735.650
---
Table: THUYẾT MINH BÁO CÁO TÀI CHÍNH
Item: Thuyết minh 14: Người mua trả tiền trước ngắn hạn | Dự án Đa hội
Value: Số cuối kỳ: 4.773.842.332 | Số đầu năm: 4.773.842.332
---
Table: THUYẾT MINH BÁO CÁO TÀI CHÍNH
Item: Thuyết minh 14: Người mua trả tiền trước ngắn hạn | Dự án Phú Yên
Value: Số cuối kỳ: 71.075.343.687 | Số đầu năm: 146.477.845.146
---
Table: THUYẾT MINH BÁO CÁO TÀI CHÍNH
Item: Thuyết minh 14: Người mua trả tiền trước ngắn hạn | Dự án Mũi Né
Value: Số cuối kỳ: 513.203.706 | Số đầu năm: 13.812.280.739
---
Table: THUYẾT MINH BÁO CÁO TÀI CHÍNH
Item: Thuyết minh 14: Người mua trả tiền trước ngắn hạn
Value: Là khoản trả trước theo tiến độ của các khách hàng dự án Bất động sản, bao gồm:
---
Table: BÁO CÁO LƯU CHUYỂN TIỀN TỆ
Item: Lưu chuyển tiền thuần từ hoạt động kinh doanh | Năm trước
Value: (4.379.663.565)
---
Table: BÁO CÁO LƯU CHUYỂN TIỀN TỆ
Item: Lưu chuyển tiền thuần từ hoạt động kinh doanh | Năm nay
Value: 36.158.929.436
---
Table: THUYẾT MINH BÁO CÁO TÀI CHÍNH
Item: Thuyết minh 13: Phải trả người bán ngắn hạn | Công ty Cổ phần Quản lý Vận hành Bất động sản Mandala
Value: Số cuối kỳ: 19.682.287",1,,178532,21050,0.26666666666666666,0.8329342572872157,0.8396565555580133,0.3333333333333333
201,Giải thích lý do phải trả CTCP Đầu tư Xây dựng Ricons không còn số dư cuối kỳ.,"Dựa trên số liệu hiện có, trong **Thuyết minh 13: Phải trả người bán ngắn hạn** của Công ty CP Tập Đoàn Đầu tư Xây Dựng Ricons, giá trị cuối kỳ được ghi là ""-"" trong khi số đầu năm là 16.482.655.152 đồng. Dấu ""-"" biểu thị không có số dư cuối kỳ, cho thấy khoản phải trả này đã được thanh toán toàn bộ trong năm, nên không còn dư nợ ở thời điểm cuối kỳ.","Phải trả CTCP Đầu tư Xây dựng Ricons không còn số dư cuối kỳ (0 VND) so với 16.482.655.152 VND đầu năm. Lý do có thể là công ty đã thanh toán toàn bộ nghĩa vụ nợ cho CTCP Đầu tư Xây dựng Ricons trong kỳ. Đây là một dấu hiệu tích cực về quản lý công nợ, cho thấy công ty đã hoàn thành việc thanh toán cho nhà cung cấp hoặc nhà thầu xây dựng này, giúp cải thiện tình hình nợ ngắn hạn.",19,"Table: THUYẾT MINH BÁO CÁO TÀI CHÍNH
Item: Thuyết minh 13: Phải trả người bán ngắn hạn | Công ty CP Tập Đoàn Đầu tư Xây Dựng Ricons
Value: Số cuối kỳ: - | Số đầu năm: 16.482.655.152
---
Table: THUYẾT MINH BÁO CÁO TÀI CHÍNH
Subheading: 13. Phải trả người bán ngắn hạn
Item: Công ty Cổ phần Đầu tư IDJ Việt Nam | Số cuối kỳ
Period: cuối
Value: 43.901.675.948
Note ref: V.13
---
Table: THUYẾT MINH BÁO CÁO TÀI CHÍNH
Subheading: 6. Các khoản phải thu khác
Item: Công ty TNHH Đầu tư và Xây dựng Đô thị Việt Thái - Đặt cọc | Số cuối kỳ Giá trị
Period: cuối
Value: 7.194.490.000
Note ref: V.6
---
Table: THUYẾT MINH BÁO CÁO TÀI CHÍNH
Subheading: 17a. Phải trả ngắn hạn khác
Item: Cộng | Số cuối kỳ
Period: cuối
Value: 153.679.202.110
Note ref: V.17a
---
Table: THUYẾT MINH BÁO CÁO TÀI CHÍNH
Subheading: 17b. Phải trả dài hạn khác
Item: Cộng | Số cuối kỳ
Period: cuối
Value: 46.440.397.112
Note ref: V.17b
---
Table: THUYẾT MINH BÁO CÁO TÀI CHÍNH
Subheading: 17a. Phải trả ngắn hạn khác
Item: Các khoản phải trả ngắn hạn khác | Số cuối kỳ
Period: cuối
Value: 3.010.459.022
Note ref: V.17a
---
Table: THUYẾT MINH BÁO CÁO TÀI CHÍNH
Subheading: 13. Phải trả người bán ngắn hạn
Item: Cộng | Số cuối kỳ
Period: cuối
Value: 71.005.972.408
Note ref: V.13
---
Table: THUYẾT MINH BÁO CÁO TÀI CHÍNH
Subheading: 16. Chi phí phải trả ngắn hạn
Item: Cộng | Số cuối kỳ
Period: cuối
Value: 81.623.567.164
Note ref: V.16
---
Table: THUYẾT MINH BÁO CÁO TÀI CHÍNH
Subheading: 17b. Phải trả dài hạn khác
Item: Ký quỹ, ký cược | Số cuối kỳ
Period: cuối
Value: 580.391.636
Note ref: V.17b
---
Table: THUYẾT MINH BÁO CÁO TÀI CHÍNH
Subheading: 16. Chi phí phải trả ngắn hạn
Item: Chi phí lãi vay phải trả | Số cuối kỳ
Period: cuối
Value: 11.570.981.974
Note ref: V.16
---
Table: THUYẾT MINH BÁO CÁO TÀI CHÍNH
Subheading: 17a. Phải trả ngắn hạn khác
Item: Cổ tức, lợi nhuận phải trả | Số cuối kỳ
Period: cuối
Value: 656.640.000
Note ref: V.17a
---
Table: THUYẾT MINH BÁO CÁO TÀI CHÍNH
Subheading: 17a. Phải trả ngắn hạn khác
Item: Kinh phí công đoàn | Số cuối kỳ
Period: cuối
Value: 248.034.488
Note ref: V.17a
---
Table: BẢNG CÂN ĐỐI KẾ TOÁN
Subheading: Tổng nợ phải trả
Item: C - NỢ PHẢI TRẢ | Số cuối năm
Period: cuối
Value: 778.449.407.564
---
Table: THUYẾT MINH BÁO CÁO TÀI CHÍNH
Subheading: 12. Chi phí xây dựng cơ bản dở dang — Là chương trình phần mềm, chi tiết như sau:
Item: Cộng | Số cuối kỳ
Period: cuối
Value: 66.493.520.213
Note ref: V.12
---
Table: THUYẾT MINH BÁO CÁO TÀI CHÍNH
Subheading: 12. Chi phí xây dựng cơ bản dở dang — Là chương trình phần mềm, chi tiết như sau:
Item: Các dự án khác | Số cuối kỳ
Period: cuối
Value: 7.792.882.942
Note ref: V.12
---
Table: BẢNG CÂN ĐỐI KẾ TOÁN
Item: Chi phí xây dựng cơ bản dở dang | Số cuối năm
Period: cuối
Value: 66.493.520.213
Note ref: V.12
---
Table: THUYẾT MINH BÁO CÁO TÀI CHÍNH
Subheading: 12. Chi phí xây dựng cơ bản dở dang — Là chương trình phần mềm, chi tiết như sau:
Item: Dự án Trung tâm thương mại Thái Nguyên | Số cuối kỳ
Period: cuối
Value: 58.700.637.271
Note ref: V.12
---
Table: THUYẾT MINH BÁO CÁO TÀI CHÍNH
Subheading: Giá trị còn lại
Item: Số cuối kỳ | Thiết bị, dụng cụ quản lý
Value: 10.415.879
Note ref: V.9
---
Table: THUYẾT MINH BÁO CÁO TÀI CHÍNH
Item: Thuyết minh 6: Các khoản phải thu khác | Công ty TNHH Đầu tư và Xây dựng Đô thị Việt Thái - Đặt cọc
Value: Số cuối kỳ Giá trị: 7.194.490.000 | Số cuối kỳ Dự phòng: - | Số đầu năm Giá trị: 7.194.490.000 | Số đầu năm Dự phòng: -",1,,34605,13289,0.8333333333333334,0.6436760742252668,0.9999999999,0.3333333333333333
202,"Nếu các khoản phải trả các bên liên quan tiếp tục tăng, điều này có thể báo hiệu rủi ro gì về quản trị?","Dựa trên số liệu hiện có, khoản **phải trả các bên liên quan** đã tăng từ 42.763.541.686 (đầu năm) lên 44.740.534.882 (cuối kỳ), tăng khoảng 1,98 tỷ đồng.  

Sự gia tăng này có thể báo hiệu các rủi ro quản trị sau:
- **Phụ thuộc vào bên liên quan**: Doanh nghiệp ngày càng dựa vào nguồn tài trợ hoặc giao dịch với các bên liên quan, làm tăng độ rủi ro khi các bên này gặp khó khăn tài chính.
- **Xung đột lợi ích**: Các khoản phải trả tăng có thể xuất phát từ giao dịch không theo giá thị trường, tiềm ẩn xung đột lợi ích và giảm tính minh bạch.
- **Kiểm soát và giám sát yếu**: Nếu không có quy trình phê duyệt, giám sát chặt chẽ, việc tăng các khoản phải trả bên liên quan có thể phản ánh thiếu kiểm soát nội bộ và quản trị yếu.
- **Rủi ro tín dụng và nợ xấu**: Khi các bên liên quan không trả được nợ, doanh nghiệp có thể phải ghi nhận các khoản dự phòng hoặc chịu lỗ, ảnh hưởng đến chất lượng tài sản.
- **Rủi ro về báo cáo tài chính**: Tăng các khoản này có thể tạo điều kiện cho việc điều chỉnh lợi nhuận thông qua giao dịch bên liên quan, gây lo ngại về tính trung thực của báo cáo tài chính.","Các khoản phải trả các bên liên quan đã tăng từ 42.763.541.686 VND đầu năm lên 44.740.534.882 VND cuối kỳ. Nếu xu hướng này tiếp tục tăng, điều này có thể báo hiệu một số rủi ro về quản trị:\n-   **Phụ thuộc vào các bên liên quan:** Công ty có thể ngày càng phụ thuộc vào các giao dịch với các bên liên quan để tài trợ hoạt động hoặc thanh toán các nghĩa vụ, điều này có thể tạo ra xung đột lợi ích hoặc thiếu tính khách quan.\n-   **Thiếu minh bạch:** Các giao dịch với bên liên quan thường ít minh bạch hơn so với giao dịch với các bên độc lập và có thể không phản ánh giá thị trường. Việc tăng nợ với bên liên quan có thể gây nghi ngờ về các điều khoản giao dịch.\n-   **Rủi ro về dòng tiền:** Nếu các bên liên quan gặp khó khăn tài chính, công ty có thể không thể huy động được nguồn vốn từ họ khi cần thiết hoặc gặp khó khăn trong việc thanh toán cho họ.  \nNhìn chung, việc tăng các khoản phải trả các bên liên quan cần được giám sát chặt chẽ để đảm bảo tính công bằng, minh bạch và quản trị hiệu quả.",27,"Table: THUYẾT MINH BÁO CÁO TÀI CHÍNH
Item: Thuyết minh 13: Phải trả người bán ngắn hạn | Phải trả các bên liên quan
Value: Số cuối kỳ: 44.740.534.882 | Số đầu năm: 42.763.541.686
---
Table: THUYẾT MINH BÁO CÁO TÀI CHÍNH
Subheading: 5. Phải thu về cho vay ngắn hạn — Là các khoản cho vay Bên liên quan, bao gồm:
Item: Cộng | Số cuối kỳ
Period: cuối
Value: 85.566.500.000
Note ref: V.5
---
Table: THUYẾT MINH BÁO CÁO TÀI CHÍNH
Subheading: 5. Phải thu về cho vay ngắn hạn — Là các khoản cho vay Bên liên quan, bao gồm:
Item: Cộng | Số đầu năm
Period: đầu
Value: 124.566.500.000
Note ref: V.5
---
Table: THUYẾT MINH BÁO CÁO TÀI CHÍNH
Item: 17a. Phải trả ngắn hạn khác | Các khoản phải trả ngắn hạn khác
Value: Số cuối kỳ: 3.010.459.022 | Số đầu năm: 35.240.039
---
Table: THUYẾT MINH BÁO CÁO TÀI CHÍNH
Subheading: 5. Phải thu về cho vay ngắn hạn — Là các khoản cho vay Bên liên quan, bao gồm:
Item: Công ty Cổ phần Tập đoàn Apec Group (lãi suất 13%/năm) | Số đầu năm
Period: đầu
Value: 98.000.000.000
Note ref: V.5
---
Table: THUYẾT MINH BÁO CÁO TÀI CHÍNH
Subheading: 13. Phải trả người bán ngắn hạn
Item: Phải trả các bên liên quan | Số cuối kỳ
Period: cuối
Value: 44.740.534.882
Note ref: V.13
---
Table: THUYẾT MINH BÁO CÁO TÀI CHÍNH
Subheading: 5. Phải thu về cho vay ngắn hạn — Là các khoản cho vay Bên liên quan, bao gồm:
Item: Công ty Cổ phần Tập đoàn Apec Group (lãi suất 13%/năm) | Số cuối kỳ
Period: cuối
Value: 68.000.000.000
Note ref: V.5
---
Table: THUYẾT MINH BÁO CÁO TÀI CHÍNH
Subheading: 13. Phải trả người bán ngắn hạn
Item: Phải trả các bên liên quan | Số đầu năm
Period: đầu
Value: 42.763.541.686
Note ref: V.13
---
Table: THUYẾT MINH BÁO CÁO TÀI CHÍNH
Subheading: 5. Phải thu về cho vay ngắn hạn — Là các khoản cho vay Bên liên quan, bao gồm:
Item: Công ty Cổ phần Chứng khoán Châu Á Thái Bình Dương (lãi suất 0%/năm) | Số đầu năm
Period: đầu
Value: 678.500.000
Note ref: V.5
---
Table: THUYẾT MINH BÁO CÁO TÀI CHÍNH
Subheading: 5. Phải thu về cho vay ngắn hạn — Là các khoản cho vay Bên liên quan, bao gồm:
Item: Công ty TNHH Đầu tư Châu Á - Thái Bình Dương - Bắc Ninh (lãi suất 12%/năm) | Số đầu năm
Period: đầu
Value: 7.000.000.000
Note ref: V.5
---
Table: THUYẾT MINH BÁO CÁO TÀI CHÍNH
Subheading: 5. Phải thu về cho vay ngắn hạn — Là các khoản cho vay Bên liên quan, bao gồm:
Item: Công ty Cổ phần Dịch vụ Du lịch Thiên đường Hồng (lãi suất 15%/năm) | Số đầu năm
Period: đầu
Value: 9.000.000.000
Note ref: V.5
---
Table: THUYẾT MINH BÁO CÁO TÀI CHÍNH
Subheading: 5. Phải thu về cho vay ngắn hạn — Là các khoản cho vay Bên liên quan, bao gồm:
Item: Công ty Cổ phần Thương mại và Du lịch Kim Bôi (lãi suất 13%/năm) | Số đầu năm
Period: đầu
Value: 9.888.000.000
Note ref: V.5
---
Table: THUYẾT MINH BÁO CÁO TÀI CHÍNH
Subheading: 5. Phải thu về cho vay ngắn hạn — Là các khoản cho vay Bên liên quan, bao gồm:
Item: Công ty Cổ phần Chứng khoán Châu Á Thái Bình Dương (lãi suất 0%/năm) | Số cuối kỳ
Period: cuối
Value: 678.500.000
Note ref: V.5
---
Table: THUYẾT MINH BÁO CÁO TÀI CHÍNH
Item: Thuyết minh 16: Chi phí phải trả ngắn hạn | Các chi phí phải trả ngắn hạn khác
Value: Số cuối kỳ: - | Số đầu năm: 1.767.586.446
---
Table: THUYẾT MINH BÁO CÁO TÀI CHÍNH
Subheading: 5. Phải thu về cho vay ngắn hạn — Là các khoản cho vay Bên liên quan, bao gồm:
Item: Công ty Cổ phần Thương mại và Du lịch Kim Bôi (lãi suất 13%/năm) | Số cuối kỳ
Period: cuối
Value: 9.888.000.000
Note ref: V.5
---
Table: THUYẾT MINH BÁO CÁO TÀI CHÍNH
Subheading: 5. Phải thu về cho vay ngắn hạn — Là các khoản cho vay Bên liên quan, bao gồm:
Item: Công ty TNHH Đầu tư Châu Á - Thái Bình Dương - Bắc Ninh (lãi suất 12%/năm) | Số cuối kỳ
Period: cuối
Value: 7.000.000.000
Note ref: V.5
---
Table: THUYẾT MINH BÁO CÁO TÀI CHÍNH
Item: Thuyết minh 6: Các khoản phải thu khác | Các khoản phải thu dài hạn khác
Value: Số cuối kỳ Giá trị: 328.250.000 | Số cuối kỳ Dự phòng: - | Số đầu năm Giá trị: 31.250.000 | Số đầu năm Dự phòng: -
---
Table: THUYẾT MINH BÁO CÁO TÀI CHÍNH
Item: Thuyết minh 6: Các khoản phải thu khác | Các khoản phải thu ngắn hạn khác
Value: Số cuối kỳ Giá trị: 5.727.143.845 | Số cuối kỳ Dự phòng: - | Số đầu năm Giá trị: 5.659.974.185 | Số đầu năm Dự phòng: -
---
Table: THUYẾT MINH BÁO CÁO TÀI CHÍNH
Item: Thuyết minh 4: Các khoản phải thu
Value: Các khoản nợ phải thu được trình bày theo giá trị ghi sổ trừ đi các khoản dự phòng phải thu khó đòi. Việc phân loại các khoản phải thu là phải thu khách hàng và phải thu khác được thực hiện theo nguyên tắc sau: Phải thu của khách hàng phản ánh các khoản phải thu mang tính chất thương mại phát sinh từ giao dịch có tính chất mua – bán giữa Công ty và người mua là đơn vị độc lập với Công ty. Phải thu khác phản ánh các khoản phải thu không có tính thương mại, không liên quan đến giao dịch mua – bán.
---
Table: THUYẾT MINH BÁO CÁO TÀI CHÍNH
Item: Thuyết minh 15: Thuế và các khoản phải nộp Nhà nước | Thuế và các khoản phải nộp Nhà Nước
Value: Số cuối kỳ: 189.777.117 | Số đầu năm: 572.128.041
---
Table: THUYẾT MINH BÁO CÁO TÀI CHÍNH
Item: Thuyết minh 13: Phải trả người bán ngắn hạn | Phải trả các nhà cung cấp khác
Value: Số cuối kỳ: 26.265.437.526 | Số đầu năm: 46.581.188.492
---
Table: THUYẾT MINH BÁO CÁO TÀI CHÍNH
Item: Thuyết minh 16: Chi phí phải trả ngắn hạn | Phải trả các tổ chức và cá nhân
Value: Số cuối kỳ: 81.623.567.164 | Số đầu năm: 92.849.850.808
---
Table: THUYẾT MINH BÁO CÁO TÀI CHÍNH
Item: Thuyết minh 18: Bên liên quan
Value: Các bên được coi là liên quan nếu một bên có khả năng kiểm soát hoặc có ảnh hưởng đáng kể đối với bên kia trong việc ra quyết định các chính sách tài chính và hoạt động. Các bên cũng được xem là bên liên quan nếu cùng chịu sự kiểm soát chung hay chịu ảnh hưởng đáng kể chung.
---
Table: THUYẾT MINH BÁO CÁO TÀI CHÍNH
Item: Thuyết minh 18: Bên liên quan
Value: Trong việc xem xét mối quan hệ của các bên liên quan, bản chất của mối quan hệ được chú trọng nhiều hơn hình thức pháp lý.
---
Table: THUYẾT MINH BÁO CÁO TÀI CHÍNH
Item: Thuyết minh báo cáo tài chính
Value: 11. Các khoản nợ phải trả và chi phí phải trả Các khoản nợ phải trả và chi phí phải trả được ghi nhận cho số tiền phải trả trong tương lai liên quan đến hàng hóa và dịch vụ đã nhận được. Chi phí phải trả được ghi nhận dựa trên các ước tính hợp lý về số tiền phải trả. Việc phân loại các khoản phải trả là phải trả người bán, chi phí phải trả, và phải trả khác được thực hiện theo nguyên tắc sau: Phải trả người bán phản ánh các khoản phải trả mang tính chất thương mại phát sinh từ giao dịch mua hàng hóa, dịch vụ, tài sản và người bán là đơn vị độc lập với Công ty. Chi phí phải trả phản ánh các khoản phải trả cho hàng hóa, dịch vụ đã nhận được từ người bán hoặc đã cung cấp cho người mua nhưng chưa chi trả do chưa có hóa đơn hoặc chưa đủ hồ sơ, tài liệu kế toán và các khoản phải trả cho người lao động về tiền lương nghỉ phép, các khoản chi phí sản xuất, kinh doanh phải trích trước. Phải trả khác phản ánh các khoản phải trả không có tính thương mại, không liên quan đến giao dịch mua, bán, cung cấp hàng hóa dịch vụ. Các khoản nợ phải trả và chi phí phải trả được phân loại ngắn hạn và dài hạn trên Bảng cân đối kế toán căn cứ theo kỳ hạn còn lại tại ngày kết thúc năm tài chính.
---
Table: THUYẾT MINH BÁO CÁO TÀI CHÍNH
Item: Thuyết minh báo cáo tài chính
Value: 15. Chi phí đi vay Chi phí đi vay bao gồm lãi tiền vay và các chi phí khác phát sinh liên quan trực tiếp đến các khoản vay. Chi phí đi vay được ghi nhận vào chi phí khi phát sinh. Trường hợp chi phí đi vay liên quan trực tiếp đến việc đầu tư xây dựng hoặc sản xuất tài sản dở dang cần có một thời gian đủ dài (trên 12 tháng) để có thể đưa vào sử dụng theo mục đích định trước hoặc bán thì chi phí đi vay này được tính vào giá trị của tài sản đó. Đối với khoản vay riêng phục vụ việc xây dựng tài sản cố định, bất động sản đầu tư, lãi vay được vốn hóa kể cả khi thời gian xây dựng dưới 12 tháng. Các khoản thu nhập phát sinh từ việc đầu tư tạm thời các khoản vay được ghi giảm nguyên giá tài sản có liên quan. Đối với các khoản vốn vay chung trong đó có sử dụng cho mục đích đầu tư xây dựng hoặc sản xuất tài sản dở dang thì chi phí đi vay vốn hóa được xác định theo tỷ lệ vốn hóa đối với chi phí lũy kế bình quân gia quyền phát sinh cho việc đầu tư xây dựng cơ bản hoặc sản xuất tài sản đó. Tỷ lệ vốn hóa được tính theo tỷ lệ lãi suất bình quân gia quyền của các khoản vay chưa trả trong năm, ngoại trừ các khoản vay riêng biệt phục vụ cho mục đích hình thành một tài sản cụ thể.
---
Table: THUYẾT MINH BÁO CÁO TÀI CHÍNH
Item: Thuyết minh 5: Phải thu về cho vay ngắn hạn
Value: Là các khoản cho vay Bên liên quan, bao gồm:",1,,277881,18263,0.13333333333333333,0.8568385613935593,0.5694444444254629,0.16666666666666666
203,Tổng thuế và các khoản phải nộp Nhà nước cuối kỳ là bao nhiêu VND?,"Số cuối năm của mục ""Thuế và các khoản phải nộp Nhà nước"" là 189.777.117 VND.",Tổng thuế và các khoản phải nộp Nhà nước cuối kỳ là 189.777.117 VND.,16,"Table: BẢNG CÂN ĐỐI KẾ TOÁN
Item: Thuế và các khoản phải nộp Nhà nước | Số cuối năm
Period: cuối
Value: 189.777.117
Note ref: V.15
---
Table: THUYẾT MINH BÁO CÁO TÀI CHÍNH
Item: Thuyết minh 15: Thuế và các khoản phải nộp Nhà nước | Thuế và các khoản phải nộp Nhà Nước
Value: Số cuối kỳ: 189.777.117 | Số đầu năm: 572.128.041
---
Table: THUYẾT MINH BÁO CÁO TÀI CHÍNH
Subheading: 15. Thuế và các khoản phải nộp Nhà nước
Item: Thuế và các khoản phải nộp Nhà Nước | Số cuối kỳ
Period: cuối
Value: 189.777.117
Note ref: V.15
---
Table: THUYẾT MINH BÁO CÁO TÀI CHÍNH
Subheading: 15. Thuế và các khoản phải nộp Nhà nước
Item: Thuế GTGT | Số cuối kỳ
Period: cuối
Value: 44.474.223
Note ref: V.15
---
Table: THUYẾT MINH BÁO CÁO TÀI CHÍNH
Subheading: 15. Thuế và các khoản phải nộp Nhà nước
Item: Thuế TNCN | Số cuối kỳ
Period: cuối
Value: 145.302.894
Note ref: V.15
---
Table: THUYẾT MINH BÁO CÁO TÀI CHÍNH
Subheading: 15. Thuế và các khoản phải nộp Nhà nước
Item: Cộng | Số cuối kỳ
Period: cuối
Value: 189.777.117
Note ref: V.15
---
Table: THUYẾT MINH BÁO CÁO TÀI CHÍNH
Subheading: 15. Thuế và các khoản phải nộp Nhà nước
Item: Thuế và các khoản phải nộp Nhà Nước | Số đầu năm
Period: đầu
Value: 572.128.041
Note ref: V.15
---
Table: THUYẾT MINH BÁO CÁO TÀI CHÍNH
Subheading: 15. Thuế và các khoản phải nộp Nhà nước
Item: Thuế GTGT | Số đầu năm
Period: đầu
Value: 245.608.944
Note ref: V.15
---
Table: THUYẾT MINH BÁO CÁO TÀI CHÍNH
Subheading: 15. Thuế và các khoản phải nộp Nhà nước
Item: Thuế TNCN | Số đầu năm
Period: đầu
Value: 148.957.841
Note ref: V.15
---
Table: THUYẾT MINH BÁO CÁO TÀI CHÍNH
Subheading: 15. Thuế và các khoản phải nộp Nhà nước
Item: Cộng | Số đầu năm
Period: đầu
Value: 572.128.041
Note ref: V.15
---
Table: THUYẾT MINH BÁO CÁO TÀI CHÍNH
Subheading: 15. Thuế và các khoản phải nộp Nhà nước
Item: Thuế TNDN | Số đầu năm
Period: đầu
Value: 177.561.256
Note ref: V.15
---
Table: THUYẾT MINH BÁO CÁO TÀI CHÍNH
Item: Thuyết minh 15: Thuế và các khoản phải nộp Nhà nước
Value: Thuế thu nhập doanh nghiệp Công ty phải nộp thuế thu nhập doanh nghiệp cho các khoản thu nhập tính thuế với thuế suất 20%.
---
Table: THUYẾT MINH BÁO CÁO TÀI CHÍNH
Item: Thuyết minh 15: Thuế và các khoản phải nộp Nhà nước
Value: Thuế giá trị gia tăng Công ty nộp thuế giá trị gia tăng theo phương pháp khấu trừ với thuế suất 8 - 10%.
---
Table: THUYẾT MINH BÁO CÁO TÀI CHÍNH
Item: Thuyết minh 15: Thuế và các khoản phải nộp Nhà nước | Thuế GTGT
Value: Số cuối kỳ: 44.474.223 | Số đầu năm: 245.608.944
---
Table: THUYẾT MINH BÁO CÁO TÀI CHÍNH
Item: Thuyết minh 15: Thuế và các khoản phải nộp Nhà nước | Thuế TNCN
Value: Số cuối kỳ: 145.302.894 | Số đầu năm: 148.957.841
---
Table: THUYẾT MINH BÁO CÁO TÀI CHÍNH
Item: Thuyết minh 15: Thuế và các khoản phải nộp Nhà nước | Thuế TNDN
Value: Số cuối kỳ: - | Số đầu năm: 177.561.256",1,,10326,8226,1.0,0.7554568694486615,0.91666666664375,1.0
204,Số dư chi phí trích trước cho Dự án Phú Yên cuối kỳ là bao nhiêu VND?,Số dư chi phí trích trước cho Dự án Phú Yên vào cuối kỳ là 41.929.707.706 VND.,Số dư chi phí trích trước cho Dự án Phú Yên cuối kỳ là 41.929.707.706 VND.,10,"Table: THUYẾT MINH BÁO CÁO TÀI CHÍNH
Subheading: 16. Chi phí phải trả ngắn hạn
Item: Trích trước chi phí dự án Phú Yên | Số cuối kỳ
Period: cuối
Value: 41.929.707.706
Note ref: V.16
---
Table: THUYẾT MINH BÁO CÁO TÀI CHÍNH
Subheading: 16. Chi phí phải trả ngắn hạn
Item: Trích trước chi phí dự án Bắc Giang | Số cuối kỳ
Period: cuối
Value: 25.512.823.827
Note ref: V.16
---
Table: THUYẾT MINH BÁO CÁO TÀI CHÍNH
Subheading: 16. Chi phí phải trả ngắn hạn
Item: Trích trước chi phí dự án Mũi Né | Số cuối kỳ
Period: cuối
Value: 2.610.053.657
Note ref: V.16
---
Table: THUYẾT MINH BÁO CÁO TÀI CHÍNH
Subheading: 8. Chi phí trả trước dài hạn
Item: Dự án Mandala Phú Yên (Condotel) | Số cuối kỳ
Period: cuối
Value: 19.106.949.648
Note ref: V.8
---
Table: THUYẾT MINH BÁO CÁO TÀI CHÍNH
Subheading: 8. Chi phí trả trước dài hạn
Item: Chi phí công cụ, dụng cụ | Số cuối kỳ
Period: cuối
Value: 1.141.547.635
Note ref: V.8
---
Table: THUYẾT MINH BÁO CÁO TÀI CHÍNH
Subheading: 8. Chi phí trả trước dài hạn
Item: Chi phí hoa hồng môi giới, thưởng bán hàng | Số cuối kỳ
Period: cuối
Value: 22.694.655.761
Note ref: V.8
---
Table: THUYẾT MINH BÁO CÁO TÀI CHÍNH
Subheading: 16. Chi phí phải trả ngắn hạn
Item: Chi phí lãi vay phải trả | Số cuối kỳ
Period: cuối
Value: 11.570.981.974
Note ref: V.16
---
Table: THUYẾT MINH BÁO CÁO TÀI CHÍNH
Subheading: 14. Người mua trả tiền trước ngắn hạn — Là khoản trả trước theo tiến độ của các khách hàng dự án Bất động sản, bao gồm:
Item: Dự án Phú Yên | Số cuối kỳ
Period: cuối
Value: 71.075.343.687
Note ref: V.14
---
Table: THUYẾT MINH BÁO CÁO TÀI CHÍNH
Subheading: 14. Người mua trả tiền trước ngắn hạn — Là khoản trả trước theo tiến độ của các khách hàng dự án Bất động sản, bao gồm:
Item: Dự án Đa hội | Số cuối kỳ
Period: cuối
Value: 4.773.842.332
Note ref: V.14
---
Table: THUYẾT MINH BÁO CÁO TÀI CHÍNH
Subheading: 14. Người mua trả tiền trước ngắn hạn — Là khoản trả trước theo tiến độ của các khách hàng dự án Bất động sản, bao gồm:
Item: Dự án Mũi Né | Số cuối kỳ
Period: cuối
Value: 513.203.706
Note ref: V.14",1,,24107,9771,1.0,0.7952239036563794,0.9999999999,1.0
205,Thuế suất VAT mà công ty phải nộp là bao nhiêu phần trăm?,Thuế suất VAT mà công ty phải nộp là từ 8% đến 10% (theo phương pháp khấu trừ).,Thuế suất VAT mà công ty phải nộp là 8% - 10%.,10,"Table: THUYẾT MINH BÁO CÁO TÀI CHÍNH
Item: Thuyết minh 15: Thuế và các khoản phải nộp Nhà nước
Value: Thuế thu nhập doanh nghiệp Công ty phải nộp thuế thu nhập doanh nghiệp cho các khoản thu nhập tính thuế với thuế suất 20%.
---
Table: THUYẾT MINH BÁO CÁO TÀI CHÍNH
Item: Thuyết minh 15: Thuế và các khoản phải nộp Nhà nước
Value: Thuế giá trị gia tăng Công ty nộp thuế giá trị gia tăng theo phương pháp khấu trừ với thuế suất 8 - 10%.
---
Table: THUYẾT MINH BÁO CÁO TÀI CHÍNH
Item: Thuyết minh 15: Thuế và các khoản phải nộp Nhà nước | Thuế GTGT
Value: Số cuối kỳ: 44.474.223 | Số đầu năm: 245.608.944
---
Table: THUYẾT MINH BÁO CÁO TÀI CHÍNH
Item: Thuyết minh 15: Thuế và các khoản phải nộp Nhà nước | Thuế TNCN
Value: Số cuối kỳ: 145.302.894 | Số đầu năm: 148.957.841
---
Table: THUYẾT MINH BÁO CÁO TÀI CHÍNH
Subheading: 5. Phải thu về cho vay ngắn hạn — Là các khoản cho vay Bên liên quan, bao gồm:
Item: Công ty Cổ phần Tập đoàn Apec Group (lãi suất 13%/năm) | Số đầu năm
Period: đầu
Value: 98.000.000.000
Note ref: V.5
---
Table: THUYẾT MINH BÁO CÁO TÀI CHÍNH
Subheading: 5. Phải thu về cho vay ngắn hạn — Là các khoản cho vay Bên liên quan, bao gồm:
Item: Công ty Cổ phần Tập đoàn Apec Group (lãi suất 13%/năm) | Số cuối kỳ
Period: cuối
Value: 68.000.000.000
Note ref: V.5
---
Table: THUYẾT MINH BÁO CÁO TÀI CHÍNH
Subheading: 5. Phải thu về cho vay ngắn hạn — Là các khoản cho vay Bên liên quan, bao gồm:
Item: Công ty Cổ phần Chứng khoán Châu Á Thái Bình Dương (lãi suất 0%/năm) | Số đầu năm
Period: đầu
Value: 678.500.000
Note ref: V.5
---
Table: THUYẾT MINH BÁO CÁO TÀI CHÍNH
Subheading: 5. Phải thu về cho vay ngắn hạn — Là các khoản cho vay Bên liên quan, bao gồm:
Item: Công ty Cổ phần Dịch vụ Du lịch Thiên đường Hồng (lãi suất 15%/năm) | Số đầu năm
Period: đầu
Value: 9.000.000.000
Note ref: V.5
---
Table: THUYẾT MINH BÁO CÁO TÀI CHÍNH
Subheading: 5. Phải thu về cho vay ngắn hạn — Là các khoản cho vay Bên liên quan, bao gồm:
Item: Công ty Cổ phần Thương mại và Du lịch Kim Bôi (lãi suất 13%/năm) | Số đầu năm
Period: đầu
Value: 9.888.000.000
Note ref: V.5
---
Table: THUYẾT MINH BÁO CÁO TÀI CHÍNH
Subheading: 5. Phải thu về cho vay ngắn hạn — Là các khoản cho vay Bên liên quan, bao gồm:
Item: Công ty Cổ phần Chứng khoán Châu Á Thái Bình Dương (lãi suất 0%/năm) | Số cuối kỳ
Period: cuối
Value: 678.500.000
Note ref: V.5",1,,20381,9580,1.0,0.8710472656991705,0.49999999995,1.0
206,So sánh tổng các khoản phải trả ngắn hạn khác cuối kỳ với đầu năm.,"Dựa trên số liệu hiện có, tổng các khoản phải trả ngắn hạn khác vào cuối kỳ là **153.679.202.110** đồng, vào đầu năm là **152.919.108.030** đồng. So sánh: tăng **760.094.080** đồng.","Tổng các khoản phải trả ngắn hạn khác cuối kỳ là 3.010.459.022 VND, trong khi đầu năm là 35.240.039 VND. Khoản này đã tăng lên đáng kể.",16,"Table: THUYẾT MINH BÁO CÁO TÀI CHÍNH
Item: 17a. Phải trả ngắn hạn khác | Các khoản phải trả ngắn hạn khác
Value: Số cuối kỳ: 3.010.459.022 | Số đầu năm: 35.240.039
---
Table: THUYẾT MINH BÁO CÁO TÀI CHÍNH
Subheading: 17a. Phải trả ngắn hạn khác
Item: Các khoản phải trả ngắn hạn khác | Số cuối kỳ
Period: cuối
Value: 3.010.459.022
Note ref: V.17a
---
Table: THUYẾT MINH BÁO CÁO TÀI CHÍNH
Subheading: 17a. Phải trả ngắn hạn khác
Item: Các khoản phải trả ngắn hạn khác | Số đầu năm
Period: đầu
Value: 35.240.039
Note ref: V.17a
---
Table: THUYẾT MINH BÁO CÁO TÀI CHÍNH
Item: Thuyết minh 16: Chi phí phải trả ngắn hạn | Các chi phí phải trả ngắn hạn khác
Value: Số cuối kỳ: - | Số đầu năm: 1.767.586.446
---
Table: THUYẾT MINH BÁO CÁO TÀI CHÍNH
Subheading: 13. Phải trả người bán ngắn hạn
Item: Phải trả các nhà cung cấp khác | Số cuối kỳ
Period: cuối
Value: 26.265.437.526
Note ref: V.13
---
Table: THUYẾT MINH BÁO CÁO TÀI CHÍNH
Item: Thuyết minh 13: Phải trả người bán ngắn hạn | Phải trả các nhà cung cấp khác
Value: Số cuối kỳ: 26.265.437.526 | Số đầu năm: 46.581.188.492
---
Table: THUYẾT MINH BÁO CÁO TÀI CHÍNH
Subheading: 13. Phải trả người bán ngắn hạn
Item: Các nhà cung cấp khác | Số cuối kỳ
Period: cuối
Value: 26.265.437.526
Note ref: V.13
---
Table: THUYẾT MINH BÁO CÁO TÀI CHÍNH
Subheading: 13. Phải trả người bán ngắn hạn
Item: Phải trả các nhà cung cấp khác | Số đầu năm
Period: đầu
Value: 46.581.188.492
Note ref: V.13
---
Table: THUYẾT MINH BÁO CÁO TÀI CHÍNH
Subheading: 16. Chi phí phải trả ngắn hạn
Item: Các chi phí phải trả ngắn hạn khác | Số đầu năm
Period: đầu
Value: 1.767.586.446
Note ref: V.16
---
Table: THUYẾT MINH BÁO CÁO TÀI CHÍNH
Subheading: 16. Chi phí phải trả ngắn hạn
Item: Phải trả các tổ chức và cá nhân | Số cuối kỳ
Period: cuối
Value: 81.623.567.164
Note ref: V.16
---
Table: THUYẾT MINH BÁO CÁO TÀI CHÍNH
Subheading: 16. Chi phí phải trả ngắn hạn
Item: Phải trả các tổ chức và cá nhân | Số đầu năm
Period: đầu
Value: 92.849.850.808
Note ref: V.16
---
Table: THUYẾT MINH BÁO CÁO TÀI CHÍNH
Subheading: 17a. Phải trả ngắn hạn khác
Item: Cộng | Số cuối kỳ
Period: cuối
Value: 153.679.202.110
Note ref: V.17a
---
Table: THUYẾT MINH BÁO CÁO TÀI CHÍNH
Subheading: 17a. Phải trả ngắn hạn khác
Item: Cộng | Số đầu năm
Period: đầu
Value: 152.919.108.030
Note ref: V.17a
---
Table: THUYẾT MINH BÁO CÁO TÀI CHÍNH
Subheading: 17a. Phải trả ngắn hạn khác
Item: Nhận tiền góp vốn của các tổ chức, cá nhân vào dự án () | Số cuối kỳ
Period: cuối
Value: 126.229.443.045
Note ref: V.17a
---
Table: THUYẾT MINH BÁO CÁO TÀI CHÍNH
Item: Thuyết minh 6: Các khoản phải thu khác | Các khoản phải thu ngắn hạn khác
Value: Số cuối kỳ Giá trị: 5.727.143.845 | Số cuối kỳ Dự phòng: - | Số đầu năm Giá trị: 5.659.974.185 | Số đầu năm Dự phòng: -
---
Table: THUYẾT MINH BÁO CÁO TÀI CHÍNH
Subheading: 17a. Phải trả ngắn hạn khác
Item: Nhận tiền góp vốn của các tổ chức, cá nhân vào dự án () | Số đầu năm
Period: đầu
Value: 131.537.716.553
Note ref: V.17a",1,,146372,10474,1.0,0.8178704057309597,0.9999999999666667,1.0
207,Đánh giá xu hướng biến động của các khoản chi phí phải trả ngắn hạn từ đầu năm đến cuối kỳ.,"Dựa trên số liệu hiện có:

**1. Thanh khoản và an toàn tài chính**
- **Chi phí phải trả ngắn hạn (tổng cộng)**: Số đầu năm = 92,849,850,808 đ → Số cuối kỳ = 81,623,567,164 đ (BẢNG CÂN ĐỐI KẾ TOÁN)
  - Thay đổi: -11,226,283,644 đ, giảm khoảng **12.1 %**
- **Chi phí lãi vay phải trả**: Đầu năm = 13,826,762,941 đ → Cuối kỳ = 11,570,981,974 đ (BẢNG CÂN ĐỐI KẾ TOÁN)
  - Thay đổi: -2,255,780,967 đ, giảm **16.3 %**
- **Các chi phí phải trả ngắn hạn khác**: Đầu năm = 1,767,586,446 đ → Cuối kỳ = 0 đ (giả định bằng 0) (BẢNG CÂN ĐỐI KẾ TOÁN)
  - Thay đổi: -1,767,586,446 đ, giảm **100 %**
- **Trích trước chi phí dự án**
  - *Dự án Mũi Né*: không có số đầu năm, Cuối kỳ = 2,610,053,657 đ (BẢNG CÂN ĐỐI KẾ TOÁN)
  - *Dự án Phú Yên*: Đầu năm = 49,650,705,253 đ → Cuối kỳ = 41,929,707,706 đ → giảm **7,720,997,547 đ** (**15.6 %**)
  - *Dự án Bắc Giang*: Đầu năm = 27,604,796,168 đ → Cuối kỳ = 25,512,823,827 đ → giảm **2,091,972,341 đ** (**7.6 %**)

*Nhận xét*:
- Tổng chi phí phải trả ngắn hạn giảm khoảng **12 %** trong kỳ, cho thấy doanh nghiệp đã giảm bớt các khoản nợ ngắn hạn hoặc thanh toán nhanh hơn.
- Giảm mạnh nhất đến từ ""các chi phí phải trả ngắn hạn khác"" (giảm **100 %**), có thể do các khoản nợ phụ trợ đã được thanh toán.
- Chi phí lãi vay phải trả giảm **16 %**, phản ánh việc giảm vay ngắn hạn hoặc cải thiện lãi suất.
- Các khoản trích trước chi phí dự án vẫn chiếm phần lớn trong tổng số, tuy giảm nhưng vẫn có quy mô đáng kể, đặc biệt là dự án Phú Yên.
- Xu hướng chung là giảm, hỗ trợ khả năng thanh toán nợ ngắn hạn tốt hơn so với đầu năm.

**Kết luận tổng thể**
- Các khoản chi phí phải trả ngắn hạn đã giảm đáng kể, đặc biệt là chi phí lãi vay và các chi phí phụ trợ, cho thấy cải thiện khả năng thanh khoản và an toàn tài chính của doanh nghiệp trong kỳ.","Các khoản chi phí phải trả ngắn hạn đã giảm từ 92.849.850.808 VND đầu năm xuống 81.623.567.164 VND cuối kỳ. Điều này cho thấy công ty đã thanh toán một phần các chi phí đã phát sinh trong kỳ hoặc các ước tính chi phí đã được điều chỉnh giảm. Cụ thể, chi phí trích trước cho Dự án Phú Yên và Dự án Bắc Giang đã giảm, trong khi chi phí lãi vay phải trả cũng giảm. Sự giảm này có thể là một dấu hiệu tích cực về việc quản lý tốt các nghĩa vụ ngắn hạn và giảm áp lực dòng tiền trong tương lai gần.",27,"Table: BẢNG CÂN ĐỐI KẾ TOÁN
Item: Chi phí phải trả ngắn hạn | Số cuối năm
Period: cuối
Value: 81.623.567.164
Note ref: V.16
---
Table: BẢNG CÂN ĐỐI KẾ TOÁN
Item: Chi phí phải trả ngắn hạn | Số đầu năm
Period: đầu
Value: 92.849.850.808
Note ref: V.16
---
Table: THUYẾT MINH BÁO CÁO TÀI CHÍNH
Subheading: 16. Chi phí phải trả ngắn hạn
Item: Cộng | Số cuối kỳ
Period: cuối
Value: 81.623.567.164
Note ref: V.16
---
Table: THUYẾT MINH BÁO CÁO TÀI CHÍNH
Subheading: 16. Chi phí phải trả ngắn hạn
Item: Cộng | Số đầu năm
Period: đầu
Value: 92.849.850.808
Note ref: V.16
---
Table: THUYẾT MINH BÁO CÁO TÀI CHÍNH
Item: Thuyết minh 16: Chi phí phải trả ngắn hạn | Các chi phí phải trả ngắn hạn khác
Value: Số cuối kỳ: - | Số đầu năm: 1.767.586.446
---
Table: THUYẾT MINH BÁO CÁO TÀI CHÍNH
Subheading: 16. Chi phí phải trả ngắn hạn
Item: Các chi phí phải trả ngắn hạn khác | Số đầu năm
Period: đầu
Value: 1.767.586.446
Note ref: V.16
---
Table: THUYẾT MINH BÁO CÁO TÀI CHÍNH
Subheading: 16. Chi phí phải trả ngắn hạn
Item: Phải trả các tổ chức và cá nhân | Số cuối kỳ
Period: cuối
Value: 81.623.567.164
Note ref: V.16
---
Table: THUYẾT MINH BÁO CÁO TÀI CHÍNH
Subheading: 16. Chi phí phải trả ngắn hạn
Item: Phải trả các tổ chức và cá nhân | Số đầu năm
Period: đầu
Value: 92.849.850.808
Note ref: V.16
---
Table: THUYẾT MINH BÁO CÁO TÀI CHÍNH
Subheading: 16. Chi phí phải trả ngắn hạn
Item: Chi phí lãi vay phải trả | Số cuối kỳ
Period: cuối
Value: 11.570.981.974
Note ref: V.16
---
Table: THUYẾT MINH BÁO CÁO TÀI CHÍNH
Subheading: 16. Chi phí phải trả ngắn hạn
Item: Chi phí lãi vay phải trả | Số đầu năm
Period: đầu
Value: 13.826.762.941
Note ref: V.16
---
Table: THUYẾT MINH BÁO CÁO TÀI CHÍNH
Subheading: 16. Chi phí phải trả ngắn hạn
Item: Trích trước chi phí dự án Mũi Né | Số cuối kỳ
Period: cuối
Value: 2.610.053.657
Note ref: V.16
---
Table: THUYẾT MINH BÁO CÁO TÀI CHÍNH
Subheading: 16. Chi phí phải trả ngắn hạn
Item: Trích trước chi phí dự án Phú Yên | Số cuối kỳ
Period: cuối
Value: 41.929.707.706
Note ref: V.16
---
Table: THUYẾT MINH BÁO CÁO TÀI CHÍNH
Subheading: 16. Chi phí phải trả ngắn hạn
Item: Trích trước chi phí dự án Phú Yên | Số đầu năm
Period: đầu
Value: 49.650.705.253
Note ref: V.16
---
Table: THUYẾT MINH BÁO CÁO TÀI CHÍNH
Subheading: 16. Chi phí phải trả ngắn hạn
Item: Trích trước chi phí dự án Bắc Giang | Số cuối kỳ
Period: cuối
Value: 25.512.823.827
Note ref: V.16
---
Table: THUYẾT MINH BÁO CÁO TÀI CHÍNH
Subheading: 16. Chi phí phải trả ngắn hạn
Item: Trích trước chi phí dự án Bắc Giang | Số đầu năm
Period: đầu
Value: 27.604.796.168
Note ref: V.16
---
Table: THUYẾT MINH BÁO CÁO TÀI CHÍNH
Item: Thuyết minh 16: Chi phí phải trả ngắn hạn | Chi phí lãi vay phải trả
Value: Số cuối kỳ: 11.570.981.974 | Số đầu năm: 13.826.762.941
---
Table: THUYẾT MINH BÁO CÁO TÀI CHÍNH
Item: 17a. Phải trả ngắn hạn khác | Các khoản phải trả ngắn hạn khác
Value: Số cuối kỳ: 3.010.459.022 | Số đầu năm: 35.240.039
---
Table: THUYẾT MINH BÁO CÁO TÀI CHÍNH
Subheading: 17a. Phải trả ngắn hạn khác
Item: Các khoản phải trả ngắn hạn khác | Số cuối kỳ
Period: cuối
Value: 3.010.459.022
Note ref: V.17a
---
Table: THUYẾT MINH BÁO CÁO TÀI CHÍNH
Item: Thuyết minh 16: Chi phí phải trả ngắn hạn | Phải trả các tổ chức và cá nhân
Value: Số cuối kỳ: 81.623.567.164 | Số đầu năm: 92.849.850.808
---
Table: THUYẾT MINH BÁO CÁO TÀI CHÍNH
Item: Thuyết minh 16: Chi phí phải trả ngắn hạn | Cộng
Value: Số cuối kỳ: 81.623.567.164 | Số đầu năm: 92.849.850.808
---
Table: THUYẾT MINH BÁO CÁO TÀI CHÍNH
Subheading: 17a. Phải trả ngắn hạn khác
Item: Các khoản phải trả ngắn hạn khác | Số đầu năm
Period: đầu
Value: 35.240.039
Note ref: V.17a
---
Table: THUYẾT MINH BÁO CÁO TÀI CHÍNH
Item: Thuyết minh 6: Các khoản phải thu khác | Các khoản phải thu ngắn hạn khác
Value: Số cuối kỳ Giá trị: 5.727.143.845 | Số cuối kỳ Dự phòng: - | Số đầu năm Giá trị: 5.659.974.185 | Số đầu năm Dự phòng: -
---
Table: THUYẾT MINH BÁO CÁO TÀI CHÍNH
Subheading: 9. Chi phí khác
Item: Chi phí khác | Luỹ kế từ đầu năm đến cuối kỳ này Năm nay
Value: 2.817.625.199
Note ref: V.9
---
Table: THUYẾT MINH BÁO CÁO TÀI CHÍNH
Subheading: 9. Chi phí khác
Item: Chi phí khác | Luỹ kế từ đầu năm đến cuối kỳ này Năm trước
Value: 8.952.535.848
Note ref: V.9
---
Table: THUYẾT MINH BÁO CÁO TÀI CHÍNH
Subheading: 9. Chi phí khác
Item: Cộng | Luỹ kế từ đầu năm đến cuối kỳ này Năm nay
Value: 2.817.625.199
Note ref: V.9
---
Table: THUYẾT MINH BÁO CÁO TÀI CHÍNH
Subheading: 9. Chi phí khác
Item: Cộng | Luỹ kế từ đầu năm đến cuối kỳ này Năm trước
Value: 8.952.535.848
Note ref: V.9
---
Table: THUYẾT MINH BÁO CÁO TÀI CHÍNH
Item: Thuyết minh 8: Chi phí trả trước dài hạn | Các chi phí trả trước dài hạn khác
Value: Số đầu năm: 77.774.900",1,,479887,23915,0.90625,0.7272276422714299,0.5969454887143427,0.5
208,Phân tích tác động của việc nhận vốn góp từ các tổ chức và cá nhân trong các dự án đến tình hình tài chính của công ty.,"Dựa trên số liệu hiện có:

**2. Thanh khoản và an toàn tài chính** (agent_liquidity_solvency)
- **Hệ số thanh khoản ngắn hạn (Current Ratio)**: 984.330.724.539 / 566.994.110.452 ≈ 1.74 (BẢNG CÂN ĐỐI KẾ TOÁN).
- **Hệ số tiền mặt (Cash Ratio)**: 97.964.405.114 / 566.994.110.452 ≈ 0.17 (BẢNG CÂN ĐỐI KẾ TOÁN).
- **Hệ số nợ trên vốn (Debt‑to‑Equity)**: (566.994.110.452 + 211.455.297.112) / 884.244.721.299 ≈ 0.88 (BẢNG CÂN ĐỐI KẾ TOÁN).
- **Vốn góp nhận được**: cuối kỳ 126.229.443.045 vnđ (giảm so với đầu năm 131.537.716.553 vnđ) – ghi nhận dưới nợ ngắn hạn (BẢNG CÂN ĐỐI KẾ TOÁN).

*Nhận xét*:
- Current Ratio > 1.5 cho thấy khả năng thanh toán ngắn hạn vẫn ổn, nhưng phần vốn góp được tính là nợ ngắn hạn làm giảm tỷ lệ này; nếu loại bỏ vốn góp, Current Ratio sẽ tăng lên ≈ 2.23.
- Cash Ratio chỉ 0.17, phản ánh tiền mặt chưa đủ để trang trải toàn bộ nợ ngắn hạn, tuy nhiên việc tăng tiền mặt nhờ vốn góp đã cải thiện chỉ số này.
- Debt‑to‑Equity dưới 1 (≈ 0.88) cho thấy cấu trúc tài chính khá ổn, nhưng mức nợ ngắn hạn cao do vốn góp chưa chuyển thành vốn cổ phần tạo áp lực rủi ro nếu dự án không thành công.

**3. Dòng tiền** (agent_cashflow_analysis)
- **Tiền và các khoản tương đương tiền**: đầu năm 60.575.342.749 vnđ, cuối năm 97.964.405.114 vnđ, tăng 37.389.062.365 vnđ (BÁO CÁO LƯU CHUYỂN TIỀN TỆ).
- **Lưu chuyển tiền thuần từ hoạt động kinh doanh (CFO)**: 36.158.929.436 vnđ (Năm nay) (BÁO CÁO LƯU CHUYỂN TIỀN TỆ).
- **Lưu chuyển tiền thuần từ hoạt động đầu tư (CFI)**: 40.218.532.929 vnđ (Năm nay) (BÁO CÁO LƯU CHUYỂN TIỀN TỆ).
- **Nhận tiền góp vốn của các tổ chức, cá nhân vào dự án**: đầu năm 131.537.716.553 vnđ, cuối kỳ 126.229.443.045 vnđ, giảm 5.308.273.508 vnđ (BÁO CÁO LƯU CHUYỂN TIỀN TỆ).
- **Nguồn vốn chủ sở hữu**: giảm 10.849.716.013 vnđ so với đầu năm (BẢNG CÂN ĐỐI KẾ TOÁN).
- **Dòng tiền tài trợ (CFF)**: \(CFF = (Tiền cuối – Tiền đầu) – CFO – CFI\) = 37.389.062.365 – 36.158.929.436 – 40.218.532.929 = -38.988.400.000 vnđ (lưu chuyển tiền thuần từ hoạt động tài chính ròng âm) (BÁO CÁO LƯU CHUYỂN TIỀN TỆ).

*Nhận xét*:
- Vốn góp tăng tiền mặt (≈ 37 tỷ vnđ) nhưng đồng thời giảm nguồn vốn chủ sở hữu do lợi nhuận chưa phân phối âm và dòng tiền tài trợ ròng âm.
- CFO dương (≈ 36 tỷ) cho thấy hoạt động kinh doanh tạo tiền mặt tốt, nhưng CFI dương (≈ 40 tỷ) phản ánh chi tiêu đầu tư lớn; sự chênh lệch này dẫn tới nhu cầu tài trợ tài chính.
- Dòng tiền tài trợ âm gần 39 tỷ cho thấy công ty đã trả nhiều tiền cho các mục đích tài chính (trả nợ, cổ tức, hoặc trả lại vốn) vượt quá tiền góp mới, làm giảm vốn chủ sở hữu.

**Kết luận tổng thể**
- Nhận vốn góp làm tăng thanh khoản tức thời bằng cách nâng tiền và các khoản tương đương tiền, cải thiện Cash Ratio và hỗ trợ khả năng trả nợ ngắn hạn.
- Tuy nhiên, vì vốn góp vẫn được ghi nhận là nợ ngắn hạn, nó làm tăng tỷ lệ nợ trên vốn và tạo áp lực lên Current Ratio.
- Dòng tiền tài trợ âm và giảm vốn chủ sở hữu cho thấy phần lớn vốn góp đã được tiêu dùng cho hoạt động đầu tư và trả nợ, chứ không tăng giá trị thực tế của vốn chủ sở hữu.
- Công ty cần chuyển đổi vốn góp thành vốn cổ phần (hoặc giảm nợ ngắn hạn) để tận dụng lợi thế thanh khoản mà không làm tăng rủi ro đòn bẩy tài chính.","Việc nhận vốn góp từ các tổ chức và cá nhân trong các dự án (như Dự án Khu đô thị số 5, Mandala Phú Yên, Thái Nguyên Plaza, Aqua Park Bắc Giang, Khu công nghiệp Đa Hội) là một nguồn tài trợ quan trọng cho công ty, đặc biệt là trong lĩnh vực bất động sản. Khoản mục này là một khoản phải trả ngắn hạn khác và có giá trị lớn (126.229.443.045 VND cuối kỳ). Tác động của việc này đến tình hình tài chính bao gồm:\n-   **Huy động vốn không lãi suất:** Công ty có thể huy động vốn để tài trợ cho các dự án mà không phải trả lãi vay, giúp giảm chi phí tài chính.\n-   **Rủi ro chuyển đổi:** Khoản vốn góp này sẽ được chuyển đổi thành khoản thanh toán đầu tiên của giá bán nhà khi đủ điều kiện pháp lý để ký hợp đồng mua bán. Điều này có nghĩa là công ty có nghĩa vụ phải hoàn thành dự án và đáp ứng các điều kiện pháp lý để chuyển đổi khoản nợ này thành doanh thu.\n-   **Tăng khả năng thực hiện dự án:** Nguồn vốn này giúp công ty có đủ nguồn lực để triển khai và hoàn thiện các dự án.\nTuy nhiên, công ty cũng phải đối mặt với rủi ro nếu dự án bị chậm tiến độ hoặc không đủ điều kiện pháp lý, dẫn đến khả năng phải hoàn trả vốn góp hoặc gặp tranh chấp.",112,"Table: BẢNG CÂN ĐỐI KẾ TOÁN
Item: Vốn góp của chủ sở hữu | Số đầu năm
Period: đầu
Value: 840.839.760.000
---
Table: BẢNG CÂN ĐỐI KẾ TOÁN
Item: Vốn góp của chủ sở hữu | Số cuối năm
Period: cuối
Value: 840.839.760.000
---
Table: THUYẾT MINH BÁO CÁO TÀI CHÍNH
Subheading: 19a. Bảng đối chiếu biến động của vốn chủ sở hữu — Kỳ trước
Item: Số đầu năm | Vốn đầu tư của chủ sở hữu
Value: 840.839.760.000
Note ref: V.19a
---
Table: THUYẾT MINH BÁO CÁO TÀI CHÍNH
Subheading: 19a. Bảng đối chiếu biến động của vốn chủ sở hữu — Kỳ trước
Item: Số dư cuối kỳ | Vốn đầu tư của chủ sở hữu
Value: 840.839.760.000
Note ref: V.19a
---
Table: THUYẾT MINH BÁO CÁO TÀI CHÍNH
Subheading: 19a. Bảng đối chiếu biến động của vốn chủ sở hữu — Kỳ này
Item: Số dư đầu năm | Vốn đầu tư của chủ sở hữu
Value: 840.839.760.000
Note ref: V.19a
---
Table: BẢNG CÂN ĐỐI KẾ TOÁN
Subheading: Tổng vốn chủ sở hữu
Item: D - NGUỒN VỐN CHỦ SỞ HỮU | Số đầu năm
Period: đầu
Value: 895.094.437.312
---
Table: THUYẾT MINH BÁO CÁO TÀI CHÍNH
Item: 17a. Phải trả ngắn hạn khác | Nhận tiền góp vốn của các tổ chức, cá nhân vào dự án ()
Value: Số cuối kỳ: 126.229.443.045 | Số đầu năm: 131.537.716.553
---
Table: THUYẾT MINH BÁO CÁO TÀI CHÍNH
Subheading: 19a. Bảng đối chiếu biến động của vốn chủ sở hữu — Kỳ trước
Item: Lợi nhuận trong kỳ | Cộng
Value: (48.187.112.561)
Note ref: V.19a
---
Table: THUYẾT MINH BÁO CÁO TÀI CHÍNH
Subheading: 19a. Bảng đối chiếu biến động của vốn chủ sở hữu — Kỳ này
Item: Lợi nhuận trong kỳ | Cộng
Value: (10.849.716.013)
Note ref: V.19a
---
Table: THUYẾT MINH BÁO CÁO TÀI CHÍNH
Subheading: 19a. Bảng đối chiếu biến động của vốn chủ sở hữu — Kỳ trước
Item: Lợi nhuận trong kỳ | Lợi nhuận sau thuế chưa phân phối
Value: (48.187.112.561)
Note ref: V.19a
---
Table: THUYẾT MINH BÁO CÁO TÀI CHÍNH
Subheading: 19a. Bảng đối chiếu biến động của vốn chủ sở hữu — Kỳ này
Item: Lợi nhuận trong kỳ | Lợi nhuận sau thuế chưa phân phối
Value: (10.849.716.013)
Note ref: V.19a
---
Table: THUYẾT MINH BÁO CÁO TÀI CHÍNH
Subheading: 19a. Bảng đối chiếu biến động của vốn chủ sở hữu — Kỳ trước
Item: Số đầu năm | Cộng
Value: 943.281.549.873
Note ref: V.19a
---
Table: THUYẾT MINH BÁO CÁO TÀI CHÍNH
Subheading: 19a. Bảng đối chiếu biến động của vốn chủ sở hữu — Kỳ trước
Item: Số dư cuối kỳ | Cộng
Value: 895.094.437.312
Note ref: V.19a
---
Table: THUYẾT MINH BÁO CÁO TÀI CHÍNH
Subheading: 19a. Bảng đối chiếu biến động của vốn chủ sở hữu — Kỳ này
Item: Số dư cuối kỳ | Cộng
Value: 884.244.721.299
Note ref: V.19a
---
Table: THUYẾT MINH BÁO CÁO TÀI CHÍNH
Subheading: 19a. Bảng đối chiếu biến động của vốn chủ sở hữu — Kỳ này
Item: Số dư đầu năm | Cộng
Value: 895.094.437.312
Note ref: V.19a
---
Table: BẢNG CÂN ĐỐI KẾ TOÁN
Subheading: Tổng vốn chủ sở hữu
Item: D - NGUỒN VỐN CHỦ SỞ HỮU | Số cuối năm
Period: cuối
Value: 884.244.721.299
---
Table: THUYẾT MINH BÁO CÁO TÀI CHÍNH
Subheading: 19a. Bảng đối chiếu biến động của vốn chủ sở hữu — Kỳ trước
Item: Số đầu năm | Lợi nhuận sau thuế chưa phân phối
Value: 102.441.789.873
Note ref: V.19a
---
Table: THUYẾT MINH BÁO CÁO TÀI CHÍNH
Subheading: 19a. Bảng đối chiếu biến động của vốn chủ sở hữu — Kỳ trước
Item: Số dư cuối kỳ | Lợi nhuận sau thuế chưa phân phối
Value: 54.254.677.312
Note ref: V.19a
---
Table: BẢNG CÂN ĐỐI KẾ TOÁN
Subheading: Tổng nợ dài hạn
Item: II. Nợ dài hạn | Số cuối năm
Period: cuối
Value: 211.455.297.112
---
Table: BẢNG CÂN ĐỐI KẾ TOÁN
Subheading: Tổng nợ dài hạn
Item: II. Nợ dài hạn | Số đầu năm
Period: đầu
Value: 115.369.440.931
---
Table: THUYẾT MINH BÁO CÁO TÀI CHÍNH
Item: 18a. Vay ngắn hạn | Kết chuyển từ vay và nợ dài hạn
Value: Khoản mục: Kết chuyển từ vay và nợ dài hạn | Số cuối kỳ Giá trị: 19.424.900.000 | Số cuối kỳ Khả năng trả nợ: 19.424.900.000 | Trong kỳ Tăng: 19.424.900.000
---
Table: THUYẾT MINH BÁO CÁO TÀI CHÍNH
Item: 18a. Vay ngắn hạn | Vay dài hạn các cá nhân
Value: Khoản mục: Vay dài hạn các cá nhân | Số cuối kỳ Giá trị: 184.439.800.000 | Số cuối kỳ Khả năng trả nợ: 184.439.800.000 | Trong kỳ Tăng: 114.959.800.000 | Số đầu kỳ Giá trị: 69.480.000.000 | Số đầu kỳ Khả năng trả nợ: 69.480.000.000
---
Table: THUYẾT MINH BÁO CÁO TÀI CHÍNH
Item: 18a. Vay ngắn hạn | b) Vay dài hạn
Value: Khoản mục: b) Vay dài hạn | Số cuối kỳ Giá trị: 165.014.900.000 | Số cuối kỳ Khả năng trả nợ: 165.014.900.000 | Trong kỳ Tăng: 114.959.800.000 | Trong kỳ Giảm: 19.424.900.000 | Số đầu kỳ Giá trị: 69.480.000.000 | Số đầu kỳ Khả năng trả nợ: 69.480.000.000
---
Table: THUYẾT MINH BÁO CÁO TÀI CHÍNH
Subheading: 18a. Vay ngắn hạn
Item: Vay dài hạn các cá nhân | Số cuối kỳ Khả năng trả nợ
Period: cuối
Value: 184.439.800.000
Note ref: V.18a
---
Table: THUYẾT MINH BÁO CÁO TÀI CHÍNH
Subheading: 18a. Vay ngắn hạn
Item: Vay dài hạn các cá nhân | Số đầu kỳ Khả năng trả nợ
Period: đầu
Value: 69.480.000.000
Note ref: V.18a
---
Table: THUYẾT MINH BÁO CÁO TÀI CHÍNH
Subheading: 18a. Vay ngắn hạn
Item: b) Vay dài hạn | Số cuối kỳ Khả năng trả nợ
Period: cuối
Value: 165.014.900.000
Note ref: V.18a
---
Table: THUYẾT MINH BÁO CÁO TÀI CHÍNH
Subheading: 18a. Vay ngắn hạn
Item: Kết chuyển từ vay và nợ dài hạn | Số cuối kỳ Khả năng trả nợ
Period: cuối
Value: 19.424.900.000
Note ref: V.18a
---
Table: THUYẾT MINH BÁO CÁO TÀI CHÍNH
Subheading: 18a. Vay ngắn hạn
Item: b) Vay dài hạn | Số đầu kỳ Khả năng trả nợ
Period: đầu
Value: 69.480.000.000
Note ref: V.18a
---
Table: THUYẾT MINH BÁO CÁO TÀI CHÍNH
Subheading: 18a. Vay ngắn hạn
Item: Kết chuyển từ vay và nợ dài hạn | Trong kỳ Tăng
Value: 19.424.900.000
Note ref: V.18a
---
Table: THUYẾT MINH BÁO CÁO TÀI CHÍNH
Subheading: 18a. Vay ngắn hạn
Item: Kết chuyển từ vay và nợ dài hạn | Số cuối kỳ Giá trị
Period: cuối
Value: 19.424.900.000
Note ref: V.18a
---
Table: THUYẾT MINH BÁO CÁO TÀI CHÍNH
Item: Thuyết minh 8: Chi phí trả trước dài hạn | Các chi phí trả trước dài hạn khác
Value: Số đầu năm: 77.774.900
---
Table: THUYẾT MINH BÁO CÁO TÀI CHÍNH
Item: 18a. Vay ngắn hạn | Chuyển sang nợ vay ngắn hạn
Value: Khoản mục: Chuyển sang nợ vay ngắn hạn | Số cuối kỳ Giá trị: (19.424.900.000) | Số cuối kỳ Khả năng trả nợ: (19.424.900.000) | Trong kỳ Giảm: 19.424.900.000 | Số đầu kỳ Giá trị: - | Số đầu kỳ Khả năng trả nợ: -
---
Table: THUYẾT MINH BÁO CÁO TÀI CHÍNH
Subheading: 18a. Vay ngắn hạn
Item: Vay ngắn hạn các cá nhân | Số cuối kỳ Khả năng trả nợ
Period: cuối
Value: 17.219.900.000
Note ref: V.18a
---
Table: THUYẾT MINH BÁO CÁO TÀI CHÍNH
Subheading: 18a. Vay ngắn hạn
Item: Vay ngắn hạn các cá nhân | Số đầu kỳ Khả năng trả nợ
Period: đầu
Value: 159.668.100.000
Note ref: V.18a
---
Table: BẢNG CÂN ĐỐI KẾ TOÁN
Subheading: Tổng nợ ngắn hạn
Item: I. Nợ ngắn hạn | Số cuối năm
Period: cuối
Value: 566.994.110.452
---
Table: BẢNG CÂN ĐỐI KẾ TOÁN
Subheading: Tổng nợ ngắn hạn
Item: I. Nợ ngắn hạn | Số đầu năm
Period: đầu
Value: 895.630.596.406
---
Table: THUYẾT MINH BÁO CÁO TÀI CHÍNH
Subheading: 18a. Vay ngắn hạn
Item: Tổng | Số cuối kỳ Khả năng trả nợ
Period: cuối
Value: 321.517.322.354
Note ref: V.18a
---
Table: THUYẾT MINH BÁO CÁO TÀI CHÍNH
Subheading: 18a. Vay ngắn hạn
Item: Tổng | Số đầu kỳ Khả năng trả nợ
Period: đầu
Value: 449.955.557.454
Note ref: V.18a
---
Table: THUYẾT MINH BÁO CÁO TÀI CHÍNH
Subheading: 18a. Vay ngắn hạn
Item: a) Vay ngắn hạn | Số cuối kỳ Khả năng trả nợ
Period: cuối
Value: 156.502.422.354
Note ref: V.18a
---
Table: THUYẾT MINH BÁO CÁO TÀI CHÍNH
Subheading: 18a. Vay ngắn hạn
Item: a) Vay ngắn hạn | Số đầu kỳ Khả năng trả nợ
Period: đầu
Value: 380.475.557.454
Note ref: V.18a
---
Table: THUYẾT MINH BÁO CÁO TÀI CHÍNH
Item: 18a. Vay ngắn hạn | Vay ngắn hạn các cá nhân
Value: Khoản mục: Vay ngắn hạn các cá nhân | Số cuối kỳ Giá trị: 17.219.900.000 | Số cuối kỳ Khả năng trả nợ: 17.219.900.000 | Trong kỳ Tăng: 37.050.000.000 | Trong kỳ Giảm: 179.498.200.000 | Số đầu kỳ Giá trị: 159.668.100.000 | Số đầu kỳ Khả năng trả nợ: 159.668.100.000
---
Table: THUYẾT MINH BÁO CÁO TÀI CHÍNH
Subheading: 18a. Vay ngắn hạn
Item: Chuyển sang nợ vay ngắn hạn | Số cuối kỳ Khả năng trả nợ
Period: cuối
Value: (19.424.900.000)
Note ref: V.18a
---
Table: THUYẾT MINH BÁO CÁO TÀI CHÍNH
Subheading: 18a. Vay ngắn hạn
Item: Công ty Cổ phần Apec Land Huế | Số cuối kỳ Khả năng trả nợ
Period: cuối
Value: 119.857.622.354
Note ref: V.18a
---
Table: BẢNG CÂN ĐỐI KẾ TOÁN
Subheading: Tổng tài sản
Item: TỔNG CỘNG TÀI SẢN | Số đầu năm
Period: đầu
Value: 1.906.094.474.649
---
Table: BẢNG CÂN ĐỐI KẾ TOÁN
Subheading: Tổng tài sản
Item: TỔNG CỘNG TÀI SẢN | Số cuối năm
Period: cuối
Value: 1.662.694.128.863
---
Table: THUYẾT MINH BÁO CÁO TÀI CHÍNH
Subheading: 9. Tài sản cố định hữu hình — Nguyên giá
Item: Chuyển sang bất động sản đầu tư | Cộng
Value: (178.321.426.654)
Note ref: V.9
---
Table: THUYẾT MINH BÁO CÁO TÀI CHÍNH
Subheading: 9. Tài sản cố định hữu hình — Nguyên giá
Item: Thanh lý | Cộng
Value: (49.989.670)
Note ref: V.9
---
Table: THUYẾT MINH BÁO CÁO TÀI CHÍNH
Subheading: 9. Tài sản cố định hữu hình — Nguyên giá
Item: Số đầu năm | Cộng
Value: 202.406.369.251
Note ref: V.9
---
Table: THUYẾT MINH BÁO CÁO TÀI CHÍNH
Subheading: 9. Tài sản cố định hữu hình — Nguyên giá
Item: Số cuối kỳ | Cộng
Value: 24.034.952.927
Note ref: V.9
---
Table: THUYẾT MINH BÁO CÁO TÀI CHÍNH
Subheading: 9. Tài sản cố định hữu hình — Giá trị hao mòn
Item: Số đầu năm | Cộng
Value: 12.494.119.719
Note ref: V.9
---
Table: THUYẾT MINH BÁO CÁO TÀI CHÍNH
Subheading: 9. Tài sản cố định hữu hình — Giá trị hao mòn
Item: Số cuối kỳ | Cộng
Value: 7.708.754.109
Note ref: V.9
---
Table: THUYẾT MINH BÁO CÁO TÀI CHÍNH
Subheading: 9. Tài sản cố định hữu hình — Giá trị hao mòn
Item: Chuyển sang BĐS đầu tư | Cộng
Value: (6.217.026.740)
Note ref: V.9
---
Table: THUYẾT MINH BÁO CÁO TÀI CHÍNH
Subheading: 11. Bất động sản đầu tư cho thuê — Là chương trình phần mềm, chi tiết như sau: — Nguyên giá
Item: Chuyển từ tài sản cố định hữu hình | Cộng
Value: 178.321.426.654
Note ref: V.11
---
Table: THUYẾT MINH BÁO CÁO TÀI CHÍNH
Subheading: 11. Bất động sản đầu tư cho thuê — Là chương trình phần mềm, chi tiết như sau: — Giá trị hao mòn
Item: Chuyển từ tài sản cố định hữu hình | Cộng
Value: 5.897.794.437
Note ref: V.11
---
Table: BẢNG CÂN ĐỐI KẾ TOÁN
Subheading: Tổng nguồn vốn
Item: TỔNG CỘNG NGUỒN VỐN | Số đầu năm
Period: đầu
Value: 1.906.094.474.649
---
Table: BẢNG CÂN ĐỐI KẾ TOÁN
Subheading: Tổng nguồn vốn
Item: TỔNG CỘNG NGUỒN VỐN | Số cuối năm
Period: cuối
Value: 1.662.694.128.863
---
Table: THUYẾT MINH BÁO CÁO TÀI CHÍNH
Subheading: 2c. Đầu tư góp vốn vào đơn vị khác
Item: Cộng | Số đầu năm Dự phòng
Period: đầu
Value: (23.817.361.651)
Note ref: V.2c
---
Table: THUYẾT MINH BÁO CÁO TÀI CHÍNH
Subheading: 2c. Đầu tư góp vốn vào đơn vị khác
Item: Cộng | Số cuối kỳ Dự phòng
Period: cuối
Value: (50.339.502.596)
Note ref: V.2c
---
Table: THUYẾT MINH BÁO CÁO TÀI CHÍNH
Subheading: 2c. Đầu tư góp vốn vào đơn vị khác
Item: Cộng | Số đầu năm Giá gốc
Period: đầu
Value: 446.222.194.016
Note ref: V.2c
---
Table: THUYẾT MINH BÁO CÁO TÀI CHÍNH
Subheading: 2c. Đầu tư góp vốn vào đơn vị khác
Item: Cộng | Số cuối kỳ Giá gốc
Period: cuối
Value: 356.526.194.016
Note ref: V.2c
---
Table: BẢNG CÂN ĐỐI KẾ TOÁN
Item: Tiền và các khoản tương đương tiền | Số cuối năm
Period: cuối
Value: 97.964.405.114
Note ref: V.1
---
Table: BẢNG CÂN ĐỐI KẾ TOÁN
Item: Tiền và các khoản tương đương tiền | Số đầu năm
Period: đầu
Value: 60.575.342.749
Note ref: V.1
---
Table: THUYẾT MINH BÁO CÁO TÀI CHÍNH
Subheading: 1. Tiền và các khoản tương đương tiền
Item: Cộng | Số cuối năm
Period: cuối
Value: 97.964.405.114
Note ref: V.1
---
Table: THUYẾT MINH BÁO CÁO TÀI CHÍNH
Subheading: 1. Tiền và các khoản tương đương tiền
Item: Cộng | Số đầu năm
Period: đầu
Value: 60.575.342.749
Note ref: V.1
---
Table: THUYẾT MINH BÁO CÁO TÀI CHÍNH
Subheading: 1. Tiền và các khoản tương đương tiền
Item: Tiền gửi tại công ty chứng khoán | Số cuối năm
Period: cuối
Value: 109.902.610
Note ref: V.1
---
Table: THUYẾT MINH BÁO CÁO TÀI CHÍNH
Subheading: 1. Tiền và các khoản tương đương tiền
Item: Tiền gửi tại công ty chứng khoán | Số đầu năm
Period: đầu
Value: 110.425.559
Note ref: V.1
---
Table: THUYẾT MINH BÁO CÁO TÀI CHÍNH
Subheading: 1. Tiền và các khoản tương đương tiền
Item: Các khoản tương đương tiền | Số cuối năm
Period: cuối
Value: 80.000.000.000
Note ref: V.1
---
Table: THUYẾT MINH BÁO CÁO TÀI CHÍNH
Subheading: 1. Tiền và các khoản tương đương tiền
Item: Các khoản tương đương tiền | Số đầu năm
Period: đầu
Value: 42.000.000.000
Note ref: V.1
---
Table: THUYẾT MINH BÁO CÁO TÀI CHÍNH
Subheading: 1. Tiền và các khoản tương đương tiền
Item: Tiền mặt | Số cuối năm
Period: cuối
Value: 24.085.667
Note ref: V.1
---
Table: THUYẾT MINH BÁO CÁO TÀI CHÍNH
Subheading: 1. Tiền và các khoản tương đương tiền
Item: Tiền mặt | Số đầu năm
Period: đầu
Value: 118.292.930
Note ref: V.1
---
Table: THUYẾT MINH BÁO CÁO TÀI CHÍNH
Subheading: 1. Tiền và các khoản tương đương tiền
Item: Tiền gửi ngân hàng không kỳ hạn | Số cuối năm
Period: cuối
Value: 17.830.416.837
Note ref: V.1
---
Table: THUYẾT MINH BÁO CÁO TÀI CHÍNH
Subheading: 1. Tiền và các khoản tương đương tiền
Item: Tiền gửi ngân hàng không kỳ hạn | Số đầu năm
Period: đầu
Value: 18.346.624.260
Note ref: V.1
---
Table: THUYẾT MINH BÁO CÁO TÀI CHÍNH
Item: Thuyết minh 1: Tiền và các khoản tương đương tiền | Các khoản tương đương tiền
Value: Số cuối năm: 80.000.000.000 | Số đầu năm: 42.000.000.000
---
Table: THUYẾT MINH BÁO CÁO TÀI CHÍNH
Item: Thuyết minh 1: Tiền và các khoản tương đương tiền | Cộng
Value: Số cuối năm: 97.964.405.114 | Số đầu năm: 60.575.342.749
---
Table: THUYẾT MINH BÁO CÁO TÀI CHÍNH
Item: Thuyết minh 1: Tiền và các khoản tương đương tiền | Tiền gửi tại công ty chứng khoán
Value: Số cuối năm: 109.902.610 | Số đầu năm: 110.425.559
---
Table: THUYẾT MINH BÁO CÁO TÀI CHÍNH
Item: Thuyết minh 1: Tiền và các khoản tương đương tiền | Tiền mặt
Value: Số cuối năm: 24.085.667 | Số đầu năm: 118.292.930
---
Table: THUYẾT MINH BÁO CÁO TÀI CHÍNH
Subheading: 19a. Bảng đối chiếu biến động của vốn chủ sở hữu — Kỳ này
Item: Số dư cuối kỳ | Lợi nhuận sau thuế chưa phân phối
Value: 43.404.961.299
Note ref: V.19a
---
Table: THUYẾT MINH BÁO CÁO TÀI CHÍNH
Subheading: 19a. Bảng đối chiếu biến động của vốn chủ sở hữu — Kỳ này
Item: Số dư đầu năm | Lợi nhuận sau thuế chưa phân phối
Value: 54.254.677.312
Note ref: V.19a
---
Table: THUYẾT MINH BÁO CÁO TÀI CHÍNH
Item: Thuyết minh 16: Chi phí phải trả ngắn hạn | Phải trả các tổ chức và cá nhân
Value: Số cuối kỳ: 81.623.567.164 | Số đầu năm: 92.849.850.808
---
Table: THUYẾT MINH BÁO CÁO TÀI CHÍNH
Item: 17a. Phải trả ngắn hạn khác
Value: () Khoản nhận tiền góp vốn của các tổ chức, cá nhân vào các dự án Công ty đang thực hiện để được phân chia sản phẩm là nhà ở của Dự án mà không phải thông qua sàn giao dịch bất động sản. Khi các dự án đủ điều kiện pháp lý để ký hợp đồng mua bán và các bên ký hợp đồng mua bán nhà ở thì toàn bộ tiền vốn góp thực tế sẽ được chuyển thành khoản tiền thanh toán đầu tiên của Giá bán nhà ở.
---
Table: THUYẾT MINH BÁO CÁO TÀI CHÍNH
Subheading: 17a. Phải trả ngắn hạn khác
Item: Nhận tiền góp vốn của các tổ chức, cá nhân vào dự án () | Số cuối kỳ
Period: cuối
Value: 126.229.443.045
Note ref: V.17a
---
Table: THUYẾT MINH BÁO CÁO TÀI CHÍNH
Item: Thuyết minh báo cáo tài chính
Value: Doanh thu cho thuê tài sản hoạt động Doanh thu cho thuê tài sản hoạt động được ghi nhận theo phương pháp đường thẳng trong suốt thời gian cho thuê. Trường hợp thời gian cho thuê chiếm trên 90% thời gian sử dụng hữu ích của tài sản, doanh thu được ghi nhận một lần đối với toàn bộ số tiền cho thuê nhận trước nếu thỏa mãn đồng thời các điều kiện sau: Bên đi thuê không có quyền hủy ngang hợp đồng thuê và Công ty không có nghĩa vụ phải trả lại số tiền đã nhận trước trong mọi trường hợp và dưới mọi hình thức. Số tiền nhận trước từ việc cho thuê không nhỏ hơn 90% tổng số tiền cho thuê dự kiến thu được theo hợp đồng trong suốt thời hạn cho thuê và bên đi thuê phải thanh toán toàn bộ số tiền thuê trong vòng 12 tháng kể từ thời điểm khởi đầu thuê tài sản. Hầu như toàn bộ rủi ro và lợi ích gắn liền với quyền sở hữu tài sản thuê đã chuyển giao cho bên đi thuê. Giá vốn của hoạt động cho thuê được ước tính tương đối đầy đủ.
---
Table: THUYẾT MINH BÁO CÁO TÀI CHÍNH
Subheading: 17a. Phải trả ngắn hạn khác
Item: Nhận tiền góp vốn của các tổ chức, cá nhân vào dự án () | Số đầu năm
Period: đầu
Value: 131.537.716.553
Note ref: V.17a
---
Table: THUYẾT MINH BÁO CÁO TÀI CHÍNH
Item: Thuyết minh báo cáo tài chính
Value: 15. Chi phí đi vay Chi phí đi vay bao gồm lãi tiền vay và các chi phí khác phát sinh liên quan trực tiếp đến các khoản vay. Chi phí đi vay được ghi nhận vào chi phí khi phát sinh. Trường hợp chi phí đi vay liên quan trực tiếp đến việc đầu tư xây dựng hoặc sản xuất tài sản dở dang cần có một thời gian đủ dài (trên 12 tháng) để có thể đưa vào sử dụng theo mục đích định trước hoặc bán thì chi phí đi vay này được tính vào giá trị của tài sản đó. Đối với khoản vay riêng phục vụ việc xây dựng tài sản cố định, bất động sản đầu tư, lãi vay được vốn hóa kể cả khi thời gian xây dựng dưới 12 tháng. Các khoản thu nhập phát sinh từ việc đầu tư tạm thời các khoản vay được ghi giảm nguyên giá tài sản có liên quan. Đối với các khoản vốn vay chung trong đó có sử dụng cho mục đích đầu tư xây dựng hoặc sản xuất tài sản dở dang thì chi phí đi vay vốn hóa được xác định theo tỷ lệ vốn hóa đối với chi phí lũy kế bình quân gia quyền phát sinh cho việc đầu tư xây dựng cơ bản hoặc sản xuất tài sản đó. Tỷ lệ vốn hóa được tính theo tỷ lệ lãi suất bình quân gia quyền của các khoản vay chưa trả trong năm, ngoại trừ các khoản vay riêng biệt phục vụ cho mục đích hình thành một tài sản cụ thể.
---
Table: THUYẾT MINH BÁO CÁO TÀI CHÍNH
Item: Thuyết minh báo cáo tài chính
Value: 13. Phân phối lợi nhuận Lợi nhuận sau thuế thu nhập doanh nghiệp được phân phối cho các cổ đông sau khi đã trích lập các quỹ theo Điều lệ của Công ty cũng như các quy định của pháp luật và đã được Đại hội đồng cổ đông phê duyệt. Việc phân phối lợi nhuận cho các cổ đông được cân nhắc đến các khoản mục phi tiền tệ nằm trong lợi nhuận sau thuế chưa phân phối có thể ảnh hưởng đến luồng tiền và khả năng chi trả cổ tức như lãi do đánh giá lại tài sản mang đi góp vốn, lãi do đánh giá lại các khoản mục tiền tệ, các công cụ tài chính và các khoản mục phi tiền tệ khác. Cổ tức được ghi nhận là nợ phải trả khi được Đại hội đồng cổ đông phê duyệt.
---
Table: THUYẾT MINH BÁO CÁO TÀI CHÍNH
Item: Thuyết minh báo cáo tài chính
Value: 12. Vốn chủ sở hữu Vốn góp của chủ sở hữu Vốn góp của chủ sở hữu được ghi nhận theo số vốn thực tế đã góp của các cổ đông.
---
Table: THUYẾT MINH BÁO CÁO TÀI CHÍNH
Item: Thuyết minh báo cáo tài chính
Value: 6. Chi phí trả trước Chi phí trả trước bao gồm các chi phí thực tế đã phát sinh nhưng có liên quan đến kết quả hoạt động sản xuất kinh doanh của nhiều kỳ kế toán. Chi phí trả trước của Công ty là chi phí công cụ dụng cụ và chi phí bán hàng dự án chưa bàn giao. Các chi phí trả trước này được phân bổ trong khoảng thời gian trả trước hoặc thời gian các lợi ích kinh tế tương ứng được tạo ra từ các chi phí này.
---
Table: THUYẾT MINH BÁO CÁO TÀI CHÍNH
Item: Thuyết minh báo cáo tài chính
Value: Giá vốn của bất động sản đã bán được ghi nhận trong Báo cáo kết quả hoạt động kinh doanh dựa trên các chi phí trực tiếp tạo thành bất động sản và chi phí chung, được phân bổ trên cơ sở diện tích tương ứng của bất động sản đó.
---
Table: THUYẾT MINH BÁO CÁO TÀI CHÍNH
Item: Thuyết minh báo cáo tài chính
Value: 11. Các khoản nợ phải trả và chi phí phải trả Các khoản nợ phải trả và chi phí phải trả được ghi nhận cho số tiền phải trả trong tương lai liên quan đến hàng hóa và dịch vụ đã nhận được. Chi phí phải trả được ghi nhận dựa trên các ước tính hợp lý về số tiền phải trả. Việc phân loại các khoản phải trả là phải trả người bán, chi phí phải trả, và phải trả khác được thực hiện theo nguyên tắc sau: Phải trả người bán phản ánh các khoản phải trả mang tính chất thương mại phát sinh từ giao dịch mua hàng hóa, dịch vụ, tài sản và người bán là đơn vị độc lập với Công ty. Chi phí phải trả phản ánh các khoản phải trả cho hàng hóa, dịch vụ đã nhận được từ người bán hoặc đã cung cấp cho người mua nhưng chưa chi trả do chưa có hóa đơn hoặc chưa đủ hồ sơ, tài liệu kế toán và các khoản phải trả cho người lao động về tiền lương nghỉ phép, các khoản chi phí sản xuất, kinh doanh phải trích trước. Phải trả khác phản ánh các khoản phải trả không có tính thương mại, không liên quan đến giao dịch mua, bán, cung cấp hàng hóa dịch vụ. Các khoản nợ phải trả và chi phí phải trả được phân loại ngắn hạn và dài hạn trên Bảng cân đối kế toán căn cứ theo kỳ hạn còn lại tại ngày kết thúc năm tài chính.
---
Table: THUYẾT MINH BÁO CÁO TÀI CHÍNH
Item: Các khoản đầu tư nắm giữ đến ngày đáo hạn
Value: Khoản đầu tư được phân loại là nắm giữ đến ngày đáo hạn khi Công ty có ý định và khả năng giữ đến ngày đáo hạn. Các khoản đầu tư nắm giữ đến ngày đáo hạn của Công ty chỉ bao gồm các khoản tiền gửi ngân hàng có kỳ hạn. Thu nhập lãi từ các khoản tiền gửi ngân hàng có kỳ hạn được ghi nhận trên Báo cáo kết quả hoạt động kinh doanh trên cơ sở dự thu.
---
Table: THUYẾT MINH BÁO CÁO TÀI CHÍNH
Item: Thuyết minh báo cáo tài chính
Value: Dự phòng tổn thất cho các khoản đầu tư vào công cụ vốn của đơn vị khác được trích lập như sau: Đối với khoản đầu tư vào cổ phiếu niêm yết hoặc giá trị hợp lý khoản đầu tư được xác định tin cậy, việc lập dự phòng dựa trên giá trị thị trường của cổ phiếu. Đối với khoản đầu tư không xác định được giá trị hợp lý tại thời điểm báo cáo, việc lập dự phòng được thực hiện căn cứ vào khoản lỗ của bên được đầu tư với mức trích lập bằng chênh lệch giữa vốn đầu tư thực tế của các chủ sở hữu và vốn chủ sở hữu tại ngày kết thúc năm tài chính nhân với tỷ lệ vốn điều lệ của Công ty so với tổng vốn điều lệ thực góp tại đơn vị khác.
---
Table: THUYẾT MINH BÁO CÁO TÀI CHÍNH
Item: Các khoản đầu tư vào công ty con
Value: ### Công ty con Công ty con là doanh nghiệp chịu sự kiểm soát của Công ty. Việc kiểm soát đạt được khi Công ty có khả năng kiểm soát các chính sách tài chính và hoạt động của doanh nghiệp nhận đầu tư nhằm thu được lợi ích kinh tế từ các hoạt động của doanh nghiệp đó.
---
Table: THUYẾT MINH BÁO CÁO TÀI CHÍNH
Item: Thuyết minh báo cáo tài chính
Value: Tình hình hoạt động của các đơn vị nhận đầu tư trong kỳ
---
Table: THUYẾT MINH BÁO CÁO TÀI CHÍNH
Item: Thuyết minh 1: Tiền và các khoản tương đương tiền | Tiền gửi ngân hàng không kỳ hạn
Value: Số cuối năm: 17.830.416.837 | Số đầu năm: 18.346.624.260
---
Table: BÁO CÁO LƯU CHUYỂN TIỀN TỆ
Item: Lưu chuyển tiền thuần từ hoạt động kinh doanh | Năm nay
Value: 36.158.929.436
---
Table: BÁO CÁO LƯU CHUYỂN TIỀN TỆ
Item: Lưu chuyển tiền thuần từ hoạt động kinh doanh | Năm trước
Value: (4.379.663.565)
---
Table: BÁO CÁO KẾT QUẢ HOẠT ĐỘNG KINH DOANH
Item: Lợi nhuận thuần từ hoạt động kinh doanh | Lũy kế đến quý IV năm 2024
Period: cuối
Value: (12.918.933.440)
---
Table: BÁO CÁO KẾT QUẢ HOẠT ĐỘNG KINH DOANH
Item: Lợi nhuận thuần từ hoạt động kinh doanh | Lũy kế đến quý IV năm 2023
Period: đầu
Value: (43.531.303.789)
---
Table: THUYẾT MINH BÁO CÁO TÀI CHÍNH
Item: Thuyết minh 4: Chu kỳ sản xuất, kinh doanh thông thường
Value: Chu kỳ sản xuất kinh doanh bình quân của hoạt động chuyển nhượng bất động sản của Công ty bắt đầu từ thời điểm xin giấy phép đầu tư, thực hiện giải phóng mặt bằng, xây dựng cơ bản cho đến thời điểm hoàn thiện. Do vậy, chu kỳ sản xuất kinh doanh của hoạt động chuyển nhượng bất động sản của Công ty thường trên 12 tháng.
---
Table: BÁO CÁO KẾT QUẢ HOẠT ĐỘNG KINH DOANH
Item: Lợi nhuận thuần từ hoạt động kinh doanh | Quý IV năm 2024
Period: cuối
Value: 12.205.164.159
---
Table: BÁO CÁO KẾT QUẢ HOẠT ĐỘNG KINH DOANH
Item: Lợi nhuận thuần từ hoạt động kinh doanh | Quý IV năm 2023
Period: đầu
Value: (29.778.741.081)
---
Table: BÁO CÁO LƯU CHUYỂN TIỀN TỆ
Item: Lưu chuyển tiền thuần từ hoạt động đầu tư | Năm nay
Value: 40.218.532.929
---
Table: BÁO CÁO LƯU CHUYỂN TIỀN TỆ
Item: Lưu chuyển tiền thuần từ hoạt động đầu tư | Năm trước
Value: 87.211.618.301
---
Table: THUYẾT MINH BÁO CÁO TÀI CHÍNH
Item: 19a. Bảng đối chiếu biến động của vốn chủ sở hữu | Số đầu năm
Value: Vốn đầu tư của chủ sở hữu: 840.839.760.000 | Lợi nhuận sau thuế chưa phân phối: 102.441.789.873 | Cộng: 943.281.549.873
---
Table: THUYẾT MINH BÁO CÁO TÀI CHÍNH
Item: 19a. Bảng đối chiếu biến động của vốn chủ sở hữu | Số dư cuối kỳ
Value: Vốn đầu tư của chủ sở hữu: 840.839.760.000 | Lợi nhuận sau thuế chưa phân phối: 43.404.961.299 | Cộng: 884.244.721.299
---
Table: THUYẾT MINH BÁO CÁO TÀI CHÍNH
Item: 19a. Bảng đối chiếu biến động của vốn chủ sở hữu | Lợi nhuận trong kỳ
Value: Vốn đầu tư của chủ sở hữu: - | Lợi nhuận sau thuế chưa phân phối: (48.187.112.561) | Cộng: (48.187.112.561)
---
Table: THUYẾT MINH BÁO CÁO TÀI CHÍNH
Item: 19a. Bảng đối chiếu biến động của vốn chủ sở hữu | Lợi nhuận trong kỳ
Value: Vốn đầu tư của chủ sở hữu: - | Lợi nhuận sau thuế chưa phân phối: (10.849.716.013) | Cộng: (10.849.716.013)
---
Table: THUYẾT MINH BÁO CÁO TÀI CHÍNH
Item: 19a. Bảng đối chiếu biến động của vốn chủ sở hữu | Số dư cuối kỳ
Value: Vốn đầu tư của chủ sở hữu: 840.839.760.000 | Lợi nhuận sau thuế chưa phân phối: 54.254.677.312 | Cộng: 895.094.437.312
---
Table: THUYẾT MINH BÁO CÁO TÀI CHÍNH
Item: 19a. Bảng đối chiếu biến động của vốn chủ sở hữu | Số dư đầu năm
Value: Vốn đầu tư của chủ sở hữu: 840.839.760.000 | Lợi nhuận sau thuế chưa phân phối: 54.254.677.312 | Cộng: 895.094.437.312
---
Table: THUYẾT MINH BÁO CÁO TÀI CHÍNH
Subheading: 2c. Đầu tư góp vốn vào đơn vị khác — Tỷ lệ sở hữu của Công ty tại các đơn vị như sau:
Item: Công ty Cổ phần Quản lý Vận hành Bất động sản Mandala | Số đầu năm Số lượng CP
Period: đầu
Value: 150.000
Note ref: V.2c
---
Table: THUYẾT MINH BÁO CÁO TÀI CHÍNH
Item: IV. CHÍNH SÁCH KẾ TOÁN ÁP DỤNG
Value: Chứng khoán kinh doanh được ghi sổ kế toán theo giá gốc. Giá gốc của chứng khoán kinh doanh được xác định theo giá trị hợp lý của các khoản thanh toán tại thời điểm giao dịch phát sinh cộng các chi phí liên quan đến giao dịch mua chứng khoán kinh doanh.
---
Table: THUYẾT MINH BÁO CÁO TÀI CHÍNH
Item: Thuyết minh báo cáo tài chính
Value: Các khoản đầu tư vào công cụ vốn của đơn vị khác được ghi nhận ban đầu theo giá gốc, bao gồm giá mua hoặc khoản góp vốn cộng các chi phí trực tiếp liên quan đến hoạt động đầu tư. Cổ tức của các kỳ trước khi khoản đầu tư được mua được hạch toán giảm giá trị của chính khoản đầu tư đó. Cổ tức của các kỳ sau khi khoản đầu tư được mua được ghi nhận doanh thu. Cổ tức được nhận bằng cổ phiếu chỉ được theo dõi số lượng cổ phiếu tăng thêm, không ghi nhận giá trị cổ phiếu nhận được.",1,,1059110,90016,0.4358974358974359,0.7305341864602511,0.0680005737211986,0.25
209,"Giải thích ý nghĩa của việc không còn số dư bảo hiểm xã hội, y tế, thất nghiệp phải trả cuối kỳ.","Dựa trên số liệu hiện có:
- Số dư **đầu năm** của khoản **Bảo hiểm xã hội, BHYT, BHTN** là 229.165.885 (BÁO CÁO KẾT QUẢ HOẠT ĐỘNG KINH DOANH). Không có **số dư cuối kỳ** được ghi nhận, cho thấy **cuối kỳ không còn khoản nợ phải trả** này.

*Nhận xét*:
- Việc không còn số dư cuối kỳ cho thấy công ty đã **thanh toán đầy đủ** các khoản bảo hiểm xã hội, y tế, thất nghiệp phát sinh trong năm, giảm nợ ngắn hạn và cải thiện thanh khoản.

**Kết luận tổng thể**: Không còn số dư Bảo hiểm xã hội, BHYT, BHTN vào cuối kỳ phản ánh việc công ty đã hoàn thành nghĩa vụ đóng bảo hiểm, không còn rủi ro nợ phải trả liên quan đến các khoản này.","Việc không còn số dư bảo hiểm xã hội, y tế, thất nghiệp phải trả cuối kỳ (0 VND) so với 229.165.885 VND đầu năm có ý nghĩa tích cực là công ty đã hoàn thành tất cả các nghĩa vụ thanh toán liên quan đến các khoản bảo hiểm này cho người lao động và cơ quan nhà nước. Điều này cho thấy công ty tuân thủ tốt các quy định về lao động và giảm bớt các khoản nợ phải trả trong ngắn hạn, cải thiện tình hình thanh khoản liên quan đến nghĩa vụ với người lao động và Nhà nước.",18,"Table: THUYẾT MINH BÁO CÁO TÀI CHÍNH
Subheading: 17a. Phải trả ngắn hạn khác
Item: Dự án Khu công nghiệp Đa Hội - Bắc Ninh | Số cuối kỳ
Period: cuối
Value: 8.620.861.121
Note ref: V.17a
---
Table: THUYẾT MINH BÁO CÁO TÀI CHÍNH
Subheading: 17a. Phải trả ngắn hạn khác
Item: Thu hộ phí bảo trì | Số cuối kỳ
Period: cuối
Value: 20.916.120.555
Note ref: V.17a
---
Table: THUYẾT MINH BÁO CÁO TÀI CHÍNH
Subheading: 17a. Phải trả ngắn hạn khác
Item: Cộng | Số cuối kỳ
Period: cuối
Value: 153.679.202.110
Note ref: V.17a
---
Table: THUYẾT MINH BÁO CÁO TÀI CHÍNH
Subheading: 17a. Phải trả ngắn hạn khác
Item: Nhận đặt cọc mua nội thất Dự Án Mũi Né | Số cuối kỳ
Period: cuối
Value: 518.505.000
Note ref: V.17a
---
Table: THUYẾT MINH BÁO CÁO TÀI CHÍNH
Subheading: 17a. Phải trả ngắn hạn khác
Item: Các khoản phải trả ngắn hạn khác | Số cuối kỳ
Period: cuối
Value: 3.010.459.022
Note ref: V.17a
---
Table: THUYẾT MINH BÁO CÁO TÀI CHÍNH
Subheading: 16. Chi phí phải trả ngắn hạn
Item: Cộng | Số cuối kỳ
Period: cuối
Value: 81.623.567.164
Note ref: V.16
---
Table: THUYẾT MINH BÁO CÁO TÀI CHÍNH
Item: 19a. Bảng đối chiếu biến động của vốn chủ sở hữu | Số dư cuối kỳ
Value: Vốn đầu tư của chủ sở hữu: 840.839.760.000 | Lợi nhuận sau thuế chưa phân phối: 54.254.677.312 | Cộng: 895.094.437.312
---
Table: THUYẾT MINH BÁO CÁO TÀI CHÍNH
Item: 19a. Bảng đối chiếu biến động của vốn chủ sở hữu | Số dư cuối kỳ
Value: Vốn đầu tư của chủ sở hữu: 840.839.760.000 | Lợi nhuận sau thuế chưa phân phối: 43.404.961.299 | Cộng: 884.244.721.299
---
Table: THUYẾT MINH BÁO CÁO TÀI CHÍNH
Subheading: 16. Chi phí phải trả ngắn hạn
Item: Chi phí lãi vay phải trả | Số cuối kỳ
Period: cuối
Value: 11.570.981.974
Note ref: V.16
---
Table: THUYẾT MINH BÁO CÁO TÀI CHÍNH
Subheading: 13. Phải trả người bán ngắn hạn
Item: Cộng | Số cuối kỳ
Period: cuối
Value: 71.005.972.408
Note ref: V.13
---
Table: THUYẾT MINH BÁO CÁO TÀI CHÍNH
Item: Thuyết minh báo cáo tài chính | Số cuối kỳ
Value: Giá trị còn lại: Số cuối kỳ | Nhà cửa, vật kiến trúc: 13.223.266.430 | Phương tiện vận tải, truyền dẫn: 679.812.181 | Thiết bị, dụng cụ quản lý: 10.415.879 | Tài sản cố định khác: 2.412.704.328 | Cộng: 16.326.198.818
---
Table: THUYẾT MINH BÁO CÁO TÀI CHÍNH
Item: Thuyết minh báo cáo tài chính | Số cuối kỳ
Value: Nguyên giá: 337.728.000 | Giá trị hao mòn: (320.161.333) | Giá trị còn lại: 17.566.667
---
Table: BẢNG CÂN ĐỐI KẾ TOÁN
Subheading: Tổng nợ phải trả
Item: C - NỢ PHẢI TRẢ | Số cuối năm
Period: cuối
Value: 778.449.407.564
---
Table: THUYẾT MINH BÁO CÁO TÀI CHÍNH
Subheading: 7. Hàng tồn kho
Item: Dự án Khu công nghiệp Đa Hội | Số cuối kỳ
Period: cuối
Value: 115.731.971.300
Note ref: V.7
---
Table: THUYẾT MINH BÁO CÁO TÀI CHÍNH
Subheading: 14. Người mua trả tiền trước ngắn hạn — Là khoản trả trước theo tiến độ của các khách hàng dự án Bất động sản, bao gồm:
Item: Dự án Đa hội | Số cuối kỳ
Period: cuối
Value: 4.773.842.332
Note ref: V.14
---
Table: THUYẾT MINH BÁO CÁO TÀI CHÍNH
Item: 17a. Phải trả ngắn hạn khác | Bảo hiểm xã hội, BHYT, BHTN
Value: Số đầu năm: 229.165.885
---
Table: THUYẾT MINH BÁO CÁO TÀI CHÍNH
Item: 17a. Phải trả ngắn hạn khác | Dự án Khu công nghiệp Đa Hội - Bắc Ninh
Value: Số cuối kỳ: 8.620.861.121 | Số đầu năm: 10.182.069.830
---
Table: THUYẾT MINH BÁO CÁO TÀI CHÍNH
Item: Thuyết minh báo cáo tài chính
Value: 11. Các khoản nợ phải trả và chi phí phải trả Các khoản nợ phải trả và chi phí phải trả được ghi nhận cho số tiền phải trả trong tương lai liên quan đến hàng hóa và dịch vụ đã nhận được. Chi phí phải trả được ghi nhận dựa trên các ước tính hợp lý về số tiền phải trả. Việc phân loại các khoản phải trả là phải trả người bán, chi phí phải trả, và phải trả khác được thực hiện theo nguyên tắc sau: Phải trả người bán phản ánh các khoản phải trả mang tính chất thương mại phát sinh từ giao dịch mua hàng hóa, dịch vụ, tài sản và người bán là đơn vị độc lập với Công ty. Chi phí phải trả phản ánh các khoản phải trả cho hàng hóa, dịch vụ đã nhận được từ người bán hoặc đã cung cấp cho người mua nhưng chưa chi trả do chưa có hóa đơn hoặc chưa đủ hồ sơ, tài liệu kế toán và các khoản phải trả cho người lao động về tiền lương nghỉ phép, các khoản chi phí sản xuất, kinh doanh phải trích trước. Phải trả khác phản ánh các khoản phải trả không có tính thương mại, không liên quan đến giao dịch mua, bán, cung cấp hàng hóa dịch vụ. Các khoản nợ phải trả và chi phí phải trả được phân loại ngắn hạn và dài hạn trên Bảng cân đối kế toán căn cứ theo kỳ hạn còn lại tại ngày kết thúc năm tài chính.",1,,163908,14054,0.25,0.6650536419467393,0.162499999991875,0.0
210,"Nếu cổ tức và lợi nhuận phải trả tiếp tục giảm, điều này có ý nghĩa gì đối với chính sách phân phối lợi nhuận của công ty?","Nếu cổ tức và lợi nhuận phải trả tiếp tục giảm, công ty sẽ giữ lại phần lợi nhuận lớn hơn để tích lũy vốn nội bộ và tái đầu tư, đồng thời có xu hướng thận trọng hơn trong việc chi trả cổ tức cho cổ đông (theo thuyết minh: lợi nhuận sau thuế được phân phối cho cổ đông sau khi trích lập các quỹ).","Cổ tức, lợi nhuận phải trả đầu năm là 531.525.000 VND và cuối kỳ là 656.640.000 VND (thuyết minh 17a - Phải trả ngắn hạn khác), tức là đã tăng trong kỳ chứ không giảm. Nếu giả định khoản này giảm trong tương lai, điều đó có thể phản ánh việc công ty đã chi trả cổ tức/lợi nhuận cho chủ sở hữu, làm giảm nghĩa vụ phải trả nhưng cũng giảm lượng tiền mặt.",10,"Table: THUYẾT MINH BÁO CÁO TÀI CHÍNH
Item: 17a. Phải trả ngắn hạn khác | Cổ tức, lợi nhuận phải trả
Value: Số cuối kỳ: 656.640.000 | Số đầu năm: 531.525.000
---
Table: THUYẾT MINH BÁO CÁO TÀI CHÍNH
Item: Thuyết minh báo cáo tài chính
Value: 13. Phân phối lợi nhuận Lợi nhuận sau thuế thu nhập doanh nghiệp được phân phối cho các cổ đông sau khi đã trích lập các quỹ theo Điều lệ của Công ty cũng như các quy định của pháp luật và đã được Đại hội đồng cổ đông phê duyệt. Việc phân phối lợi nhuận cho các cổ đông được cân nhắc đến các khoản mục phi tiền tệ nằm trong lợi nhuận sau thuế chưa phân phối có thể ảnh hưởng đến luồng tiền và khả năng chi trả cổ tức như lãi do đánh giá lại tài sản mang đi góp vốn, lãi do đánh giá lại các khoản mục tiền tệ, các công cụ tài chính và các khoản mục phi tiền tệ khác. Cổ tức được ghi nhận là nợ phải trả khi được Đại hội đồng cổ đông phê duyệt.
---
Table: THUYẾT MINH BÁO CÁO TÀI CHÍNH
Subheading: 19a. Bảng đối chiếu biến động của vốn chủ sở hữu — Kỳ này
Item: Lợi nhuận trong kỳ | Lợi nhuận sau thuế chưa phân phối
Value: (10.849.716.013)
Note ref: V.19a
---
Table: THUYẾT MINH BÁO CÁO TÀI CHÍNH
Item: Thuyết minh báo cáo tài chính
Value: Cổ tức và lợi nhuận của các kỳ trước khi khoản đầu tư được mua được hạch toán giảm giá trị khoản đầu tư đó. Cổ tức và lợi nhuận của các kỳ sau khi khoản đầu tư được mua được ghi nhận doanh thu. Cổ tức được nhận bằng cổ phiếu chỉ được theo dõi số lượng cổ phiếu tăng thêm, không ghi nhận giá trị cổ phiếu nhận được.
---
Table: THUYẾT MINH BÁO CÁO TÀI CHÍNH
Subheading: 19a. Bảng đối chiếu biến động của vốn chủ sở hữu — Kỳ này
Item: Số dư cuối kỳ | Lợi nhuận sau thuế chưa phân phối
Value: 43.404.961.299
Note ref: V.19a
---
Table: THUYẾT MINH BÁO CÁO TÀI CHÍNH
Item: Thuyết minh báo cáo tài chính
Value: Tiền lãi, cổ tức và lợi nhuận của các kỳ trước khi chứng khoán kinh doanh được mua được hạch toán giảm giá trị của chính chứng khoán kinh doanh đó. Tiền lãi, cổ tức và lợi nhuận của các kỳ sau khi chứng khoán kinh doanh được mua được ghi nhận doanh thu. Cổ tức được nhận bằng cổ phiếu chỉ được theo dõi số lượng cổ phiếu tăng thêm, không ghi nhận giá trị cổ phiếu nhận được.
---
Table: THUYẾT MINH BÁO CÁO TÀI CHÍNH
Subheading: 17a. Phải trả ngắn hạn khác
Item: Cổ tức, lợi nhuận phải trả | Số cuối kỳ
Period: cuối
Value: 656.640.000
Note ref: V.17a
---
Table: THUYẾT MINH BÁO CÁO TÀI CHÍNH
Subheading: 19a. Bảng đối chiếu biến động của vốn chủ sở hữu — Kỳ này
Item: Số dư đầu năm | Lợi nhuận sau thuế chưa phân phối
Value: 54.254.677.312
Note ref: V.19a
---
Table: THUYẾT MINH BÁO CÁO TÀI CHÍNH
Subheading: 17a. Phải trả ngắn hạn khác
Item: Cổ tức, lợi nhuận phải trả | Số đầu năm
Period: đầu
Value: 531.525.000
Note ref: V.17a
---
Table: THUYẾT MINH BÁO CÁO TÀI CHÍNH
Item: Thuyết minh báo cáo tài chính
Value: Cổ tức và lợi nhuận được chia Cổ tức và lợi nhuận được chia được ghi nhận khi Công ty được quyền nhận cổ tức hoặc lợi nhuận từ việc góp vốn. Cổ tức được nhận bằng cổ phiếu chỉ được theo dõi số lượng cổ phiếu tăng thêm, không ghi nhận giá trị cổ phiếu nhận được.",1,,37439,10202,0.3333333333333333,0.902226943201866,0.718253968236012,0.5
