id,question,answer,ground_truth,retrieved_contexts_n,retrieved_contexts,seed_contexts_n,errors,runtime,tokens,faithfulness,answer_relevancy,context_precision,context_recall
1,Công ty Cổ phần Đầu tư APEC được cấp Giấy chứng nhận đăng ký kinh doanh lần đầu vào ngày nào?,Công ty Cổ phần Đầu tư APEC (Công ty Cổ phần Đầu tư Châu Á – Thái Bình Dương) được cấp Giấy chứng nhận đăng ký doanh nghiệp lần đầu ngày 31 tháng 7 năm 2006.,Công ty Cổ phần Đầu tư APEC được cấp Giấy chứng nhận đăng ký kinh doanh lần đầu vào ngày 31 tháng 7 năm 2006.,10,"Table: PHẦN ĐẦU BÁO CÁO TÀI CHÍNH
Item: Khái quát về Công ty
Value: Công ty Cổ phần Đầu tư Châu Á – Thái Bình Dương là Công ty cổ phần hoạt động theo Giấy chứng nhận đăng ký doanh nghiệp số 0102005769 ngày 31 tháng 7 năm 2006 do Sở Kế hoạch và Đầu tư thành phố Hà Nội cấp.
---
Table: PHẦN ĐẦU BÁO CÁO TÀI CHÍNH
Item: Khái quát về Công ty
Value: Trong quá trình hoạt động, Công ty đã 22 lần được Sở Kế hoạch và Đầu tư thành phố Hà Nội cấp bổ sung các Giấy phép chứng nhận đăng ký kinh doanh điều chỉnh. Trong đó, Giấy chứng nhận đăng ký doanh nghiệp điều chỉnh lần thứ 22 được cấp ngày 23 tháng 5 năm 2024 về việc thay đổi người đại diện theo pháp luật.
---
Table: PHẦN ĐẦU BÁO CÁO TÀI CHÍNH
Item: Khái quát về Công ty
Value: Hoạt động kinh doanh chính của Công ty là: Đầu tư và kinh doanh bất động sản.
---
Table: PHẦN ĐẦU BÁO CÁO TÀI CHÍNH
Item: Khái quát về Công ty
Value: Trụ sở hoạt động - Địa chỉ: Tầng 3, tòa nhà Grand Plaza, số 117 Trần Duy Hưng, phường Trung Hòa, quận Cầu Giấy, thành phố Hà Nội, Việt Nam
---
Table: PHẦN ĐẦU BÁO CÁO TÀI CHÍNH
Item: Trách nhiệm của Ban Tổng Giám đốc
Value: Theo ý kiến của Ban Tổng Giám Đốc, Báo cáo tài chính riêng đã phản ánh trung thực và hợp lý tính hình tài chính của Công ty tại thời điểm ngày 31 tháng 12 năm 2024, cũng như kết quả hoạt động kinh doanh và tình hình tài chính kết thúc cùng ngày, phù hợp với các Chuẩn mực Kế toán Việt Nam, Chế độ Kế toán doanh nghiệp Việt Nam và các quy định pháp lý có liên quan đến việc lập và trình bày Báo cáo tài chính.
---
Table: PHẦN ĐẦU BÁO CÁO TÀI CHÍNH
Item: Trách nhiệm của Ban Tổng Giám đốc
Value: Ban Tổng Giám đốc chịu trách nhiệm lập Báo cáo tài chính riêng phản ánh trung thực và hợp lý tính hình tài chính, kết quả hoạt động kinh doanh và lưu chuyển tiền tệ của Công ty trong kỳ. Trong việc lập Báo cáo tài chính riêng này, Ban Tổng Giám đốc phải:
---
Table: PHẦN ĐẦU BÁO CÁO TÀI CHÍNH
Item: Trách nhiệm của Ban Tổng Giám đốc
Value: Ngày 24 tháng 01 năm 2025
---
Table: PHẦN ĐẦU BÁO CÁO TÀI CHÍNH
Item: Trách nhiệm của Ban Tổng Giám đốc
Value: Nguyễn Phương Dung
---
Table: PHẦN ĐẦU BÁO CÁO TÀI CHÍNH
Item: Trách nhiệm của Ban Tổng Giám đốc
Value: Tổng Giám đốc
---
Table: PHẦN ĐẦU BÁO CÁO TÀI CHÍNH
Item: Báo cáo của ban tổng giám đốc
Value: Ban Tổng Giám đốc Công ty Cổ phần Đầu tư Châu Á – Thái Bình Dương (sau đây gọi tắt là “Công ty”) trình bày báo cáo của mình cùng với Báo cáo tài chính riêng của Công ty cho Quý IV năm 2024.",1,,21549,8560,,,,
2,Địa chỉ trụ sở chính của Công ty APEC Investment là ở đâu?,"Trụ sở chính của Công ty APEC Investment nằm tại Tầng 3, tòa nhà Grand Plaza, số 117 Trần Duy Hưng, phường Trung Hòa, quận Cầu Giấy, thành phố Hà Nội, Việt Nam.","Địa chỉ trụ sở chính của Công ty APEC Investment là Tầng 3, Tòa nhà Grand Plaza, số 117 Trần Duy Hưng, Phường Trung Hòa, Quận Cầu Giấy, Thành phố Hà Nội, Việt Nam.",10,"Table: PHẦN ĐẦU BÁO CÁO TÀI CHÍNH
Item: Khái quát về Công ty
Value: Trụ sở hoạt động - Địa chỉ: Tầng 3, tòa nhà Grand Plaza, số 117 Trần Duy Hưng, phường Trung Hòa, quận Cầu Giấy, thành phố Hà Nội, Việt Nam
---
Table: PHẦN ĐẦU BÁO CÁO TÀI CHÍNH
Item: Khái quát về Công ty
Value: Hoạt động kinh doanh chính của Công ty là: Đầu tư và kinh doanh bất động sản.
---
Table: PHẦN ĐẦU BÁO CÁO TÀI CHÍNH
Item: Khái quát về Công ty
Value: Công ty Cổ phần Đầu tư Châu Á – Thái Bình Dương là Công ty cổ phần hoạt động theo Giấy chứng nhận đăng ký doanh nghiệp số 0102005769 ngày 31 tháng 7 năm 2006 do Sở Kế hoạch và Đầu tư thành phố Hà Nội cấp.
---
Table: PHẦN ĐẦU BÁO CÁO TÀI CHÍNH
Item: Khái quát về Công ty
Value: Trong quá trình hoạt động, Công ty đã 22 lần được Sở Kế hoạch và Đầu tư thành phố Hà Nội cấp bổ sung các Giấy phép chứng nhận đăng ký kinh doanh điều chỉnh. Trong đó, Giấy chứng nhận đăng ký doanh nghiệp điều chỉnh lần thứ 22 được cấp ngày 23 tháng 5 năm 2024 về việc thay đổi người đại diện theo pháp luật.
---
Table: PHẦN ĐẦU BÁO CÁO TÀI CHÍNH
Item: Trách nhiệm của Ban Tổng Giám đốc
Value: Lập Báo cáo tài chính riêng trên cơ sở hoạt động liên tục trừ trường hợp không thể cho rằng Công ty sẽ tiếp tục hoạt động liên tục;
---
Table: PHẦN ĐẦU BÁO CÁO TÀI CHÍNH
Item: Trách nhiệm của Ban Tổng Giám đốc
Value: Nguyễn Phương Dung
---
Table: PHẦN ĐẦU BÁO CÁO TÀI CHÍNH
Item: Trách nhiệm của Ban Tổng Giám đốc
Value: Tổng Giám đốc
---
Table: PHẦN ĐẦU BÁO CÁO TÀI CHÍNH
Item: Trách nhiệm của Ban Tổng Giám đốc
Value: Ngày 24 tháng 01 năm 2025
---
Table: PHẦN ĐẦU BÁO CÁO TÀI CHÍNH
Item: Trách nhiệm của Ban Tổng Giám đốc
Value: Thay mặt Ban Tổng Giám đốc,
---
Table: PHẦN ĐẦU BÁO CÁO TÀI CHÍNH
Item: Báo cáo của ban tổng giám đốc
Value: Ban Tổng Giám đốc Công ty Cổ phần Đầu tư Châu Á – Thái Bình Dương (sau đây gọi tắt là “Công ty”) trình bày báo cáo của mình cùng với Báo cáo tài chính riêng của Công ty cho Quý IV năm 2024.",1,,14945,6898,,,,
3,Hoạt động kinh doanh chính của Công ty APEC Investment là gì?,Hoạt động kinh doanh chính của Công ty APEC Investment là đầu tư và kinh doanh bất động sản.,Hoạt động kinh doanh chính của Công ty APEC Investment bao gồm đầu tư và kinh doanh bất động sản.,10,"Table: PHẦN ĐẦU BÁO CÁO TÀI CHÍNH
Item: Khái quát về Công ty
Value: Hoạt động kinh doanh chính của Công ty là: Đầu tư và kinh doanh bất động sản.
---
Table: PHẦN ĐẦU BÁO CÁO TÀI CHÍNH
Item: Khái quát về Công ty
Value: Công ty Cổ phần Đầu tư Châu Á – Thái Bình Dương là Công ty cổ phần hoạt động theo Giấy chứng nhận đăng ký doanh nghiệp số 0102005769 ngày 31 tháng 7 năm 2006 do Sở Kế hoạch và Đầu tư thành phố Hà Nội cấp.
---
Table: PHẦN ĐẦU BÁO CÁO TÀI CHÍNH
Item: Khái quát về Công ty
Value: Trong quá trình hoạt động, Công ty đã 22 lần được Sở Kế hoạch và Đầu tư thành phố Hà Nội cấp bổ sung các Giấy phép chứng nhận đăng ký kinh doanh điều chỉnh. Trong đó, Giấy chứng nhận đăng ký doanh nghiệp điều chỉnh lần thứ 22 được cấp ngày 23 tháng 5 năm 2024 về việc thay đổi người đại diện theo pháp luật.
---
Table: PHẦN ĐẦU BÁO CÁO TÀI CHÍNH
Item: Khái quát về Công ty
Value: Trụ sở hoạt động - Địa chỉ: Tầng 3, tòa nhà Grand Plaza, số 117 Trần Duy Hưng, phường Trung Hòa, quận Cầu Giấy, thành phố Hà Nội, Việt Nam
---
Table: PHẦN ĐẦU BÁO CÁO TÀI CHÍNH
Item: Trách nhiệm của Ban Tổng Giám đốc
Value: Theo ý kiến của Ban Tổng Giám Đốc, Báo cáo tài chính riêng đã phản ánh trung thực và hợp lý tính hình tài chính của Công ty tại thời điểm ngày 31 tháng 12 năm 2024, cũng như kết quả hoạt động kinh doanh và tình hình tài chính kết thúc cùng ngày, phù hợp với các Chuẩn mực Kế toán Việt Nam, Chế độ Kế toán doanh nghiệp Việt Nam và các quy định pháp lý có liên quan đến việc lập và trình bày Báo cáo tài chính.
---
Table: PHẦN ĐẦU BÁO CÁO TÀI CHÍNH
Item: Trách nhiệm của Ban Tổng Giám đốc
Value: Ban Tổng Giám đốc chịu trách nhiệm lập Báo cáo tài chính riêng phản ánh trung thực và hợp lý tính hình tài chính, kết quả hoạt động kinh doanh và lưu chuyển tiền tệ của Công ty trong kỳ. Trong việc lập Báo cáo tài chính riêng này, Ban Tổng Giám đốc phải:
---
Table: PHẦN ĐẦU BÁO CÁO TÀI CHÍNH
Subheading: Chuẩn mực và chế độ kế toán
Item: Thông tin báo cáo tài chính | Chuẩn mực và chế độ kế toán
Value: Theo ý kiến của Ban Tổng Giám Đốc, Báo cáo tài chính riêng đã phản ánh trung thực và hợp lý tính hình tài chính của Công ty tại thời điểm ngày 31 tháng 12 năm 2024, cũng như kết quả hoạt động kinh doanh và tình hình tài chính kết thúc cùng ngày, phù hợp với các Chuẩn mực Kế toán Việt Nam, Chế độ Kế toán doanh nghiệp Việt Nam và các quy định pháp lý có liên quan đến việc lập và trình bày Báo cáo tài chính.
---
Table: PHẦN ĐẦU BÁO CÁO TÀI CHÍNH
Item: Trách nhiệm của Ban Tổng Giám đốc
Value: Lập Báo cáo tài chính riêng trên cơ sở hoạt động liên tục trừ trường hợp không thể cho rằng Công ty sẽ tiếp tục hoạt động liên tục;
---
Table: PHẦN ĐẦU BÁO CÁO TÀI CHÍNH
Item: Báo cáo của ban tổng giám đốc
Value: Ban Tổng Giám đốc Công ty Cổ phần Đầu tư Châu Á – Thái Bình Dương (sau đây gọi tắt là “Công ty”) trình bày báo cáo của mình cùng với Báo cáo tài chính riêng của Công ty cho Quý IV năm 2024.
---
Table: PHẦN ĐẦU BÁO CÁO TÀI CHÍNH
Item: Trách nhiệm của Ban Tổng Giám đốc
Value: Nguyễn Phương Dung",1,,14004,7070,,,,
4,Ai là Chủ tịch Hội đồng Quản lý của Công ty APEC Investment tính đến ngày 24 tháng 01 năm 2025?,Chủ tịch Hội đồng Quản trị (Quản lý) của Công ty APEC Investment tính đến ngày 24/01/2025 là Ông Nguyễn Đức Quân.,Ông Nguyễn Đức Quân là Chủ tịch Hội đồng Quản lý của Công ty APEC Investment tính đến ngày 24 tháng 01 năm 2025.,10,"Table: PHẦN ĐẦU BÁO CÁO TÀI CHÍNH
Item: Hội đồng quản trị | Ông Nguyễn Đức Quân
Value: Họ và tên: Ông Nguyễn Đức Quân | Chức vụ: Chủ tịch | Ngày bổ nhiệm/miễn nhiệm/tái bổ nhiệm: Bổ nhiệm ngày 10 tháng 5 năm 2024
---
Table: PHẦN ĐẦU BÁO CÁO TÀI CHÍNH
Item: Hội đồng quản trị | Ông Nguyễn Văn Ly
Value: Họ và tên: Ông Nguyễn Văn Ly | Chức vụ: Chủ tịch | Ngày bổ nhiệm/miễn nhiệm/tái bổ nhiệm: Miễn nhiệm ngày 10 tháng 5 năm 2024
---
Table: PHẦN ĐẦU BÁO CÁO TÀI CHÍNH
Item: Hội đồng quản trị và Ban điều hành, quản lý
Value: Các thành viên Hội đồng quản trị, Ban Kiểm soát, Ban Tổng Giám đốc và Kế toán trưởng của Công ty trong kỳ và cho đến thời điểm lập báo cáo này bao gồm:
---
Table: PHẦN ĐẦU BÁO CÁO TÀI CHÍNH
Item: Trách nhiệm của Ban Tổng Giám đốc
Value: Ngày 24 tháng 01 năm 2025
---
Table: PHẦN ĐẦU BÁO CÁO TÀI CHÍNH
Item: Trách nhiệm của Ban Tổng Giám đốc
Value: Theo ý kiến của Ban Tổng Giám Đốc, Báo cáo tài chính riêng đã phản ánh trung thực và hợp lý tính hình tài chính của Công ty tại thời điểm ngày 31 tháng 12 năm 2024, cũng như kết quả hoạt động kinh doanh và tình hình tài chính kết thúc cùng ngày, phù hợp với các Chuẩn mực Kế toán Việt Nam, Chế độ Kế toán doanh nghiệp Việt Nam và các quy định pháp lý có liên quan đến việc lập và trình bày Báo cáo tài chính.
---
Table: PHẦN ĐẦU BÁO CÁO TÀI CHÍNH
Item: Trách nhiệm của Ban Tổng Giám đốc
Value: Ban Tổng Giám đốc đảm bảo các số kế toán thích hợp được lưu giữ đầy đủ để phản ánh tính hình tài chính của Công ty với mức độ chính xác hợp lý tại bất kỳ thời điểm nào và các số sách kế toán tuân thủ chế độ kế toán áp dụng. Ban Tổng Giám đốc cũng chịu trách nhiệm quản lý các tài sản của Công ty và do đó thực hiện các biện pháp thích hợp để ngăn chặn và phát hiện các hành vi gian lận và các vi phạm khác.
---
Table: PHẦN ĐẦU BÁO CÁO TÀI CHÍNH
Item: Trách nhiệm của Ban Tổng Giám đốc
Value: Thực hiện các xét đoán và ước tính một cách hợp lý và thận trọng;
---
Table: PHẦN ĐẦU BÁO CÁO TÀI CHÍNH
Item: Trách nhiệm của Ban Tổng Giám đốc
Value: Ban Tổng Giám đốc chịu trách nhiệm lập Báo cáo tài chính riêng phản ánh trung thực và hợp lý tính hình tài chính, kết quả hoạt động kinh doanh và lưu chuyển tiền tệ của Công ty trong kỳ. Trong việc lập Báo cáo tài chính riêng này, Ban Tổng Giám đốc phải:
---
Table: PHẦN ĐẦU BÁO CÁO TÀI CHÍNH
Item: Báo cáo của ban tổng giám đốc
Value: Ban Tổng Giám đốc Công ty Cổ phần Đầu tư Châu Á – Thái Bình Dương (sau đây gọi tắt là “Công ty”) trình bày báo cáo của mình cùng với Báo cáo tài chính riêng của Công ty cho Quý IV năm 2024.
---
Table: PHẦN ĐẦU BÁO CÁO TÀI CHÍNH
Item: Hội đồng quản trị | Ông Hồ Xuân Vinh
Value: Họ và tên: Ông Hồ Xuân Vinh | Chức vụ: Thành viên | Ngày bổ nhiệm/miễn nhiệm/tái bổ nhiệm: Tái bổ nhiệm ngày 10 tháng 5 năm 2024",1,,23752,8427,,,,
5,Có bao nhiêu thành viên Hội đồng Quản lý được bổ nhiệm hoặc bổ nhiệm lại vào ngày 10 tháng 5 năm 2024?,Có 5 thành viên Hội đồng quản trị được bổ nhiệm hoặc tái bổ nhiệm vào ngày 10 tháng 5 năm 2024.,"Có 5 thành viên Hội đồng Quản lý được bổ nhiệm hoặc bổ nhiệm lại vào ngày 10 tháng 5 năm 2024, bao gồm Ông Nguyễn Đức Quân, Bà Nguyễn Phương Dung, Bà Nguyễn Đỗ Hoàng Lan, Ông Đinh Quốc Đức và Ông Hồ Xuân Vinh.",10,"Table: PHẦN ĐẦU BÁO CÁO TÀI CHÍNH
Item: Hội đồng quản trị và Ban điều hành, quản lý
Value: Các thành viên Hội đồng quản trị, Ban Kiểm soát, Ban Tổng Giám đốc và Kế toán trưởng của Công ty trong kỳ và cho đến thời điểm lập báo cáo này bao gồm:
---
Table: PHẦN ĐẦU BÁO CÁO TÀI CHÍNH
Item: Hội đồng quản trị | Ông Hồ Xuân Vinh
Value: Họ và tên: Ông Hồ Xuân Vinh | Chức vụ: Thành viên | Ngày bổ nhiệm/miễn nhiệm/tái bổ nhiệm: Tái bổ nhiệm ngày 10 tháng 5 năm 2024
---
Table: PHẦN ĐẦU BÁO CÁO TÀI CHÍNH
Item: Hội đồng quản trị | Bà Nguyễn Phương Dung
Value: Họ và tên: Bà Nguyễn Phương Dung | Chức vụ: Thành viên | Ngày bổ nhiệm/miễn nhiệm/tái bổ nhiệm: Bổ nhiệm ngày 10 tháng 5 năm 2024
---
Table: PHẦN ĐẦU BÁO CÁO TÀI CHÍNH
Item: Hội đồng quản trị | Ông Nguyễn Đỗ Lăng
Value: Họ và tên: Ông Nguyễn Đỗ Lăng | Chức vụ: Thành viên | Ngày bổ nhiệm/miễn nhiệm/tái bổ nhiệm: Miễn nhiệm ngày 10 tháng 5 năm 2024
---
Table: PHẦN ĐẦU BÁO CÁO TÀI CHÍNH
Item: Hội đồng quản trị | Ông Đinh Quốc Đức
Value: Họ và tên: Ông Đinh Quốc Đức | Chức vụ: Thành viên | Ngày bổ nhiệm/miễn nhiệm/tái bổ nhiệm: Tái bổ nhiệm ngày 10 tháng 5 năm 2024
---
Table: PHẦN ĐẦU BÁO CÁO TÀI CHÍNH
Item: Hội đồng quản trị | Bà Nguyễn Đỗ Hoàng Lan
Value: Họ và tên: Bà Nguyễn Đỗ Hoàng Lan | Chức vụ: Thành viên | Ngày bổ nhiệm/miễn nhiệm/tái bổ nhiệm: Bổ nhiệm ngày 10 tháng 5 năm 2024
---
Table: PHẦN ĐẦU BÁO CÁO TÀI CHÍNH
Item: Hội đồng quản trị | Ông Nguyễn Văn Ly
Value: Họ và tên: Ông Nguyễn Văn Ly | Chức vụ: Chủ tịch | Ngày bổ nhiệm/miễn nhiệm/tái bổ nhiệm: Miễn nhiệm ngày 10 tháng 5 năm 2024
---
Table: PHẦN ĐẦU BÁO CÁO TÀI CHÍNH
Item: Hội đồng quản trị | Ông Nguyễn Đức Quân
Value: Họ và tên: Ông Nguyễn Đức Quân | Chức vụ: Chủ tịch | Ngày bổ nhiệm/miễn nhiệm/tái bổ nhiệm: Bổ nhiệm ngày 10 tháng 5 năm 2024
---
Table: PHẦN ĐẦU BÁO CÁO TÀI CHÍNH
Item: Trách nhiệm của Ban Tổng Giám đốc
Value: Ban Tổng Giám đốc đảm bảo các số kế toán thích hợp được lưu giữ đầy đủ để phản ánh tính hình tài chính của Công ty với mức độ chính xác hợp lý tại bất kỳ thời điểm nào và các số sách kế toán tuân thủ chế độ kế toán áp dụng. Ban Tổng Giám đốc cũng chịu trách nhiệm quản lý các tài sản của Công ty và do đó thực hiện các biện pháp thích hợp để ngăn chặn và phát hiện các hành vi gian lận và các vi phạm khác.
---
Table: PHẦN ĐẦU BÁO CÁO TÀI CHÍNH
Item: Trách nhiệm của Ban Tổng Giám đốc
Value: Theo ý kiến của Ban Tổng Giám Đốc, Báo cáo tài chính riêng đã phản ánh trung thực và hợp lý tính hình tài chính của Công ty tại thời điểm ngày 31 tháng 12 năm 2024, cũng như kết quả hoạt động kinh doanh và tình hình tài chính kết thúc cùng ngày, phù hợp với các Chuẩn mực Kế toán Việt Nam, Chế độ Kế toán doanh nghiệp Việt Nam và các quy định pháp lý có liên quan đến việc lập và trình bày Báo cáo tài chính.",1,,13591,8685,,,,
6,Phân tích tầm quan trọng của việc thay đổi người đại diện theo pháp luật đối với hoạt động của công ty.,"Dựa trên số liệu hiện có, công ty đã thay đổi người đại diện theo pháp luật vào ngày 10 tháng 5 năm 2024, với việc Ông Nguyễn Văn Ly (Chủ tịch) và Bà Nguyễn Đỗ Hoàng Lan (Thành viên) được bổ nhiệm. Việc thay đổi này quan trọng vì người đại diện pháp luật chịu trách nhiệm ký kết hợp đồng, đại diện công ty trước pháp luật, đảm bảo tuân thủ quy định và duy trì ổn định trong quyết định quản trị; do đó, sự thay đổi có thể ảnh hưởng đến quyền hạn, trách nhiệm và uy tín của công ty trong các giao dịch và hoạt động kinh doanh.","Việc thay đổi người đại diện theo pháp luật có tầm quan trọng lớn đối với hoạt động của công ty vì người đại diện theo pháp luật là cá nhân chịu trách nhiệm cao nhất về mặt pháp lý và đại diện cho công ty trong mọi giao dịch và quan hệ pháp lý. Sự thay đổi này có thể ảnh hưởng đến các quyết định chiến lược, hoạt động kinh doanh, mối quan hệ với đối tác, nhà đầu tư và cơ quan quản lý. Nó thường báo hiệu một sự thay đổi trong lãnh đạo cấp cao hoặc định hướng quản trị.",5,"Table: PHẦN ĐẦU BÁO CÁO TÀI CHÍNH
Item: Hội đồng quản trị | Ông Nguyễn Văn Ly
Value: Họ và tên: Ông Nguyễn Văn Ly | Chức vụ: Chủ tịch | Ngày bổ nhiệm/miễn nhiệm/tái bổ nhiệm: Miễn nhiệm ngày 10 tháng 5 năm 2024
---
Table: PHẦN ĐẦU BÁO CÁO TÀI CHÍNH
Item: Trách nhiệm của Ban Tổng Giám đốc
Value: Thay mặt Ban Tổng Giám đốc,
---
Table: PHẦN ĐẦU BÁO CÁO TÀI CHÍNH
Item: Hội đồng quản trị | Bà Nguyễn Đỗ Hoàng Lan
Value: Họ và tên: Bà Nguyễn Đỗ Hoàng Lan | Chức vụ: Thành viên | Ngày bổ nhiệm/miễn nhiệm/tái bổ nhiệm: Bổ nhiệm ngày 10 tháng 5 năm 2024
---
Table: PHẦN ĐẦU BÁO CÁO TÀI CHÍNH
Item: Khái quát về Công ty
Value: Trong quá trình hoạt động, Công ty đã 22 lần được Sở Kế hoạch và Đầu tư thành phố Hà Nội cấp bổ sung các Giấy phép chứng nhận đăng ký kinh doanh điều chỉnh. Trong đó, Giấy chứng nhận đăng ký doanh nghiệp điều chỉnh lần thứ 22 được cấp ngày 23 tháng 5 năm 2024 về việc thay đổi người đại diện theo pháp luật.
---
Table: PHẦN ĐẦU BÁO CÁO TÀI CHÍNH
Item: Trách nhiệm của Ban Tổng Giám đốc
Value: Theo ý kiến của Ban Tổng Giám Đốc, Báo cáo tài chính riêng đã phản ánh trung thực và hợp lý tính hình tài chính của Công ty tại thời điểm ngày 31 tháng 12 năm 2024, cũng như kết quả hoạt động kinh doanh và tình hình tài chính kết thúc cùng ngày, phù hợp với các Chuẩn mực Kế toán Việt Nam, Chế độ Kế toán doanh nghiệp Việt Nam và các quy định pháp lý có liên quan đến việc lập và trình bày Báo cáo tài chính.",1,,24836,7374,,,,
7,Đánh giá mức độ ổn định của ban lãnh đạo công ty dựa trên các thay đổi trong Hội đồng Quản lý.,"Dựa trên số liệu hiện có (PHẦN ĐẦU BÁO CÁO TÀI CHÍNH):
- Ông Nguyễn Đỗ Lăng – Thành viên – Miễn nhiệm ngày 10/5/2024.
- Bà Nguyễn Phương Dung – Thành viên – Bổ nhiệm ngày 10/5/2024.
- Ông Hồ Xuân Vinh – Thành viên – Tái bổ nhiệm ngày 10/5/2024.
- Ông Nguyễn Văn Ly – Chủ tịch – Miễn nhiệm ngày 10/5/2024.

*Nhận xét*:
- Trong cùng một ngày 10/5/2024, có 4 thay đổi quan trọng: 2 thành viên bị miễn nhiệm, 1 thành viên mới được bổ nhiệm và 1 thành viên được tái bổ nhiệm; chủ tịch hiện tại cũng bị miễn nhiệm.
- Sự thay đổi đồng thời của nhiều vị trí cao cấp cho thấy một mức độ thay đổi đáng kể trong ban lãnh đạo.
- Tuy nhiên, việc tái bổ nhiệm một thành viên (Ông Hồ Xuân Vinh) giúp duy trì một phần kiến thức và kinh nghiệm nội bộ.

**Kết luận tổng thể**: Ban lãnh đạo công ty đã trải qua một cú động lực đáng chú ý vào ngày 10/5/2024, với việc thay thế chủ tịch và một thành viên, đồng thời bổ nhiệm thành viên mới và tái bổ nhiệm thành viên cũ. Điều này phản ánh mức độ ổn định trung bình – có sự thay đổi đáng kể nhưng vẫn giữ lại một phần nhân lực cũ, nên công ty cần theo dõi tác động của các thay đổi này trong các kỳ báo cáo tiếp theo.","Dựa trên các thay đổi trong Hội đồng Quản lý, vào ngày 10 tháng 5 năm 2024, có sự thay đổi đáng kể về nhân sự: Ông Nguyễn Văn Lý (Chủ tịch) và Ông Nguyễn Đỗ Lăng (Thành viên) đã từ nhiệm, trong khi Ông Nguyễn Đức Quân (Chủ tịch mới), Bà Nguyễn Phương Dung và Bà Nguyễn Đỗ Hoàng Lan được bổ nhiệm. Ngoài ra, Ông Đinh Quốc Đức và Ông Hồ Xuân Vinh được bổ nhiệm lại. Sự thay đổi đồng loạt này, bao gồm cả vị trí Chủ tịch, cho thấy ban lãnh đạo có sự biến động lớn trong năm, có thể ảnh hưởng đến mức độ ổn định trong quản trị và định hướng chiến lược của công ty.",16,"Table: PHẦN ĐẦU BÁO CÁO TÀI CHÍNH
Item: Hội đồng quản trị | Ông Nguyễn Đỗ Lăng
Value: Họ và tên: Ông Nguyễn Đỗ Lăng | Chức vụ: Thành viên | Ngày bổ nhiệm/miễn nhiệm/tái bổ nhiệm: Miễn nhiệm ngày 10 tháng 5 năm 2024
---
Table: PHẦN ĐẦU BÁO CÁO TÀI CHÍNH
Item: Hội đồng quản trị | Bà Nguyễn Phương Dung
Value: Họ và tên: Bà Nguyễn Phương Dung | Chức vụ: Thành viên | Ngày bổ nhiệm/miễn nhiệm/tái bổ nhiệm: Bổ nhiệm ngày 10 tháng 5 năm 2024
---
Table: PHẦN ĐẦU BÁO CÁO TÀI CHÍNH
Item: Hội đồng quản trị | Ông Hồ Xuân Vinh
Value: Họ và tên: Ông Hồ Xuân Vinh | Chức vụ: Thành viên | Ngày bổ nhiệm/miễn nhiệm/tái bổ nhiệm: Tái bổ nhiệm ngày 10 tháng 5 năm 2024
---
Table: PHẦN ĐẦU BÁO CÁO TÀI CHÍNH
Item: Hội đồng quản trị | Ông Nguyễn Văn Ly
Value: Họ và tên: Ông Nguyễn Văn Ly | Chức vụ: Chủ tịch | Ngày bổ nhiệm/miễn nhiệm/tái bổ nhiệm: Miễn nhiệm ngày 10 tháng 5 năm 2024
---
Table: PHẦN ĐẦU BÁO CÁO TÀI CHÍNH
Item: Hội đồng quản trị và Ban điều hành, quản lý
Value: Các thành viên Hội đồng quản trị, Ban Kiểm soát, Ban Tổng Giám đốc và Kế toán trưởng của Công ty trong kỳ và cho đến thời điểm lập báo cáo này bao gồm:
---
Table: THUYẾT MINH BÁO CÁO TÀI CHÍNH
Item: Thuyết minh báo cáo tài chính
Value: 13. Phân phối lợi nhuận Lợi nhuận sau thuế thu nhập doanh nghiệp được phân phối cho các cổ đông sau khi đã trích lập các quỹ theo Điều lệ của Công ty cũng như các quy định của pháp luật và đã được Đại hội đồng cổ đông phê duyệt. Việc phân phối lợi nhuận cho các cổ đông được cân nhắc đến các khoản mục phi tiền tệ nằm trong lợi nhuận sau thuế chưa phân phối có thể ảnh hưởng đến luồng tiền và khả năng chi trả cổ tức như lãi do đánh giá lại tài sản mang đi góp vốn, lãi do đánh giá lại các khoản mục tiền tệ, các công cụ tài chính và các khoản mục phi tiền tệ khác. Cổ tức được ghi nhận là nợ phải trả khi được Đại hội đồng cổ đông phê duyệt.
---
Table: THUYẾT MINH BÁO CÁO TÀI CHÍNH
Item: Thuyết minh báo cáo tài chính
Value: Dự phòng tổn thất cho các khoản đầu tư vào công cụ vốn của đơn vị khác được trích lập như sau: Đối với khoản đầu tư vào cổ phiếu niêm yết hoặc giá trị hợp lý khoản đầu tư được xác định tin cậy, việc lập dự phòng dựa trên giá trị thị trường của cổ phiếu. Đối với khoản đầu tư không xác định được giá trị hợp lý tại thời điểm báo cáo, việc lập dự phòng được thực hiện căn cứ vào khoản lỗ của bên được đầu tư với mức trích lập bằng chênh lệch giữa vốn đầu tư thực tế của các chủ sở hữu và vốn chủ sở hữu tại ngày kết thúc năm tài chính nhân với tỷ lệ vốn điều lệ của Công ty so với tổng vốn điều lệ thực góp tại đơn vị khác.
---
Table: THUYẾT MINH BÁO CÁO TÀI CHÍNH
Item: Thuyết minh 16: Các khoản chi phí
Value: Các khoản chi phí và khoản doanh thu do nó tạo ra phải được ghi nhận đồng thời theo nguyên tắc phù hợp. Trong trường hợp nguyên tắc phù hợp xung đột với nguyên tắc thận trọng, chi phí được ghi nhận căn cứ vào bản chất và quy định của các chuẩn mực kế toán để đảm bảo phản ánh giao dịch một cách trung thực, hợp lý.
---
Table: THUYẾT MINH BÁO CÁO TÀI CHÍNH
Item: III. CHUẨN MỰC VÀ CHẾ ĐỘ KẾ TOÁN ÁP DỤNG
Value: 2. Tuyên bố về việc tuân thủ chuẩn mực kế toán và chế độ kế toán Ban Tổng Giám đốc đảm bảo đã tuân thủ yêu cầu của các Chuẩn mực Kế toán Việt Nam, Chế độ Kế toán doanh nghiệp Việt Nam được ban hành theo Thông tư số 200/2014/TT-BTC ngày 22 tháng 12 năm 2014, Thông tư số 53/2016/TT-BTC ngày 21 tháng 03 năm 2016 cũng như các thông tư hướng dẫn thực hiện chuẩn mực kế toán của Bộ Tài chính trong việc lập và trình bày Báo cáo tài chính.
---
Table: THUYẾT MINH BÁO CÁO TÀI CHÍNH
Item: Thuyết minh 9: Bất động sản đầu tư
Value: Các chi phí liên quan đến bất động sản đầu tư phát sinh sau ghi nhận ban đầu được ghi nhận vào chi phí, trừ khi chi phí này có khả năng chắc chắn làm cho bất động sản đầu tư tạo ra lợi ích kinh tế trong tương lai nhiều hơn mức hoạt động được đánh giá ban đầu thì được ghi tăng nguyên giá.
---
Table: PHẦN ĐẦU BÁO CÁO TÀI CHÍNH
Subheading: Chuẩn mực và chế độ kế toán
Item: Thông tin báo cáo tài chính | Chuẩn mực và chế độ kế toán
Value: Ban Tổng Giám đốc đảm bảo các số kế toán thích hợp được lưu giữ đầy đủ để phản ánh tính hình tài chính của Công ty với mức độ chính xác hợp lý tại bất kỳ thời điểm nào và các số sách kế toán tuân thủ chế độ kế toán áp dụng. Ban Tổng Giám đốc cũng chịu trách nhiệm quản lý các tài sản của Công ty và do đó thực hiện các biện pháp thích hợp để ngăn chặn và phát hiện các hành vi gian lận và các vi phạm khác.
---
Table: THUYẾT MINH BÁO CÁO TÀI CHÍNH
Item: Thuyết minh báo cáo tài chính | Công ty Cổ phần Quản lý Vận hành Bất động sản Mandala
Value: Số cuối kỳ Số lượng CP: 150.000 | Số cuối kỳ Tỷ lệ sở hữu: 19,00% | Số đầu năm Số lượng CP: 150.000 | Số đầu năm Tỷ lệ sở hữu: 19,00%
---
Table: THUYẾT MINH BÁO CÁO TÀI CHÍNH
Item: Thuyết minh 7: Chi phí quản lý doanh nghiệp | Chi phí nhân viên quản lý
Value: Luỹ kế từ đầu năm đến cuối kỳ này Năm nay: 18.509.488.336 | Luỹ kế từ đầu năm đến cuối kỳ này Năm trước: 27.526.591.673
---
Table: THUYẾT MINH BÁO CÁO TÀI CHÍNH
Item: Thuyết minh báo cáo tài chính | Công ty Cổ phần Quản lý Khách sạn và Dịch vụ Mandala
Value: Số cuối kỳ Số lượng CP: 800.000 | Số cuối kỳ Tỷ lệ sở hữu: 19,00% | Số đầu năm Số lượng CP: 800.000 | Số đầu năm Tỷ lệ sở hữu: 19,00%
---
Table: THUYẾT MINH BÁO CÁO TÀI CHÍNH
Item: Thuyết minh 7: Chi phí quản lý doanh nghiệp | Chi phí vật liệu quản lý
Value: Luỹ kế từ đầu năm đến cuối kỳ này Năm nay: 117.707.612 | Luỹ kế từ đầu năm đến cuối kỳ này Năm trước: 255.293.115
---
Table: THUYẾT MINH BÁO CÁO TÀI CHÍNH
Item: Thuyết minh báo cáo tài chính | Công ty Cổ phần Quản lý Vận hành Bất động sản Mandala
Value: Công ty: Công ty Cổ phần Quản lý Vận hành Bất động sản Mandala | Số vốn Công ty cam kết góp: 19.000.000.000 | Số đã góp tại 31/12/2024: 1.500.000.000 | Số còn phải góp: 17.500.000.000",1,,65868,13312,,,,
8,Ai là Tổng Giám đốc của Công ty APEC Investment tính đến ngày 24 tháng 01 năm 2025?,Tổng Giám đốc của Công ty APEC Investment tính đến ngày 24/01/2025 là Bà Nguyễn Phương Dung.,Bà Nguyễn Phương Dung là Tổng Giám đốc của Công ty APEC Investment tính đến ngày 24 tháng 01 năm 2025.,10,"Table: PHẦN ĐẦU BÁO CÁO TÀI CHÍNH
Item: Trách nhiệm của Ban Tổng Giám đốc
Value: Nguyễn Phương Dung
---
Table: PHẦN ĐẦU BÁO CÁO TÀI CHÍNH
Item: Ban Tổng Giám đốc, Kế toán trưởng | Bà Nguyễn Phương Dung
Value: Họ và tên: Bà Nguyễn Phương Dung | Chức vụ: Tổng Giám đốc | Ngày bổ nhiệm/miễn nhiệm: Bổ nhiệm ngày 01 tháng 4 năm 2024
---
Table: PHẦN ĐẦU BÁO CÁO TÀI CHÍNH
Item: Trách nhiệm của Ban Tổng Giám đốc
Value: Tổng Giám đốc
---
Table: PHẦN ĐẦU BÁO CÁO TÀI CHÍNH
Item: Trách nhiệm của Ban Tổng Giám đốc
Value: Ngày 24 tháng 01 năm 2025
---
Table: PHẦN ĐẦU BÁO CÁO TÀI CHÍNH
Item: Ban Tổng Giám đốc, Kế toán trưởng | Ông Phạm Văn Dũng
Value: Họ và tên: Ông Phạm Văn Dũng | Chức vụ: Tổng Giám đốc | Ngày bổ nhiệm/miễn nhiệm: Miễn nhiệm ngày 01 tháng 4 năm 2024
---
Table: PHẦN ĐẦU BÁO CÁO TÀI CHÍNH
Item: Trách nhiệm của Ban Tổng Giám đốc
Value: Theo ý kiến của Ban Tổng Giám Đốc, Báo cáo tài chính riêng đã phản ánh trung thực và hợp lý tính hình tài chính của Công ty tại thời điểm ngày 31 tháng 12 năm 2024, cũng như kết quả hoạt động kinh doanh và tình hình tài chính kết thúc cùng ngày, phù hợp với các Chuẩn mực Kế toán Việt Nam, Chế độ Kế toán doanh nghiệp Việt Nam và các quy định pháp lý có liên quan đến việc lập và trình bày Báo cáo tài chính.
---
Table: PHẦN ĐẦU BÁO CÁO TÀI CHÍNH
Item: Trách nhiệm của Ban Tổng Giám đốc
Value: Thực hiện các xét đoán và ước tính một cách hợp lý và thận trọng;
---
Table: PHẦN ĐẦU BÁO CÁO TÀI CHÍNH
Item: Trách nhiệm của Ban Tổng Giám đốc
Value: Ban Tổng Giám đốc đảm bảo các số kế toán thích hợp được lưu giữ đầy đủ để phản ánh tính hình tài chính của Công ty với mức độ chính xác hợp lý tại bất kỳ thời điểm nào và các số sách kế toán tuân thủ chế độ kế toán áp dụng. Ban Tổng Giám đốc cũng chịu trách nhiệm quản lý các tài sản của Công ty và do đó thực hiện các biện pháp thích hợp để ngăn chặn và phát hiện các hành vi gian lận và các vi phạm khác.
---
Table: PHẦN ĐẦU BÁO CÁO TÀI CHÍNH
Item: Trách nhiệm của Ban Tổng Giám đốc
Value: Ban Tổng Giám đốc chịu trách nhiệm lập Báo cáo tài chính riêng phản ánh trung thực và hợp lý tính hình tài chính, kết quả hoạt động kinh doanh và lưu chuyển tiền tệ của Công ty trong kỳ. Trong việc lập Báo cáo tài chính riêng này, Ban Tổng Giám đốc phải:
---
Table: PHẦN ĐẦU BÁO CÁO TÀI CHÍNH
Item: Trách nhiệm của Ban Tổng Giám đốc
Value: Thay mặt Ban Tổng Giám đốc,",1,,21861,8497,,,,
9,Ngày bổ nhiệm Kế toán trưởng (Quyền) của công ty là khi nào?,Kế toán trưởng (Quyền) được bổ nhiệm ngày 01 tháng 09 năm 2023.,Ngày bổ nhiệm Kế toán trưởng (Quyền) của công ty là ngày 01 tháng 9 năm 2023.,10,"Table: PHẦN ĐẦU BÁO CÁO TÀI CHÍNH
Item: Ban Tổng Giám đốc, Kế toán trưởng | Bà Vũ Thị Thanh Loan
Value: Họ và tên: Bà Vũ Thị Thanh Loan | Chức vụ: Quyền Kế toán trưởng | Ngày bổ nhiệm/miễn nhiệm: Bổ nhiệm ngày 01 tháng 09 năm 2023
---
Table: PHẦN ĐẦU BÁO CÁO TÀI CHÍNH
Item: Ban Tổng Giám đốc, Kế toán trưởng | Bà Nguyễn Phương Dung
Value: Họ và tên: Bà Nguyễn Phương Dung | Chức vụ: Tổng Giám đốc | Ngày bổ nhiệm/miễn nhiệm: Bổ nhiệm ngày 01 tháng 4 năm 2024
---
Table: PHẦN ĐẦU BÁO CÁO TÀI CHÍNH
Subheading: Chuẩn mực và chế độ kế toán
Item: Thông tin báo cáo tài chính | Chuẩn mực và chế độ kế toán
Value: Ban Tổng Giám đốc đảm bảo các số kế toán thích hợp được lưu giữ đầy đủ để phản ánh tính hình tài chính của Công ty với mức độ chính xác hợp lý tại bất kỳ thời điểm nào và các số sách kế toán tuân thủ chế độ kế toán áp dụng. Ban Tổng Giám đốc cũng chịu trách nhiệm quản lý các tài sản của Công ty và do đó thực hiện các biện pháp thích hợp để ngăn chặn và phát hiện các hành vi gian lận và các vi phạm khác.
---
Table: PHẦN ĐẦU BÁO CÁO TÀI CHÍNH
Item: Ban Tổng Giám đốc, Kế toán trưởng | Ông Phạm Văn Dũng
Value: Họ và tên: Ông Phạm Văn Dũng | Chức vụ: Tổng Giám đốc | Ngày bổ nhiệm/miễn nhiệm: Miễn nhiệm ngày 01 tháng 4 năm 2024
---
Table: PHẦN ĐẦU BÁO CÁO TÀI CHÍNH
Subheading: Chuẩn mực và chế độ kế toán
Item: Thông tin báo cáo tài chính | Chuẩn mực và chế độ kế toán
Value: 2. Tuyên bố về việc tuân thủ chuẩn mực kế toán và chế độ kế toán Ban Tổng Giám đốc đảm bảo đã tuân thủ yêu cầu của các Chuẩn mực Kế toán Việt Nam, Chế độ Kế toán doanh nghiệp Việt Nam được ban hành theo Thông tư số 200/2014/TT-BTC ngày 22 tháng 12 năm 2014, Thông tư số 53/2016/TT-BTC ngày 21 tháng 03 năm 2016 cũng như các thông tư hướng dẫn thực hiện chuẩn mực kế toán của Bộ Tài chính trong việc lập và trình bày Báo cáo tài chính.
---
Table: PHẦN ĐẦU BÁO CÁO TÀI CHÍNH
Subheading: Chuẩn mực và chế độ kế toán
Item: Thông tin báo cáo tài chính | Chuẩn mực và chế độ kế toán
Value: Theo ý kiến của Ban Tổng Giám Đốc, Báo cáo tài chính riêng đã phản ánh trung thực và hợp lý tính hình tài chính của Công ty tại thời điểm ngày 31 tháng 12 năm 2024, cũng như kết quả hoạt động kinh doanh và tình hình tài chính kết thúc cùng ngày, phù hợp với các Chuẩn mực Kế toán Việt Nam, Chế độ Kế toán doanh nghiệp Việt Nam và các quy định pháp lý có liên quan đến việc lập và trình bày Báo cáo tài chính.
---
Table: PHẦN ĐẦU BÁO CÁO TÀI CHÍNH
Item: Trách nhiệm của Ban Tổng Giám đốc
Value: Ngày 24 tháng 01 năm 2025
---
Table: PHẦN ĐẦU BÁO CÁO TÀI CHÍNH
Subheading: Chuẩn mực và chế độ kế toán
Item: Thông tin báo cáo tài chính | Chuẩn mực và chế độ kế toán
Value: Theo quy định tại Chuẩn mực Kế toán Việt Nam số 05 ""Bất động sản đầu tư"", giá trị hợp lý của bất động sản đầu tư tại ngày kết thúc năm tài chính cần phải được trình bày. Tuy nhiên, Công ty hiện chưa xác định được giá trị hợp lý của các bất động sản đầu tư do chưa tìm được công ty định giá phù hợp để thực hiện công việc này.
---
Table: PHẦN ĐẦU BÁO CÁO TÀI CHÍNH
Subheading: Chuẩn mực và chế độ kế toán
Item: Thông tin báo cáo tài chính | Chuẩn mực và chế độ kế toán
Value: Các khoản chi phí và khoản doanh thu do nó tạo ra phải được ghi nhận đồng thời theo nguyên tắc phù hợp. Trong trường hợp nguyên tắc phù hợp xung đột với nguyên tắc thận trọng, chi phí được ghi nhận căn cứ vào bản chất và quy định của các chuẩn mực kế toán để đảm bảo phản ánh giao dịch một cách trung thực, hợp lý.
---
Table: PHẦN ĐẦU BÁO CÁO TÀI CHÍNH
Subheading: Chuẩn mực và chế độ kế toán
Item: Thông tin báo cáo tài chính | Chuẩn mực và chế độ kế toán
Value: 1. Chế độ kế toán áp dụng",1,,19781,7409,,,,
10,Trách nhiệm chính của Ban Giám đốc trong việc lập Báo cáo tài chính là gì?,"Ban Giám đốc (Ban Tổng Giám đốc) chịu trách nhiệm lập Báo cáo tài chính phản ánh trung thực và hợp lý tình hình tài chính, kết quả hoạt động kinh doanh và lưu chuyển tiền tệ của công ty; thực hiện báo cáo trên cơ sở hoạt động liên tục; thiết lập và thực hiện hệ thống kiểm soát nội bộ để hạn chế sai sót và gian lận; lưu giữ đầy đủ số liệu kế toán và tuân thủ các chuẩn mực, chính sách kế toán đã chọn; thực hiện các xét đoán và ước tính một cách hợp lý và thận trọng; nêu rõ việc tuân thủ các chuẩn mực kế toán và cam kết tuân thủ các yêu cầu lập báo cáo tài chính.","Trách nhiệm chính của Ban Giám đốc trong việc lập Báo cáo tài chính là trình bày trung thực và hợp lý tình hình tài chính, kết quả hoạt động kinh doanh và lưu chuyển tiền tệ của Công ty. Để thực hiện, Ban Giám đốc phải lựa chọn và áp dụng chính sách kế toán phù hợp, đưa ra xét đoán và ước tính thận trọng, tuân thủ chuẩn mực kế toán Việt Nam, lập báo cáo trên cơ sở hoạt động liên tục và thiết kế hệ thống kiểm soát nội bộ hiệu quả.",10,"Table: PHẦN ĐẦU BÁO CÁO TÀI CHÍNH
Item: Trách nhiệm của Ban Tổng Giám đốc
Value: Ban Tổng Giám đốc chịu trách nhiệm lập Báo cáo tài chính riêng phản ánh trung thực và hợp lý tính hình tài chính, kết quả hoạt động kinh doanh và lưu chuyển tiền tệ của Công ty trong kỳ. Trong việc lập Báo cáo tài chính riêng này, Ban Tổng Giám đốc phải:
---
Table: PHẦN ĐẦU BÁO CÁO TÀI CHÍNH
Item: Trách nhiệm của Ban Tổng Giám đốc
Value: Lập Báo cáo tài chính riêng trên cơ sở hoạt động liên tục trừ trường hợp không thể cho rằng Công ty sẽ tiếp tục hoạt động liên tục;
---
Table: PHẦN ĐẦU BÁO CÁO TÀI CHÍNH
Item: Trách nhiệm của Ban Tổng Giám đốc
Value: Thiết lập và thực hiện hệ thống kiểm soát nội bộ một cách hữu hiệu nhằm hạn chế rủi ro có sai sót trong yêu cầu do gian lận hoặc nhân lên trong việc lập và trình bày Báo cáo tài chính.
---
Table: PHẦN ĐẦU BÁO CÁO TÀI CHÍNH
Item: Trách nhiệm của Ban Tổng Giám đốc
Value: Ban Tổng Giám đốc đảm bảo các số kế toán thích hợp được lưu giữ đầy đủ để phản ánh tính hình tài chính của Công ty với mức độ chính xác hợp lý tại bất kỳ thời điểm nào và các số sách kế toán tuân thủ chế độ kế toán áp dụng. Ban Tổng Giám đốc cũng chịu trách nhiệm quản lý các tài sản của Công ty và do đó thực hiện các biện pháp thích hợp để ngăn chặn và phát hiện các hành vi gian lận và các vi phạm khác.
---
Table: PHẦN ĐẦU BÁO CÁO TÀI CHÍNH
Item: Trách nhiệm của Ban Tổng Giám đốc
Value: Chọn lựa các chính sách kế toán thích hợp và áp dụng các chính sách này một cách nhất quán;
---
Table: PHẦN ĐẦU BÁO CÁO TÀI CHÍNH
Item: Trách nhiệm của Ban Tổng Giám đốc
Value: Thực hiện các xét đoán và ước tính một cách hợp lý và thận trọng;
---
Table: PHẦN ĐẦU BÁO CÁO TÀI CHÍNH
Item: Trách nhiệm của Ban Tổng Giám đốc
Value: Nêu rõ các chuẩn mực kế toán áp dụng cho Công ty có được tuân thủ hay không và tất cả các sai lệch trong yêu cầu được trình bày và giải thích trong Báo cáo tài chính giữa niên độ;
---
Table: PHẦN ĐẦU BÁO CÁO TÀI CHÍNH
Item: Trách nhiệm của Ban Tổng Giám đốc
Value: Ban Tổng Giám đốc cam kết đã tuân thủ các yêu cầu nêu trong việc lập Báo cáo tài chính riêng.
---
Table: PHẦN ĐẦU BÁO CÁO TÀI CHÍNH
Item: Trách nhiệm của Ban Tổng Giám đốc
Value: Theo ý kiến của Ban Tổng Giám Đốc, Báo cáo tài chính riêng đã phản ánh trung thực và hợp lý tính hình tài chính của Công ty tại thời điểm ngày 31 tháng 12 năm 2024, cũng như kết quả hoạt động kinh doanh và tình hình tài chính kết thúc cùng ngày, phù hợp với các Chuẩn mực Kế toán Việt Nam, Chế độ Kế toán doanh nghiệp Việt Nam và các quy định pháp lý có liên quan đến việc lập và trình bày Báo cáo tài chính.
---
Table: PHẦN ĐẦU BÁO CÁO TÀI CHÍNH
Item: Báo cáo của ban tổng giám đốc
Value: Ban Tổng Giám đốc Công ty Cổ phần Đầu tư Châu Á – Thái Bình Dương (sau đây gọi tắt là “Công ty”) trình bày báo cáo của mình cùng với Báo cáo tài chính riêng của Công ty cho Quý IV năm 2024.",1,,22134,7256,,,,
11,Các Báo cáo tài chính được phê duyệt dựa trên chuẩn mực và hệ thống kế toán nào?,"Báo cáo tài chính được phê duyệt dựa trên Chuẩn mực Kế toán Việt Nam và Chế độ Kế toán doanh nghiệp Việt Nam (theo Thông tư số 200/2), do Ban Tổng Giám đốc xác nhận đã tuân thủ đầy đủ.",Các Báo cáo tài chính được phê duyệt dựa trên Chuẩn mực và Chế độ kế toán Việt Nam và các quy định pháp luật khác liên quan đến việc lập và trình bày Báo cáo tài chính.,10,"Table: PHẦN ĐẦU BÁO CÁO TÀI CHÍNH
Subheading: Chuẩn mực và chế độ kế toán
Item: Thông tin báo cáo tài chính | Chuẩn mực và chế độ kế toán
Value: 2. Tuyên bố về việc tuân thủ chuẩn mực kế toán và chế độ kế toán Ban Tổng Giám đốc đảm bảo đã tuân thủ yêu cầu của các Chuẩn mực Kế toán Việt Nam, Chế độ Kế toán doanh nghiệp Việt Nam được ban hành theo Thông tư số 200/2014/TT-BTC ngày 22 tháng 12 năm 2014, Thông tư số 53/2016/TT-BTC ngày 21 tháng 03 năm 2016 cũng như các thông tư hướng dẫn thực hiện chuẩn mực kế toán của Bộ Tài chính trong việc lập và trình bày Báo cáo tài chính.
---
Table: PHẦN ĐẦU BÁO CÁO TÀI CHÍNH
Subheading: Chuẩn mực và chế độ kế toán
Item: Thông tin báo cáo tài chính | Chuẩn mực và chế độ kế toán
Value: ## III. CHUẨN MỰC VÀ CHẾ ĐỘ KẾ TOÁN ÁP DỤNG
---
Table: PHẦN ĐẦU BÁO CÁO TÀI CHÍNH
Subheading: Chuẩn mực và chế độ kế toán
Item: Thông tin báo cáo tài chính | Chuẩn mực và chế độ kế toán
Value: Nêu rõ các chuẩn mực kế toán áp dụng cho Công ty có được tuân thủ hay không và tất cả các sai lệch trong yêu cầu được trình bày và giải thích trong Báo cáo tài chính giữa niên độ;
---
Table: PHẦN ĐẦU BÁO CÁO TÀI CHÍNH
Subheading: Chuẩn mực và chế độ kế toán
Item: Thông tin báo cáo tài chính | Chuẩn mực và chế độ kế toán
Value: 1. Chế độ kế toán áp dụng
---
Table: PHẦN ĐẦU BÁO CÁO TÀI CHÍNH
Subheading: Chuẩn mực và chế độ kế toán
Item: Thông tin báo cáo tài chính | Chuẩn mực và chế độ kế toán
Value: Ban Tổng Giám đốc đảm bảo các số kế toán thích hợp được lưu giữ đầy đủ để phản ánh tính hình tài chính của Công ty với mức độ chính xác hợp lý tại bất kỳ thời điểm nào và các số sách kế toán tuân thủ chế độ kế toán áp dụng. Ban Tổng Giám đốc cũng chịu trách nhiệm quản lý các tài sản của Công ty và do đó thực hiện các biện pháp thích hợp để ngăn chặn và phát hiện các hành vi gian lận và các vi phạm khác.
---
Table: PHẦN ĐẦU BÁO CÁO TÀI CHÍNH
Subheading: Chuẩn mực và chế độ kế toán
Item: Thông tin báo cáo tài chính | Chuẩn mực và chế độ kế toán
Value: Các khoản chi phí và khoản doanh thu do nó tạo ra phải được ghi nhận đồng thời theo nguyên tắc phù hợp. Trong trường hợp nguyên tắc phù hợp xung đột với nguyên tắc thận trọng, chi phí được ghi nhận căn cứ vào bản chất và quy định của các chuẩn mực kế toán để đảm bảo phản ánh giao dịch một cách trung thực, hợp lý.
---
Table: PHẦN ĐẦU BÁO CÁO TÀI CHÍNH
Subheading: Chuẩn mực và chế độ kế toán
Item: Thông tin báo cáo tài chính | Chuẩn mực và chế độ kế toán
Value: Theo quy định tại Chuẩn mực Kế toán Việt Nam số 05 ""Bất động sản đầu tư"", giá trị hợp lý của bất động sản đầu tư tại ngày kết thúc năm tài chính cần phải được trình bày. Tuy nhiên, Công ty hiện chưa xác định được giá trị hợp lý của các bất động sản đầu tư do chưa tìm được công ty định giá phù hợp để thực hiện công việc này.
---
Table: PHẦN ĐẦU BÁO CÁO TÀI CHÍNH
Subheading: Chuẩn mực và chế độ kế toán
Item: Thông tin báo cáo tài chính | Chuẩn mực và chế độ kế toán
Value: Theo ý kiến của Ban Tổng Giám Đốc, Báo cáo tài chính riêng đã phản ánh trung thực và hợp lý tính hình tài chính của Công ty tại thời điểm ngày 31 tháng 12 năm 2024, cũng như kết quả hoạt động kinh doanh và tình hình tài chính kết thúc cùng ngày, phù hợp với các Chuẩn mực Kế toán Việt Nam, Chế độ Kế toán doanh nghiệp Việt Nam và các quy định pháp lý có liên quan đến việc lập và trình bày Báo cáo tài chính.
---
Table: PHẦN ĐẦU BÁO CÁO TÀI CHÍNH
Item: Trách nhiệm của Ban Tổng Giám đốc
Value: Nêu rõ các chuẩn mực kế toán áp dụng cho Công ty có được tuân thủ hay không và tất cả các sai lệch trong yêu cầu được trình bày và giải thích trong Báo cáo tài chính giữa niên độ;
---
Table: PHẦN ĐẦU BÁO CÁO TÀI CHÍNH
Item: Trách nhiệm của Ban Tổng Giám đốc
Value: Ban Tổng Giám đốc đảm bảo các số kế toán thích hợp được lưu giữ đầy đủ để phản ánh tính hình tài chính của Công ty với mức độ chính xác hợp lý tại bất kỳ thời điểm nào và các số sách kế toán tuân thủ chế độ kế toán áp dụng. Ban Tổng Giám đốc cũng chịu trách nhiệm quản lý các tài sản của Công ty và do đó thực hiện các biện pháp thích hợp để ngăn chặn và phát hiện các hành vi gian lận và các vi phạm khác.",1,,19367,8720,,,,
12,Đánh giá tầm quan trọng của hệ thống kiểm soát nội bộ trong việc đảm bảo tính trung thực của báo cáo tài chính.,"- Ban Tổng Giám đốc nhấn mạnh việc thiết lập và thực hiện hệ thống kiểm soát nội bộ hiệu quả nhằm hạn chế rủi ro sai sót, gian lận hoặc nhân lên trong việc lập và trình bày báo cáo tài chính.
- Nhờ có hệ thống kiểm soát nội bộ, báo cáo tài chính được khẳng định là phản ánh trung thực và hợp lý tính hình tài chính, kết quả hoạt động kinh doanh và lưu chuyển tiền tệ của công ty tại thời điểm báo cáo.","Hệ thống kiểm soát nội bộ đóng vai trò cực kỳ quan trọng trong việc đảm bảo tính trung thực và hợp lý của báo cáo tài chính. Theo tuyên bố của Ban Giám đốc, hệ thống này được thiết kế và thực hiện hiệu quả nhằm ngăn chặn và phát hiện các sai sót trọng yếu do gian lận hoặc lỗi, đồng thời đảm bảo việc ghi chép sổ kế toán đầy đủ và phản ánh trung thực tình hình tài chính. Một hệ thống kiểm soát nội bộ yếu kém có thể dẫn đến thông tin tài chính sai lệch, ảnh hưởng nghiêm trọng đến quyết định của nhà đầu tư và sự tuân thủ pháp luật.",10,"Table: PHẦN ĐẦU BÁO CÁO TÀI CHÍNH
Subheading: Chuẩn mực và chế độ kế toán
Item: Thông tin báo cáo tài chính | Chuẩn mực và chế độ kế toán
Value: Theo ý kiến của Ban Tổng Giám Đốc, Báo cáo tài chính riêng đã phản ánh trung thực và hợp lý tính hình tài chính của Công ty tại thời điểm ngày 31 tháng 12 năm 2024, cũng như kết quả hoạt động kinh doanh và tình hình tài chính kết thúc cùng ngày, phù hợp với các Chuẩn mực Kế toán Việt Nam, Chế độ Kế toán doanh nghiệp Việt Nam và các quy định pháp lý có liên quan đến việc lập và trình bày Báo cáo tài chính.
---
Table: PHẦN ĐẦU BÁO CÁO TÀI CHÍNH
Item: Trách nhiệm của Ban Tổng Giám đốc
Value: Thiết lập và thực hiện hệ thống kiểm soát nội bộ một cách hữu hiệu nhằm hạn chế rủi ro có sai sót trong yêu cầu do gian lận hoặc nhân lên trong việc lập và trình bày Báo cáo tài chính.
---
Table: PHẦN ĐẦU BÁO CÁO TÀI CHÍNH
Item: Trách nhiệm của Ban Tổng Giám đốc
Value: Theo ý kiến của Ban Tổng Giám Đốc, Báo cáo tài chính riêng đã phản ánh trung thực và hợp lý tính hình tài chính của Công ty tại thời điểm ngày 31 tháng 12 năm 2024, cũng như kết quả hoạt động kinh doanh và tình hình tài chính kết thúc cùng ngày, phù hợp với các Chuẩn mực Kế toán Việt Nam, Chế độ Kế toán doanh nghiệp Việt Nam và các quy định pháp lý có liên quan đến việc lập và trình bày Báo cáo tài chính.
---
Table: PHẦN ĐẦU BÁO CÁO TÀI CHÍNH
Item: Trách nhiệm của Ban Tổng Giám đốc
Value: Ban Tổng Giám đốc chịu trách nhiệm lập Báo cáo tài chính riêng phản ánh trung thực và hợp lý tính hình tài chính, kết quả hoạt động kinh doanh và lưu chuyển tiền tệ của Công ty trong kỳ. Trong việc lập Báo cáo tài chính riêng này, Ban Tổng Giám đốc phải:
---
Table: PHẦN ĐẦU BÁO CÁO TÀI CHÍNH
Subheading: Chuẩn mực và chế độ kế toán
Item: Thông tin báo cáo tài chính | Chuẩn mực và chế độ kế toán
Value: Ban Tổng Giám đốc đảm bảo các số kế toán thích hợp được lưu giữ đầy đủ để phản ánh tính hình tài chính của Công ty với mức độ chính xác hợp lý tại bất kỳ thời điểm nào và các số sách kế toán tuân thủ chế độ kế toán áp dụng. Ban Tổng Giám đốc cũng chịu trách nhiệm quản lý các tài sản của Công ty và do đó thực hiện các biện pháp thích hợp để ngăn chặn và phát hiện các hành vi gian lận và các vi phạm khác.
---
Table: PHẦN ĐẦU BÁO CÁO TÀI CHÍNH
Subheading: Chuẩn mực và chế độ kế toán
Item: Thông tin báo cáo tài chính | Chuẩn mực và chế độ kế toán
Value: 2. Tuyên bố về việc tuân thủ chuẩn mực kế toán và chế độ kế toán Ban Tổng Giám đốc đảm bảo đã tuân thủ yêu cầu của các Chuẩn mực Kế toán Việt Nam, Chế độ Kế toán doanh nghiệp Việt Nam được ban hành theo Thông tư số 200/2014/TT-BTC ngày 22 tháng 12 năm 2014, Thông tư số 53/2016/TT-BTC ngày 21 tháng 03 năm 2016 cũng như các thông tư hướng dẫn thực hiện chuẩn mực kế toán của Bộ Tài chính trong việc lập và trình bày Báo cáo tài chính.
---
Table: PHẦN ĐẦU BÁO CÁO TÀI CHÍNH
Item: Trách nhiệm của Ban Tổng Giám đốc
Value: Ban Tổng Giám đốc đảm bảo các số kế toán thích hợp được lưu giữ đầy đủ để phản ánh tính hình tài chính của Công ty với mức độ chính xác hợp lý tại bất kỳ thời điểm nào và các số sách kế toán tuân thủ chế độ kế toán áp dụng. Ban Tổng Giám đốc cũng chịu trách nhiệm quản lý các tài sản của Công ty và do đó thực hiện các biện pháp thích hợp để ngăn chặn và phát hiện các hành vi gian lận và các vi phạm khác.
---
Table: PHẦN ĐẦU BÁO CÁO TÀI CHÍNH
Subheading: Chuẩn mực và chế độ kế toán
Item: Thông tin báo cáo tài chính | Chuẩn mực và chế độ kế toán
Value: Các khoản chi phí và khoản doanh thu do nó tạo ra phải được ghi nhận đồng thời theo nguyên tắc phù hợp. Trong trường hợp nguyên tắc phù hợp xung đột với nguyên tắc thận trọng, chi phí được ghi nhận căn cứ vào bản chất và quy định của các chuẩn mực kế toán để đảm bảo phản ánh giao dịch một cách trung thực, hợp lý.
---
Table: PHẦN ĐẦU BÁO CÁO TÀI CHÍNH
Subheading: Chuẩn mực và chế độ kế toán
Item: Thông tin báo cáo tài chính | Chuẩn mực và chế độ kế toán
Value: Nêu rõ các chuẩn mực kế toán áp dụng cho Công ty có được tuân thủ hay không và tất cả các sai lệch trong yêu cầu được trình bày và giải thích trong Báo cáo tài chính giữa niên độ;
---
Table: PHẦN ĐẦU BÁO CÁO TÀI CHÍNH
Subheading: Chuẩn mực và chế độ kế toán
Item: Thông tin báo cáo tài chính | Chuẩn mực và chế độ kế toán
Value: 1. Chế độ kế toán áp dụng",1,,24675,7697,,,,
13,Phân tích tác động của việc lập báo cáo trên cơ sở hoạt động liên tục đối với các nhà đầu tư.,"Việc lập báo cáo tài chính trên cơ sở hoạt động liên tục giúp nhà đầu tư nhận được báo cáo phản ánh trung thực và hợp lý tình hình tài chính, kết quả hoạt động kinh doanh và lưu chuyển tiền tệ của công ty, đồng thời đảm bảo tuân thủ các chuẩn mực kế toán Việt Nam, cho phép họ đánh giá khả năng tiếp tục hoạt động và rủi ro của công ty.","Việc lập báo cáo tài chính trên cơ sở hoạt động liên tục (going concern basis) có tác động lớn đối với các nhà đầu tư. Nó ngụ ý rằng công ty dự kiến sẽ tiếp tục hoạt động trong tương lai gần mà không có ý định hoặc nhu cầu thanh lý hoặc ngừng hoạt động đáng kể. Đối với nhà đầu tư, đây là một tín hiệu tích cực về sự ổn định và bền vững của doanh nghiệp, làm tăng niềm tin vào khả năng sinh lời và hoàn trả khoản đầu tư của họ. Ngược lại, nếu giả định hoạt động liên tục không phù hợp, điều đó sẽ báo hiệu rủi ro phá sản hoặc tái cơ cấu nghiêm trọng, khiến nhà đầu tư xem xét lại các quyết định đầu tư.",10,"Table: PHẦN ĐẦU BÁO CÁO TÀI CHÍNH
Item: Trách nhiệm của Ban Tổng Giám đốc
Value: Lập Báo cáo tài chính riêng trên cơ sở hoạt động liên tục trừ trường hợp không thể cho rằng Công ty sẽ tiếp tục hoạt động liên tục;
---
Table: PHẦN ĐẦU BÁO CÁO TÀI CHÍNH
Item: Trách nhiệm của Ban Tổng Giám đốc
Value: Theo ý kiến của Ban Tổng Giám Đốc, Báo cáo tài chính riêng đã phản ánh trung thực và hợp lý tính hình tài chính của Công ty tại thời điểm ngày 31 tháng 12 năm 2024, cũng như kết quả hoạt động kinh doanh và tình hình tài chính kết thúc cùng ngày, phù hợp với các Chuẩn mực Kế toán Việt Nam, Chế độ Kế toán doanh nghiệp Việt Nam và các quy định pháp lý có liên quan đến việc lập và trình bày Báo cáo tài chính.
---
Table: PHẦN ĐẦU BÁO CÁO TÀI CHÍNH
Item: Báo cáo của ban tổng giám đốc
Value: Ban Tổng Giám đốc Công ty Cổ phần Đầu tư Châu Á – Thái Bình Dương (sau đây gọi tắt là “Công ty”) trình bày báo cáo của mình cùng với Báo cáo tài chính riêng của Công ty cho Quý IV năm 2024.
---
Table: PHẦN ĐẦU BÁO CÁO TÀI CHÍNH
Subheading: Chuẩn mực và chế độ kế toán
Item: Thông tin báo cáo tài chính | Chuẩn mực và chế độ kế toán
Value: Theo ý kiến của Ban Tổng Giám Đốc, Báo cáo tài chính riêng đã phản ánh trung thực và hợp lý tính hình tài chính của Công ty tại thời điểm ngày 31 tháng 12 năm 2024, cũng như kết quả hoạt động kinh doanh và tình hình tài chính kết thúc cùng ngày, phù hợp với các Chuẩn mực Kế toán Việt Nam, Chế độ Kế toán doanh nghiệp Việt Nam và các quy định pháp lý có liên quan đến việc lập và trình bày Báo cáo tài chính.
---
Table: PHẦN ĐẦU BÁO CÁO TÀI CHÍNH
Item: Trách nhiệm của Ban Tổng Giám đốc
Value: Ban Tổng Giám đốc chịu trách nhiệm lập Báo cáo tài chính riêng phản ánh trung thực và hợp lý tính hình tài chính, kết quả hoạt động kinh doanh và lưu chuyển tiền tệ của Công ty trong kỳ. Trong việc lập Báo cáo tài chính riêng này, Ban Tổng Giám đốc phải:
---
Table: PHẦN ĐẦU BÁO CÁO TÀI CHÍNH
Subheading: Chuẩn mực và chế độ kế toán
Item: Thông tin báo cáo tài chính | Chuẩn mực và chế độ kế toán
Value: 2. Tuyên bố về việc tuân thủ chuẩn mực kế toán và chế độ kế toán Ban Tổng Giám đốc đảm bảo đã tuân thủ yêu cầu của các Chuẩn mực Kế toán Việt Nam, Chế độ Kế toán doanh nghiệp Việt Nam được ban hành theo Thông tư số 200/2014/TT-BTC ngày 22 tháng 12 năm 2014, Thông tư số 53/2016/TT-BTC ngày 21 tháng 03 năm 2016 cũng như các thông tư hướng dẫn thực hiện chuẩn mực kế toán của Bộ Tài chính trong việc lập và trình bày Báo cáo tài chính.
---
Table: PHẦN ĐẦU BÁO CÁO TÀI CHÍNH
Subheading: Chuẩn mực và chế độ kế toán
Item: Thông tin báo cáo tài chính | Chuẩn mực và chế độ kế toán
Value: Theo quy định tại Chuẩn mực Kế toán Việt Nam số 05 ""Bất động sản đầu tư"", giá trị hợp lý của bất động sản đầu tư tại ngày kết thúc năm tài chính cần phải được trình bày. Tuy nhiên, Công ty hiện chưa xác định được giá trị hợp lý của các bất động sản đầu tư do chưa tìm được công ty định giá phù hợp để thực hiện công việc này.
---
Table: PHẦN ĐẦU BÁO CÁO TÀI CHÍNH
Subheading: Chuẩn mực và chế độ kế toán
Item: Thông tin báo cáo tài chính | Chuẩn mực và chế độ kế toán
Value: Ban Tổng Giám đốc đảm bảo các số kế toán thích hợp được lưu giữ đầy đủ để phản ánh tính hình tài chính của Công ty với mức độ chính xác hợp lý tại bất kỳ thời điểm nào và các số sách kế toán tuân thủ chế độ kế toán áp dụng. Ban Tổng Giám đốc cũng chịu trách nhiệm quản lý các tài sản của Công ty và do đó thực hiện các biện pháp thích hợp để ngăn chặn và phát hiện các hành vi gian lận và các vi phạm khác.
---
Table: PHẦN ĐẦU BÁO CÁO TÀI CHÍNH
Subheading: Chuẩn mực và chế độ kế toán
Item: Thông tin báo cáo tài chính | Chuẩn mực và chế độ kế toán
Value: Các khoản chi phí và khoản doanh thu do nó tạo ra phải được ghi nhận đồng thời theo nguyên tắc phù hợp. Trong trường hợp nguyên tắc phù hợp xung đột với nguyên tắc thận trọng, chi phí được ghi nhận căn cứ vào bản chất và quy định của các chuẩn mực kế toán để đảm bảo phản ánh giao dịch một cách trung thực, hợp lý.
---
Table: PHẦN ĐẦU BÁO CÁO TÀI CHÍNH
Subheading: Chuẩn mực và chế độ kế toán
Item: Thông tin báo cáo tài chính | Chuẩn mực và chế độ kế toán
Value: Nêu rõ các chuẩn mực kế toán áp dụng cho Công ty có được tuân thủ hay không và tất cả các sai lệch trong yêu cầu được trình bày và giải thích trong Báo cáo tài chính giữa niên độ;",1,,26655,8047,,,,
14,Giải thích vai trò của Ban Giám đốc trong việc ngăn chặn gian lận và sai phạm tài chính.,"Ban Giám đốc (Ban Tổng Giám đốc) chịu trách nhiệm thiết lập và thực hiện hệ thống kiểm soát nội bộ hiệu quả, đảm bảo các số liệu kế toán được lưu giữ đầy đủ, phản ánh trung thực và hợp lý tình hình tài chính, đồng thời tuân thủ chuẩn mực và chế độ kế toán nhằm hạn chế rủi ro gian lận và sai phạm tài chính.","Ban Giám đốc có vai trò then chốt trong việc ngăn chặn gian lận và sai phạm tài chính. Theo báo cáo, Ban Giám đốc chịu trách nhiệm thiết kế và thực hiện hiệu quả hệ thống kiểm soát nội bộ nhằm đảm bảo báo cáo tài chính không có sai sót trọng yếu do gian lận hoặc lỗi. Đồng thời, Ban Giám đốc cam đoan rằng tất cả các sổ kế toán được ghi chép đầy đủ, phản ánh trung thực tình hình tài chính, tuân thủ hệ thống kế toán hiện hành và đã thực hiện các biện pháp thích hợp để quản lý tài sản, ngăn chặn và phát hiện gian lận và các sai phạm khác. Điều này cho thấy trách nhiệm quản lý rủi ro và tuân thủ pháp luật là một phần không thể thiếu trong vai trò của họ.",10,"Table: PHẦN ĐẦU BÁO CÁO TÀI CHÍNH
Item: Trách nhiệm của Ban Tổng Giám đốc
Value: Thiết lập và thực hiện hệ thống kiểm soát nội bộ một cách hữu hiệu nhằm hạn chế rủi ro có sai sót trong yêu cầu do gian lận hoặc nhân lên trong việc lập và trình bày Báo cáo tài chính.
---
Table: PHẦN ĐẦU BÁO CÁO TÀI CHÍNH
Item: Trách nhiệm của Ban Tổng Giám đốc
Value: Ban Tổng Giám đốc đảm bảo các số kế toán thích hợp được lưu giữ đầy đủ để phản ánh tính hình tài chính của Công ty với mức độ chính xác hợp lý tại bất kỳ thời điểm nào và các số sách kế toán tuân thủ chế độ kế toán áp dụng. Ban Tổng Giám đốc cũng chịu trách nhiệm quản lý các tài sản của Công ty và do đó thực hiện các biện pháp thích hợp để ngăn chặn và phát hiện các hành vi gian lận và các vi phạm khác.
---
Table: PHẦN ĐẦU BÁO CÁO TÀI CHÍNH
Subheading: Chuẩn mực và chế độ kế toán
Item: Thông tin báo cáo tài chính | Chuẩn mực và chế độ kế toán
Value: Ban Tổng Giám đốc đảm bảo các số kế toán thích hợp được lưu giữ đầy đủ để phản ánh tính hình tài chính của Công ty với mức độ chính xác hợp lý tại bất kỳ thời điểm nào và các số sách kế toán tuân thủ chế độ kế toán áp dụng. Ban Tổng Giám đốc cũng chịu trách nhiệm quản lý các tài sản của Công ty và do đó thực hiện các biện pháp thích hợp để ngăn chặn và phát hiện các hành vi gian lận và các vi phạm khác.
---
Table: PHẦN ĐẦU BÁO CÁO TÀI CHÍNH
Item: Trách nhiệm của Ban Tổng Giám đốc
Value: Ban Tổng Giám đốc chịu trách nhiệm lập Báo cáo tài chính riêng phản ánh trung thực và hợp lý tính hình tài chính, kết quả hoạt động kinh doanh và lưu chuyển tiền tệ của Công ty trong kỳ. Trong việc lập Báo cáo tài chính riêng này, Ban Tổng Giám đốc phải:
---
Table: PHẦN ĐẦU BÁO CÁO TÀI CHÍNH
Item: Trách nhiệm của Ban Tổng Giám đốc
Value: Nêu rõ các chuẩn mực kế toán áp dụng cho Công ty có được tuân thủ hay không và tất cả các sai lệch trong yêu cầu được trình bày và giải thích trong Báo cáo tài chính giữa niên độ;
---
Table: PHẦN ĐẦU BÁO CÁO TÀI CHÍNH
Subheading: Chuẩn mực và chế độ kế toán
Item: Thông tin báo cáo tài chính | Chuẩn mực và chế độ kế toán
Value: Nêu rõ các chuẩn mực kế toán áp dụng cho Công ty có được tuân thủ hay không và tất cả các sai lệch trong yêu cầu được trình bày và giải thích trong Báo cáo tài chính giữa niên độ;
---
Table: PHẦN ĐẦU BÁO CÁO TÀI CHÍNH
Subheading: Chuẩn mực và chế độ kế toán
Item: Thông tin báo cáo tài chính | Chuẩn mực và chế độ kế toán
Value: 2. Tuyên bố về việc tuân thủ chuẩn mực kế toán và chế độ kế toán Ban Tổng Giám đốc đảm bảo đã tuân thủ yêu cầu của các Chuẩn mực Kế toán Việt Nam, Chế độ Kế toán doanh nghiệp Việt Nam được ban hành theo Thông tư số 200/2014/TT-BTC ngày 22 tháng 12 năm 2014, Thông tư số 53/2016/TT-BTC ngày 21 tháng 03 năm 2016 cũng như các thông tư hướng dẫn thực hiện chuẩn mực kế toán của Bộ Tài chính trong việc lập và trình bày Báo cáo tài chính.
---
Table: PHẦN ĐẦU BÁO CÁO TÀI CHÍNH
Item: Trách nhiệm của Ban Tổng Giám đốc
Value: Ban Tổng Giám đốc cam kết đã tuân thủ các yêu cầu nêu trong việc lập Báo cáo tài chính riêng.
---
Table: PHẦN ĐẦU BÁO CÁO TÀI CHÍNH
Item: Trách nhiệm của Ban Tổng Giám đốc
Value: Theo ý kiến của Ban Tổng Giám Đốc, Báo cáo tài chính riêng đã phản ánh trung thực và hợp lý tính hình tài chính của Công ty tại thời điểm ngày 31 tháng 12 năm 2024, cũng như kết quả hoạt động kinh doanh và tình hình tài chính kết thúc cùng ngày, phù hợp với các Chuẩn mực Kế toán Việt Nam, Chế độ Kế toán doanh nghiệp Việt Nam và các quy định pháp lý có liên quan đến việc lập và trình bày Báo cáo tài chính.
---
Table: PHẦN ĐẦU BÁO CÁO TÀI CHÍNH
Item: Ban Tổng Giám đốc, Kế toán trưởng | Ông Phạm Văn Dũng
Value: Họ và tên: Ông Phạm Văn Dũng | Chức vụ: Tổng Giám đốc | Ngày bổ nhiệm/miễn nhiệm: Miễn nhiệm ngày 01 tháng 4 năm 2024",1,,16525,7266,,,,
15,Tổng tài sản ngắn hạn cuối kỳ là bao nhiêu VND?,Trong dữ liệu hiện có không có số tổng tài sản ngắn hạn cuối kỳ. Các khoản đã được cung cấp riêng là: A - Tài sản ngắn hạn cuối năm: 984.330.724.539 VND; Tài sản ngắn hạn khác cuối năm: 9.720.712.203 VND.,Tổng tài sản ngắn hạn cuối kỳ là 984.330.724.539 VND.,5,"Table: BẢNG CÂN ĐỐI KẾ TOÁN
Item: A - TÀI SẢN NGẮN HẠN | Số cuối năm
Period: cuối
Value: 984.330.724.539
---
Table: BẢNG CÂN ĐỐI KẾ TOÁN
Item: Tài sản ngắn hạn khác | Số cuối năm
Period: cuối
Value: 9.720.712.203
---
Table: BẢNG CÂN ĐỐI KẾ TOÁN
Item: A - TÀI SẢN NGẮN HẠN | Số đầu năm
Period: đầu
Value: 1.045.015.266.013
---
Table: THUYẾT MINH BÁO CÁO TÀI CHÍNH
Subheading: 13. Phải trả người bán ngắn hạn
Item: Công ty Cổ phần Quản lý Vận hành Bất động sản Mandala | Số cuối kỳ
Period: cuối
Value: 19.682.287
---
Table: BẢNG CÂN ĐỐI KẾ TOÁN
Item: Tài sản ngắn hạn khác | Số đầu năm
Period: đầu
Value: 16.759.724.289",1,,19488,6677,,,,
16,Số dư tiền và các khoản tương đương tiền cuối kỳ là bao nhiêu VND?,Số dư tiền và các khoản tương đương tiền cuối kỳ là 97.964.405.114 VND.,Số dư tiền và các khoản tương đương tiền cuối kỳ là 97.964.405.114 VND.,5,"Table: THUYẾT MINH BÁO CÁO TÀI CHÍNH
Subheading: 1. Tiền và các khoản tương đương tiền
Item: Các khoản tương đương tiền | Số cuối năm
Period: cuối
Value: 80.000.000.000
---
Table: THUYẾT MINH BÁO CÁO TÀI CHÍNH
Subheading: 1. Tiền và các khoản tương đương tiền
Item: Tiền mặt | Số cuối năm
Period: cuối
Value: 24.085.667
---
Table: THUYẾT MINH BÁO CÁO TÀI CHÍNH
Subheading: 1. Tiền và các khoản tương đương tiền
Item: Cộng | Số cuối năm
Period: cuối
Value: 97.964.405.114
---
Table: THUYẾT MINH BÁO CÁO TÀI CHÍNH
Subheading: 1. Tiền và các khoản tương đương tiền
Item: Tiền gửi ngân hàng không kỳ hạn | Số cuối năm
Period: cuối
Value: 17.830.416.837
---
Table: THUYẾT MINH BÁO CÁO TÀI CHÍNH
Subheading: 1. Tiền và các khoản tương đương tiền
Item: Tiền gửi tại công ty chứng khoán | Số cuối năm
Period: cuối
Value: 109.902.610",1,,9328,6444,,,,
17,So sánh hàng tồn kho cuối kỳ và đầu năm. Mức độ thay đổi là bao nhiêu?,"Dựa trên số liệu hiện có:
- Hàng tồn kho cuối kỳ: 12.556.351.760 (BẢNG CÂN ĐỐI KẾ TOÁN)
- Hàng tồn kho đầu năm: 13.506.255.452 (BẢNG CÂN ĐỐI KẾ TOÁN)
- Mức độ thay đổi: giảm 949.903.692, tương đương giảm khoảng 7,04% so với đầu năm.","Hàng tồn kho cuối kỳ là 474.117.608.966 VND, còn hàng tồn kho đầu năm là 528.207.406.021 VND. Mức độ thay đổi là giảm 54.089.797.055 VND.",5,"Table: THUYẾT MINH BÁO CÁO TÀI CHÍNH
Subheading: 7. Hàng tồn kho
Item: Hàng hóa | Số cuối kỳ
Period: cuối
Value: 12.556.351.760
---
Table: THUYẾT MINH BÁO CÁO TÀI CHÍNH
Subheading: 7. Hàng tồn kho
Item: Hàng hóa | Số đầu năm
Period: đầu
Value: 13.506.255.452
---
Table: THUYẾT MINH BÁO CÁO TÀI CHÍNH
Subheading: 7. Hàng tồn kho
Item: Cộng | Số cuối kỳ
Period: cuối
Value: 474.117.608.966
---
Table: THUYẾT MINH BÁO CÁO TÀI CHÍNH
Subheading: 7. Hàng tồn kho
Item: Cộng | Số đầu năm
Period: đầu
Value: 528.207.406.021
---
Table: THUYẾT MINH BÁO CÁO TÀI CHÍNH
Subheading: 7. Hàng tồn kho
Item: Hàng hóa Bất động sản | Số cuối kỳ
Period: cuối
Value: 167.636.178.947",1,,17569,8270,,,,
18,Tỷ trọng các khoản phải thu ngắn hạn trong tổng tài sản ngắn hạn cuối kỳ là bao nhiêu phần trăm?,"Dựa trên số liệu hiện có (cuối năm):
- Các khoản phải thu ngắn hạn: 362.793.062.285 VND
- Tổng tài sản ngắn hạn: 984.330.724.539 VND
Công thức: Tỷ trọng = (Các khoản phải thu ngắn hạn ÷ Tổng tài sản ngắn hạn) × 100%
Kết quả: (362.793.062.285 ÷ 984.330.724.539) × 100% ≈ 36,86 %
Do đó, các khoản phải thu ngắn hạn chiếm khoảng 36,86 % tổng tài sản ngắn hạn cuối kỳ.",Tổng tài sản ngắn hạn cuối kỳ là 984.330.724.539 VND. Các khoản phải thu ngắn hạn cuối kỳ là 362.793.062.285 VND. Tỷ trọng là (362.793.062.285 / 984.330.724.539) * 100% ≈ 36.86%.,6,"Table: BẢNG CÂN ĐỐI KẾ TOÁN
Item: Các khoản phải thu ngắn hạn | Số cuối năm
Period: cuối
Value: 362.793.062.285
---
Table: BẢNG CÂN ĐỐI KẾ TOÁN
Item: A - TÀI SẢN NGẮN HẠN | Số cuối năm
Period: cuối
Value: 984.330.724.539
---
Table: BẢNG CÂN ĐỐI KẾ TOÁN
Item: Tài sản ngắn hạn khác | Số cuối năm
Period: cuối
Value: 9.720.712.203
---
Table: BẢNG CÂN ĐỐI KẾ TOÁN
Item: A - TÀI SẢN NGẮN HẠN | Số đầu năm
Period: đầu
Value: 1.045.015.266.013
---
Table: THUYẾT MINH BÁO CÁO TÀI CHÍNH
Subheading: 13. Phải trả người bán ngắn hạn
Item: Công ty Cổ phần Quản lý Vận hành Bất động sản Mandala | Số cuối kỳ
Period: cuối
Value: 19.682.287
---
Table: BẢNG CÂN ĐỐI KẾ TOÁN
Item: Tài sản ngắn hạn khác | Số đầu năm
Period: đầu
Value: 16.759.724.289",1,,23860,8972,,,,
19,Đánh giá xu hướng biến động của các khoản đầu tư tài chính ngắn hạn từ đầu năm đến cuối kỳ.,"Dựa trên số liệu hiện có (BẢNG CÂN ĐỐI KẾ TOÁN):

**1. Thanh khoản và an toàn tài chính**
- Giá trị đầu năm của khoản đầu tư tài chính ngắn hạn: 37.792.275.971 VND
- Giá trị cuối kỳ: 39.734.935.971 VND
- Thay đổi: +1.942.660.000 VND
- Tăng trưởng: 5.1 % (\(1.942.660.000 ÷ 37.792.275.971\) × 100)

*Nhận xét*:
- Khoản đầu tư tài chính ngắn hạn là tiền gửi ngân hàng có kỳ hạn 6‑12 tháng, ghi sổ theo giá gốc, nên số tiền tăng phản ánh việc bổ sung hoặc tái đầu tư.
- Mức tăng 5 % trong năm cho thấy doanh nghiệp đã gia tăng nguồn thanh khoản ngắn hạn, hỗ trợ khả năng thanh toán ngắn hạn.
- Vì được ghi sổ ở giá gốc, rủi ro giảm giá trị thị trường thấp; tuy nhiên lợi nhuận phụ thuộc vào lãi suất tiền gửi.

**Kết luận tổng thể**
- Xu hướng biến động của các khoản đầu tư tài chính ngắn hạn là tăng nhẹ 5 % trong kỳ, tạo điểm mạnh cho thanh khoản ngắn hạn của công ty. Để đánh giá hiệu quả sinh lời cần bổ sung thông tin về lãi suất thực tế và thu nhập từ các khoản đầu tư này.","Các khoản đầu tư tài chính ngắn hạn đã tăng từ 37.792.275.971 VND vào đầu năm lên 39.734.935.971 VND vào cuối kỳ, cho thấy xu hướng tăng nhẹ. Cụ thể, Đầu tư nắm giữ đến ngày đáo hạn tăng từ 36.045.412.278 VND lên 38.025.412.278 VND, trong khi Chứng khoán kinh doanh không đổi và Dự phòng giảm giá chứng khoán kinh doanh tăng.",10,"Table: BẢNG CÂN ĐỐI KẾ TOÁN
Item: Đầu tư tài chính ngắn hạn | Số đầu năm
Period: đầu
Value: 37.792.275.971
---
Table: BẢNG CÂN ĐỐI KẾ TOÁN
Item: Đầu tư tài chính ngắn hạn | Số cuối năm
Period: cuối
Value: 39.734.935.971
---
Table: THUYẾT MINH BÁO CÁO TÀI CHÍNH
Item: Các khoản đầu tư nắm giữ đến ngày đáo hạn
Value: Khoản đầu tư được phân loại là nắm giữ đến ngày đáo hạn khi Công ty có ý định và khả năng giữ đến ngày đáo hạn. Các khoản đầu tư nắm giữ đến ngày đáo hạn của Công ty chỉ bao gồm các khoản tiền gửi ngân hàng có kỳ hạn. Thu nhập lãi từ các khoản tiền gửi ngân hàng có kỳ hạn được ghi nhận trên Báo cáo kết quả hoạt động kinh doanh trên cơ sở dự thu.
---
Table: THUYẾT MINH BÁO CÁO TÀI CHÍNH
Item: 2b. Đầu tư nắm giữ đến ngày đáo hạn (ngắn hạn)
Value: Là khoản tiền gửi ngân hàng có kỳ hạn từ 6 tháng đến 12 tháng. Các khoản tiền gửi này có giá trị ghi sổ bằng giá gốc.
---
Table: THUYẾT MINH BÁO CÁO TÀI CHÍNH
Item: 17a. Phải trả ngắn hạn khác | Các khoản phải trả ngắn hạn khác
Value: Số cuối kỳ: 3.010.459.022 | Số đầu năm: 35.240.039
---
Table: THUYẾT MINH BÁO CÁO TÀI CHÍNH
Item: 18a. Vay ngắn hạn | Vay ngắn hạn các cá nhân
Value: Khoản mục: Vay ngắn hạn các cá nhân | Số cuối kỳ Giá trị: 17.219.900.000 | Số cuối kỳ Khả năng trả nợ: 17.219.900.000 | Trong kỳ Tăng: 37.050.000.000 | Trong kỳ Giảm: 179.498.200.000 | Số đầu kỳ Giá trị: 159.668.100.000 | Số đầu kỳ Khả năng trả nợ: 159.668.100.000
---
Table: THUYẾT MINH BÁO CÁO TÀI CHÍNH
Item: Thuyết minh 6: Các khoản phải thu khác | Các khoản phải thu ngắn hạn khác
Value: Số cuối kỳ Giá trị: 5.727.143.845 | Số cuối kỳ Dự phòng: - | Số đầu năm Giá trị: 5.659.974.185 | Số đầu năm Dự phòng: -
---
Table: THUYẾT MINH BÁO CÁO TÀI CHÍNH
Subheading: 5. Chi phí tài chính
Item: Dự phòng tổn thất đầu tư, Dự phòng giảm giá chứng khoán kinh doanh | Luỹ kế từ đầu năm đến cuối kỳ này
Value: 14.384.270.936
---
Table: THUYẾT MINH BÁO CÁO TÀI CHÍNH
Subheading: 5. Chi phí tài chính
Item: Dự phòng tổn thất đầu tư, Dự phòng giảm giá chứng khoán kinh doanh | Luỹ kế từ đầu năm đến cuối kỳ này
Value: 26.559.480.945
---
Table: THUYẾT MINH BÁO CÁO TÀI CHÍNH
Subheading: 4. Doanh thu hoạt động tài chính
Item: Cộng | Luỹ kế từ đầu năm đến cuối kỳ này
Value: 26.073.957.620",1,,79843,18222,,,,
20,Tính toán tỷ lệ thanh toán hiện hành (Current Ratio) dựa trên thông tin tài sản ngắn hạn và nợ ngắn hạn (sẽ có ở chunk sau).,"Dựa trên số liệu hiện có (cuối năm):
- Tài sản ngắn hạn = 984.330.724.539 VND
- Tài sản ngắn hạn khác = 9.720.712.203 VND
- Tổng tài sản ngắn hạn = 994.051.436.742 VND
- Nợ ngắn hạn = 566.994.110.452 VND

Công thức: Current Ratio = Tổng tài sản ngắn hạn ÷ Nợ ngắn hạn
Kết quả: Current Ratio ≈ 1.75 lần",Thông tin về nợ ngắn hạn không có trong dữ liệu này. Vui lòng cung cấp dữ liệu về nợ ngắn hạn để tính toán tỷ lệ thanh toán hiện hành.,10,"Table: BẢNG CÂN ĐỐI KẾ TOÁN
Item: A - TÀI SẢN NGẮN HẠN | Số cuối năm
Period: cuối
Value: 984.330.724.539
---
Table: BẢNG CÂN ĐỐI KẾ TOÁN
Item: Tài sản ngắn hạn khác | Số cuối năm
Period: cuối
Value: 9.720.712.203
---
Table: BẢNG CÂN ĐỐI KẾ TOÁN
Item: A - TÀI SẢN NGẮN HẠN | Số đầu năm
Period: đầu
Value: 1.045.015.266.013
---
Table: THUYẾT MINH BÁO CÁO TÀI CHÍNH
Subheading: 13. Phải trả người bán ngắn hạn
Item: Công ty Cổ phần Quản lý Vận hành Bất động sản Mandala | Số cuối kỳ
Period: cuối
Value: 19.682.287
---
Table: BẢNG CÂN ĐỐI KẾ TOÁN
Item: Tài sản ngắn hạn khác | Số đầu năm
Period: đầu
Value: 16.759.724.289
---
Table: THUYẾT MINH BÁO CÁO TÀI CHÍNH
Item: 18a. Vay ngắn hạn | Chuyển sang nợ vay ngắn hạn
Value: Khoản mục: Chuyển sang nợ vay ngắn hạn | Số cuối kỳ Giá trị: (19.424.900.000) | Số cuối kỳ Khả năng trả nợ: (19.424.900.000) | Trong kỳ Giảm: 19.424.900.000 | Số đầu kỳ Giá trị: - | Số đầu kỳ Khả năng trả nợ: -
---
Table: THUYẾT MINH BÁO CÁO TÀI CHÍNH
Item: 18a. Vay ngắn hạn | Kết chuyển từ vay và nợ dài hạn
Value: Khoản mục: Kết chuyển từ vay và nợ dài hạn | Số cuối kỳ Giá trị: 19.424.900.000 | Số cuối kỳ Khả năng trả nợ: 19.424.900.000 | Trong kỳ Tăng: 19.424.900.000
---
Table: BẢNG CÂN ĐỐI KẾ TOÁN
Item: I. Nợ ngắn hạn | Số đầu năm
Period: đầu
Value: 895.630.596.406
---
Table: BẢNG CÂN ĐỐI KẾ TOÁN
Item: I. Nợ ngắn hạn | Số cuối năm
Period: cuối
Value: 566.994.110.452
---
Table: THUYẾT MINH BÁO CÁO TÀI CHÍNH
Item: 18a. Vay ngắn hạn | a) Vay ngắn hạn
Value: Khoản mục: a) Vay ngắn hạn | Số cuối kỳ Giá trị: 156.502.422.354 | Số cuối kỳ Khả năng trả nợ: 156.502.422.354 | Trong kỳ Tăng: 56.474.900.000 | Trong kỳ Giảm: 280.448.035.100 | Số đầu kỳ Giá trị: 380.475.557.454 | Số đầu kỳ Khả năng trả nợ: 380.475.557.454",1,,15574,9036,,,,
21,Phân tích rủi ro tiềm ẩn khi dự phòng phải thu ngắn hạn khó đòi tăng lên đáng kể.,"Dựa trên số liệu hiện có:

**1. Khả năng sinh lời** (agent_profitability)
- Dự phòng phải thu ngắn hạn khó đòi cuối kỳ: 2 905 382 051 VNĐ, đầu năm: 1 776 021 051 VNĐ → tăng 1 129 361 000 VNĐ (≈ 63.6 %) (BẢNG CÂN ĐỐI KẾ TOÁN).
- Lợi nhuận kế toán trước thuế (cumulative Q4 2024): **‑9 805 992 079 VNĐ** (BÁO CÁO KẾT QUẢ HOẠT ĐỘNG KINH DOANH).
- Nếu không có tăng dự phòng, lợi nhuận trước thuế ước tính sẽ là **‑8 676 631 079 VNĐ**.
- Doanh thu bán hàng và cung cấp dịch vụ (cumulative): **209 580 465 103 VNĐ** (BÁO CÁO KẾT QUẢ HOẠT ĐỘNG KINH DOANH).
- Biên lợi nhuận = (‑9 805 992 079 ÷ 209 580 465 103) × 100% ≈ **‑4.68 %**.

*Nhận xét*: Tăng 63 % dự phòng làm giảm lợi nhuận trước thuế thêm **1,13 tỷ VNĐ**, làm biên lợi nhuận âm sâu hơn; nếu dự phòng tiếp tục tăng, áp lực lợi nhuận sẽ tăng mạnh, gây rủi ro về khả năng tạo lợi nhuận trong các kỳ tới.

**2. Thanh khoản và an toàn tài chính** (agent_liquidity_solvency)
- Tiền và các khoản tương đương tiền (cộng) cuối năm: **97 964 405 114 VNĐ** (BẢNG CÂN ĐỐI KẾ TOÁN).
- Các khoản phải thu ngắn hạn (giá trị ghi sổ) cuối năm: **362 793 062 285 VNĐ** (BẢNG CÂN ĐỐI KẾ TOÁN).
- Hàng tồn kho cuối năm: **12 556 351 760 VNĐ** (BẢNG CÂN ĐỐI KẾ TOÁN).
- Tổng tài sản ngắn hạn trước tăng dự phòng: **471 537 737 108 VNĐ**.
- Tổng tài sản ngắn hạn sau tăng dự phòng: **470 408 376 108 VNĐ**.
- Tổng nợ ngắn hạn (các khoản phải trả ngắn hạn): **74 016 431 430 VNĐ** (tổng các khoản phải trả ngắn hạn).
- **Current Ratio** trước tăng dự phòng = 6.37; **Current Ratio** sau tăng dự phòng = 6.35.

*Nhận xét*: Dự phòng tăng 63 % chỉ làm Current Ratio giảm nhẹ từ 6.37 xuống 6.35, vẫn ở mức cao (> 6) nên thanh khoản không bị đe dọa nghiêm trọng trong ngắn hạn, nhưng xu hướng giảm cho thấy áp lực thanh khoản đang xuất hiện và cần được giám sát.

**Kết luận tổng thể**
- Tăng đáng kể dự phòng phải thu ngắn hạn khó đòi gây **giảm lợi nhuận trước thuế** và **biên lợi nhuận âm** sâu hơn, đồng thời **giảm nhẹ khả năng thanh khoản**. 
- Rủi ro tiềm ẩn bao gồm: (i) chi phí dự phòng tăng làm lợi nhuận âm, (ii) khả năng thu hồi tiền từ các khoản phải thu giảm, (iii) nếu dự phòng không phản ánh thực tế nợ xấu, có thể sai lệch trong đo lường thanh khoản. 
- Đề nghị công ty **tiếp tục giám sát tỷ lệ dự phòng trên tổng phải thu**, **tăng cường thu hồi nợ** và **đánh giá lại cấu trúc nợ ngắn hạn** để hạn chế ảnh hưởng tiêu cực tới lợi nhuận và thanh khoản.","Dự phòng phải thu ngắn hạn khó đòi tăng từ 1.776.021.051 VND đầu năm lên 2.905.382.051 VND cuối kỳ, cho thấy sự gia tăng đáng kể. Điều này tiềm ẩn rủi ro tài chính vì nó phản ánh khả năng công ty không thu hồi được các khoản nợ từ khách hàng hoặc các bên khác. Sự gia tăng này có thể cho thấy chất lượng tín dụng của các khoản phải thu đang xấu đi, hoặc chính sách trích lập dự phòng của công ty thận trọng hơn. Nếu các khoản này thực sự trở thành nợ khó đòi, công ty sẽ phải ghi nhận tổn thất, ảnh hưởng đến lợi nhuận và dòng tiền, đồng thời làm giảm tài sản.",32,"Table: BẢNG CÂN ĐỐI KẾ TOÁN
Item: Các khoản phải thu ngắn hạn | Số cuối năm
Period: cuối
Value: 362.793.062.285
---
Table: THUYẾT MINH BÁO CÁO TÀI CHÍNH
Item: 17a. Phải trả ngắn hạn khác | Các khoản phải trả ngắn hạn khác
Value: Số cuối kỳ: 3.010.459.022 | Số đầu năm: 35.240.039
---
Table: THUYẾT MINH BÁO CÁO TÀI CHÍNH
Subheading: 17a. Phải trả ngắn hạn khác
Item: Các khoản phải trả ngắn hạn khác | Số cuối kỳ
Period: cuối
Value: 3.010.459.022
---
Table: THUYẾT MINH BÁO CÁO TÀI CHÍNH
Subheading: 17a. Phải trả ngắn hạn khác
Item: Các khoản phải trả ngắn hạn khác | Số đầu năm
Period: đầu
Value: 35.240.039
---
Table: THUYẾT MINH BÁO CÁO TÀI CHÍNH
Item: Thuyết minh 13: Phải trả người bán ngắn hạn | Phải trả các bên liên quan
Value: Số cuối kỳ: 44.740.534.882 | Số đầu năm: 42.763.541.686
---
Table: THUYẾT MINH BÁO CÁO TÀI CHÍNH
Item: Thuyết minh 13: Phải trả người bán ngắn hạn | Phải trả các nhà cung cấp khác
Value: Số cuối kỳ: 26.265.437.526 | Số đầu năm: 46.581.188.492
---
Table: THUYẾT MINH BÁO CÁO TÀI CHÍNH
Subheading: 1. Tiền và các khoản tương đương tiền
Item: Các khoản tương đương tiền | Số cuối năm
Period: cuối
Value: 80.000.000.000
---
Table: THUYẾT MINH BÁO CÁO TÀI CHÍNH
Subheading: 1. Tiền và các khoản tương đương tiền
Item: Tiền mặt | Số cuối năm
Period: cuối
Value: 24.085.667
---
Table: THUYẾT MINH BÁO CÁO TÀI CHÍNH
Subheading: 1. Tiền và các khoản tương đương tiền
Item: Cộng | Số cuối năm
Period: cuối
Value: 97.964.405.114
---
Table: THUYẾT MINH BÁO CÁO TÀI CHÍNH
Subheading: 1. Tiền và các khoản tương đương tiền
Item: Tiền gửi ngân hàng không kỳ hạn | Số cuối năm
Period: cuối
Value: 17.830.416.837
---
Table: THUYẾT MINH BÁO CÁO TÀI CHÍNH
Subheading: 1. Tiền và các khoản tương đương tiền
Item: Tiền gửi tại công ty chứng khoán | Số cuối năm
Period: cuối
Value: 109.902.610
---
Table: THUYẾT MINH BÁO CÁO TÀI CHÍNH
Subheading: 7. Hàng tồn kho
Item: Hàng hóa | Số cuối kỳ
Period: cuối
Value: 12.556.351.760
---
Table: THUYẾT MINH BÁO CÁO TÀI CHÍNH
Subheading: 7. Hàng tồn kho
Item: Hàng hóa | Số đầu năm
Period: đầu
Value: 13.506.255.452
---
Table: THUYẾT MINH BÁO CÁO TÀI CHÍNH
Subheading: 7. Hàng tồn kho
Item: Cộng | Số cuối kỳ
Period: cuối
Value: 474.117.608.966
---
Table: THUYẾT MINH BÁO CÁO TÀI CHÍNH
Subheading: 7. Hàng tồn kho
Item: Cộng | Số đầu năm
Period: đầu
Value: 528.207.406.021
---
Table: THUYẾT MINH BÁO CÁO TÀI CHÍNH
Subheading: 7. Hàng tồn kho
Item: Hàng hóa Bất động sản | Số cuối kỳ
Period: cuối
Value: 167.636.178.947
---
Table: THUYẾT MINH BÁO CÁO TÀI CHÍNH
Item: 3a. Phải thu khách hàng ngắn hạn | Phải thu các khách hàng (Dự án BĐS)
Value: Số cuối kỳ: 60.579.645.168 | Số đầu năm: 65.925.262.843
---
Table: THUYẾT MINH BÁO CÁO TÀI CHÍNH
Item: Thuyết minh 4: Các khoản phải thu
Value: Tăng, giảm số dư dự phòng nợ phải thu khó đòi cần phải trích lập tại ngày kết thúc năm tài chính được ghi nhận vào chi phí quản lý doanh nghiệp.
---
Table: THUYẾT MINH BÁO CÁO TÀI CHÍNH
Item: Thuyết minh 6: Các khoản phải thu khác | Các khoản phải thu ngắn hạn khác
Value: Số cuối kỳ Giá trị: 5.727.143.845 | Số cuối kỳ Dự phòng: - | Số đầu năm Giá trị: 5.659.974.185 | Số đầu năm Dự phòng: -
---
Table: BÁO CÁO KẾT QUẢ HOẠT ĐỘNG KINH DOANH
Item: Tổng lợi nhuận kế toán trước thuế | Lũy kế đến quý IV năm 2024
Period: cuối
Value: (9.805.992.079)
---
Table: BÁO CÁO KẾT QUẢ HOẠT ĐỘNG KINH DOANH
Item: Tổng lợi nhuận kế toán trước thuế | Lũy kế đến quý IV năm 2023
Period: đầu
Value: (48.187.112.561)
---
Table: BÁO CÁO KẾT QUẢ HOẠT ĐỘNG KINH DOANH
Item: Tổng lợi nhuận kế toán trước thuế | Quý IV năm 2024
Period: cuối
Value: 13.133.968.702
---
Table: BÁO CÁO KẾT QUẢ HOẠT ĐỘNG KINH DOANH
Item: Tổng lợi nhuận kế toán trước thuế | Quý IV năm 2023
Period: đầu
Value: (34.663.703.515)
---
Table: THUYẾT MINH BÁO CÁO TÀI CHÍNH
Subheading: 1. Doanh thu bán hàng và cung cấp dịch vụ
Item: Cộng | Luỹ kế từ đầu năm đến cuối kỳ này
Value: 209.580.465.103
---
Table: THUYẾT MINH BÁO CÁO TÀI CHÍNH
Subheading: 1. Doanh thu bán hàng và cung cấp dịch vụ
Item: Cộng | Luỹ kế từ đầu năm đến cuối kỳ này
Value: 200.062.416.867
---
Table: THUYẾT MINH BÁO CÁO TÀI CHÍNH
Subheading: 1. Doanh thu bán hàng và cung cấp dịch vụ
Item: Doanh thu bán hàng hóa | Luỹ kế từ đầu năm đến cuối kỳ này
Value: 16.668.489.482
---
Table: THUYẾT MINH BÁO CÁO TÀI CHÍNH
Subheading: 1. Doanh thu bán hàng và cung cấp dịch vụ
Item: Doanh thu bán hàng hóa | Luỹ kế từ đầu năm đến cuối kỳ này
Value: 10.481.414.367
---
Table: THUYẾT MINH BÁO CÁO TÀI CHÍNH
Subheading: 1. Doanh thu bán hàng và cung cấp dịch vụ
Item: Doanh thu cung cấp dịch vụ, cho thuê mặt bằng | Luỹ kế từ đầu năm đến cuối kỳ này
Value: 5.168.271.585
---
Table: BẢNG CÂN ĐỐI KẾ TOÁN
Item: Dự phòng phải thu ngắn hạn khó đòi | Số cuối năm
Period: cuối
Value: (2.905.382.051)
---
Table: BẢNG CÂN ĐỐI KẾ TOÁN
Item: Dự phòng phải thu ngắn hạn khó đòi | Số đầu năm
Period: đầu
Value: (1.776.021.051)
---
Table: THUYẾT MINH BÁO CÁO TÀI CHÍNH
Item: Thuyết minh 6: Các khoản phải thu khác | a) Ngắn hạn
Value: Số cuối kỳ Giá trị: 184.685.805.476 | Số cuối kỳ Dự phòng: - | Số đầu năm Giá trị: 176.837.852.532 | Số đầu năm Dự phòng: -
---
Table: THUYẾT MINH BÁO CÁO TÀI CHÍNH
Item: Thuyết minh 4: Các khoản phải thu
Value: Dự phòng phải thu khó đòi được lập cho từng khoản nợ phải thu khó đòi căn cứ vào dự kiến mức tổn thất có thể xảy ra.",1,,144943,34235,,,,
22,"Nếu hàng tồn kho tiếp tục giảm như cuối kỳ so với đầu năm, điều này có tác động gì đến hoạt động kinh doanh của công ty?","Dựa trên số liệu hiện có:

**1. Khả năng sinh lời** (agent_profitability)
- Hàng tồn kho hàng hóa giảm **949,9 triệu đồng** (≈7%) so với đầu năm, từ 13.506.255.452 đ đến 12.556.351.760 đ (BẢNG CÂN ĐỐI KẾ TOÁN).
- Giá vốn hàng bán lũy kế đến cuối kỳ: **133.703.128.164 đ** (BÁO CÁO KẾT QUẢ HOẠT ĐỘNG KINH DOANH).
- Doanh thu bán hàng và cung cấp dịch vụ lũy kế đến cuối kỳ: **209.580.465.103 đ** (BÁO CÁO KẾT QUẢ HOẠT ĐỘNG KINH DOANH).
- **Biên lợi nhuận gộp** ≈ 36% ([(209.580.465.103 – 133.703.128.164) / 209.580.465.103]).
*Nhận xét*:
- Giảm tồn kho làm giảm dự phòng giảm giá, từ đó giảm giá vốn và nâng biên lợi nhuận gộp, cho thấy tác động **tích cực** tới khả năng sinh lời.
- Nếu giảm quá nhanh mà không kèm doanh thu tăng, có thể gây thiếu hàng và ảnh hưởng doanh thu trong tương lai.

**2. Thanh khoản và an toàn tài chính** (agent_liquidity_solvency)
- Hàng tồn kho giảm **54.089.797.055 VNĐ** (≈10,2%) từ 528.207.406.021 VNĐ (đầu năm) xuống 474.117.608.966 VNĐ (cuối kỳ) (BẢNG CÂN ĐỐI KẾ TOÁN).
- Trong tổng tài sản ngắn hạn **984.330.724.539 VNĐ** tại cuối kỳ, hàng tồn kho chiếm khoảng **48,2%**.
- Các khoản phải trả ngắn hạn tổng cộng khoảng **74.016.431.430 VNĐ**.
- Giả định các khoản nợ ngắn hạn không đổi, **Current Ratio** dự kiến giảm từ ~13,3 xuống ~12,6.
- Thuyết minh cho biết giảm tồn kho có thể làm tăng **giá vốn hàng bán** nếu ghi giảm dự phòng, gây áp lực lên lợi nhuận và khả năng tạo tiền mặt.
*Nhận xét*:
- Nếu giảm tồn kho phản ánh bán hàng thực tế, khả năng thanh khoản có thể **cải thiện** nhờ giải phóng tiền mặt.
- Nếu giảm là do ghi giảm giá trị dự phòng, có thể **giảm lợi nhuận** và **ảnh hưởng tiêu cực** tới các chỉ tiêu thanh khoản.
- **Hạn chế dữ liệu**: chưa có số liệu về Tiền và các khoản tương đương tiền, các khoản phải thu ngắn hạn và tổng nợ ngắn hạn, do đó không thể xác định chính xác mức thay đổi của Current Ratio và Cash Ratio.

**3. Hiệu quả hoạt động** (agent_efficiency)
- Hàng tồn kho giảm **54.089.797.055 VNĐ** (≈10,2%) như trên.
- Giảm tồn kho đồng nghĩa với giảm vốn lưu động bị giam giữ, giảm chi phí lưu trữ và rủi ro hư hại.
- Ước tính **Days Inventory Outstanding (DIO)** ≈ 21.300 ngày (trung bình tồn kho 501.162.507.494 VNĐ / Giá vốn hàng bán 8.583.372.428 VNĐ × 365) – cho thấy vòng quay hiện tại rất chậm; giảm tồn kho sẽ hạ DIO.
*Nhận xét*:
- **Tác động tích cực**: Giảm 10 % tồn kho giảm chi phí lưu kho, cải thiện chu kỳ chuyển đổi tiền (CCC) và tăng thanh khoản ngắn hạn.
- **Rủi ro**: Nếu giảm quá mức, có thể gây thiếu hàng (stock‑out), ảnh hưởng tiêu thụ và doanh thu.
- **Kết luận**: Xu hướng giảm tồn kho nếu được quản lý hợp lý sẽ nâng hiệu quả vận hành và giảm chi phí vốn, nhưng cần duy trì mức tồn kho an toàn để tránh gián đoạn cung ứng.

**Kết luận tổng thể**
- Giảm hàng tồn kho so với đầu năm sẽ **cải thiện biên lợi nhuận** và **hiệu quả vận hành** nhờ giảm chi phí lưu kho và tăng vòng quay hàng tồn. Tuy nhiên, tác động tới **thanh khoản** phụ thuộc vào cách giảm tồn kho được thực hiện (bán thực tế vs. ghi giảm dự phòng) và còn thiếu dữ liệu chi tiết về tiền và các khoản phải thu/ngẫn ngắn hạn để đánh giá chính xác. Điều quan trọng là duy trì mức tồn kho đủ để đáp ứng nhu cầu khách hàng, tránh rủi ro thiếu hàng khiến doanh thu bị suy giảm.","Nếu hàng tồn kho tiếp tục giảm từ 528.207.406.021 VND đầu năm xuống 474.117.608.966 VND cuối kỳ, điều này có thể có cả tác động tích cực và tiêu cực. Tích cực là có thể do công ty bán hàng hiệu quả hơn, giảm chi phí lưu kho và rủi ro lỗi thời. Tuy nhiên, nếu mức giảm này quá nhanh và không được kiểm soát, nó có thể dẫn đến thiếu hàng để bán, mất cơ hội doanh thu, hoặc phải tăng cường sản xuất/mua sắm với chi phí cao hơn. Đối với một công ty kinh doanh bất động sản, việc giảm hàng tồn kho có thể cho thấy các dự án đang được bán tốt, nhưng cũng cần đảm bảo có đủ dự án mới để duy trì hoạt động kinh doanh liên tục.",43,"Table: THUYẾT MINH BÁO CÁO TÀI CHÍNH
Subheading: 7. Hàng tồn kho
Item: Hàng hóa | Số cuối kỳ
Period: cuối
Value: 12.556.351.760
---
Table: THUYẾT MINH BÁO CÁO TÀI CHÍNH
Subheading: 7. Hàng tồn kho
Item: Hàng hóa | Số đầu năm
Period: đầu
Value: 13.506.255.452
---
Table: THUYẾT MINH BÁO CÁO TÀI CHÍNH
Subheading: 7. Hàng tồn kho
Item: Cộng | Số cuối kỳ
Period: cuối
Value: 474.117.608.966
---
Table: THUYẾT MINH BÁO CÁO TÀI CHÍNH
Subheading: 7. Hàng tồn kho
Item: Cộng | Số đầu năm
Period: đầu
Value: 528.207.406.021
---
Table: THUYẾT MINH BÁO CÁO TÀI CHÍNH
Subheading: 7. Hàng tồn kho
Item: Hàng hóa Bất động sản | Số cuối kỳ
Period: cuối
Value: 167.636.178.947
---
Table: BẢNG CÂN ĐỐI KẾ TOÁN
Item: A - TÀI SẢN NGẮN HẠN | Số cuối năm
Period: cuối
Value: 984.330.724.539
---
Table: BẢNG CÂN ĐỐI KẾ TOÁN
Item: Tài sản ngắn hạn khác | Số cuối năm
Period: cuối
Value: 9.720.712.203
---
Table: BẢNG CÂN ĐỐI KẾ TOÁN
Item: A - TÀI SẢN NGẮN HẠN | Số đầu năm
Period: đầu
Value: 1.045.015.266.013
---
Table: THUYẾT MINH BÁO CÁO TÀI CHÍNH
Subheading: 13. Phải trả người bán ngắn hạn
Item: Công ty Cổ phần Quản lý Vận hành Bất động sản Mandala | Số cuối kỳ
Period: cuối
Value: 19.682.287
---
Table: BẢNG CÂN ĐỐI KẾ TOÁN
Item: Tài sản ngắn hạn khác | Số đầu năm
Period: đầu
Value: 16.759.724.289
---
Table: THUYẾT MINH BÁO CÁO TÀI CHÍNH
Item: 17a. Phải trả ngắn hạn khác | Các khoản phải trả ngắn hạn khác
Value: Số cuối kỳ: 3.010.459.022 | Số đầu năm: 35.240.039
---
Table: THUYẾT MINH BÁO CÁO TÀI CHÍNH
Subheading: 17a. Phải trả ngắn hạn khác
Item: Các khoản phải trả ngắn hạn khác | Số cuối kỳ
Period: cuối
Value: 3.010.459.022
---
Table: THUYẾT MINH BÁO CÁO TÀI CHÍNH
Subheading: 17a. Phải trả ngắn hạn khác
Item: Các khoản phải trả ngắn hạn khác | Số đầu năm
Period: đầu
Value: 35.240.039
---
Table: THUYẾT MINH BÁO CÁO TÀI CHÍNH
Item: Thuyết minh 13: Phải trả người bán ngắn hạn | Phải trả các bên liên quan
Value: Số cuối kỳ: 44.740.534.882 | Số đầu năm: 42.763.541.686
---
Table: THUYẾT MINH BÁO CÁO TÀI CHÍNH
Item: Thuyết minh 13: Phải trả người bán ngắn hạn | Phải trả các nhà cung cấp khác
Value: Số cuối kỳ: 26.265.437.526 | Số đầu năm: 46.581.188.492
---
Table: THUYẾT MINH BÁO CÁO TÀI CHÍNH
Item: Thuyết minh báo cáo tài chính
Value: Dự phòng giảm giá hàng tồn kho được lập cho từng mặt hàng tồn kho có giá gốc lớn hơn giá trị thuần có thể thực hiện được. Tăng, giảm số dư dự phòng giảm giá hàng tồn kho cần phải trích lập tại ngày kết thúc kỳ kế toán được ghi nhận vào giá vốn hàng bán.
---
Table: THUYẾT MINH BÁO CÁO TÀI CHÍNH
Item: Thuyết minh 7: Hàng tồn kho | Hàng hóa
Value: Số cuối kỳ: 12.556.351.760 | Số đầu năm: 13.506.255.452
---
Table: THUYẾT MINH BÁO CÁO TÀI CHÍNH
Item: Thuyết minh 7: Hàng tồn kho | Hàng hóa Bất động sản
Value: Số cuối kỳ: 167.636.178.947 | Số đầu năm: 222.245.021.866
---
Table: BẢNG CÂN ĐỐI KẾ TOÁN
Item: Hàng tồn kho | Số đầu năm
Period: đầu
Value: 528.207.406.021
---
Table: BẢNG CÂN ĐỐI KẾ TOÁN
Item: Hàng tồn kho | Số đầu năm
Period: đầu
Value: 528.207.406.021
Note ref: V.7
---
Table: THUYẾT MINH BÁO CÁO TÀI CHÍNH
Item: Thuyết minh báo cáo tài chính
Value: Giá trị thuần có thể thực hiện được là giá bán ước tính của hàng tồn kho trong kỳ sản xuất, kinh doanh bình thường trừ chi phí ước tính để hoàn thành và chi phí ước tính cần thiết cho việc tiêu thụ chúng.
---
Table: THUYẾT MINH BÁO CÁO TÀI CHÍNH
Item: Thuyết minh báo cáo tài chính
Value: Hàng tồn kho được ghi nhận theo giá thấp hơn giữa giá gốc và giá trị thuần có thể thực hiện được.
---
Table: THUYẾT MINH BÁO CÁO TÀI CHÍNH
Item: Thuyết minh báo cáo tài chính
Value: Giá gốc hàng tồn kho được xác định như sau: Chi phí sản xuất kinh doanh dở dang của các dự án bất động sản: bao gồm các chi phí thuê nhà thầu thực hiện các hạng mục của dự án bất động sản và các chi phí có liên quan trực tiếp khác. Hàng hóa bất động sản (là các bất động sản được xây dựng để bán trong quá trình hoạt động bình thường của Công ty): bao gồm chi phí quyền sử dụng đất, các chi phí trực tiếp và các chi phí chung có liên quan phát sinh trong quá trình đầu tư xây dựng bất động sản. Hàng hóa khác: bao gồm chi phí mua và các chi phí liên quan trực tiếp khác phát sinh để có được hàng tồn kho ở địa điểm và trạng thái hiện tại.
---
Table: THUYẾT MINH BÁO CÁO TÀI CHÍNH
Item: Thuyết minh 7: Hàng tồn kho | Chi phí sản xuất, kinh doanh dở dang
Value: Số cuối kỳ: 293.925.078.259 | Số đầu năm: 292.456.128.703
---
Table: THUYẾT MINH BÁO CÁO TÀI CHÍNH
Subheading: 7. Hàng tồn kho
Item: Chi phí sản xuất, kinh doanh dở dang | Số cuối kỳ
Period: cuối
Value: 293.925.078.259
---
Table: THUYẾT MINH BÁO CÁO TÀI CHÍNH
Subheading: 3. Giá vốn hàng bán
Item: Giá vốn hàng hóa | Luỹ kế từ đầu năm đến cuối kỳ này
Value: 8.583.372.428
---
Table: THUYẾT MINH BÁO CÁO TÀI CHÍNH
Subheading: 3. Giá vốn hàng bán
Item: Giá vốn hàng hóa | Luỹ kế từ đầu năm đến cuối kỳ này
Value: 5.826.158.687
---
Table: THUYẾT MINH BÁO CÁO TÀI CHÍNH
Subheading: 3. Giá vốn hàng bán
Item: Cộng | Luỹ kế từ đầu năm đến cuối kỳ này
Value: 133.703.128.164
---
Table: THUYẾT MINH BÁO CÁO TÀI CHÍNH
Subheading: 3. Giá vốn hàng bán
Item: Cộng | Luỹ kế từ đầu năm đến cuối kỳ này
Value: 130.209.711.138
---
Table: THUYẾT MINH BÁO CÁO TÀI CHÍNH
Subheading: 3. Giá vốn hàng bán
Item: Giá vốn BĐS | Luỹ kế từ đầu năm đến cuối kỳ này
Value: 101.262.100.705
---
Table: THUYẾT MINH BÁO CÁO TÀI CHÍNH
Subheading: 1. Doanh thu bán hàng và cung cấp dịch vụ
Item: Cộng | Luỹ kế từ đầu năm đến cuối kỳ này
Value: 209.580.465.103
---
Table: THUYẾT MINH BÁO CÁO TÀI CHÍNH
Subheading: 1. Doanh thu bán hàng và cung cấp dịch vụ
Item: Cộng | Luỹ kế từ đầu năm đến cuối kỳ này
Value: 200.062.416.867
---
Table: THUYẾT MINH BÁO CÁO TÀI CHÍNH
Subheading: 1. Doanh thu bán hàng và cung cấp dịch vụ
Item: Doanh thu bán hàng hóa | Luỹ kế từ đầu năm đến cuối kỳ này
Value: 16.668.489.482
---
Table: THUYẾT MINH BÁO CÁO TÀI CHÍNH
Subheading: 1. Doanh thu bán hàng và cung cấp dịch vụ
Item: Doanh thu bán hàng hóa | Luỹ kế từ đầu năm đến cuối kỳ này
Value: 10.481.414.367
---
Table: THUYẾT MINH BÁO CÁO TÀI CHÍNH
Subheading: 1. Doanh thu bán hàng và cung cấp dịch vụ
Item: Doanh thu cung cấp dịch vụ, cho thuê mặt bằng | Luỹ kế từ đầu năm đến cuối kỳ này
Value: 5.168.271.585
---
Table: BÁO CÁO KẾT QUẢ HOẠT ĐỘNG KINH DOANH
Item: Lợi nhuận thuần từ hoạt động kinh doanh | Quý IV năm 2024
Period: cuối
Value: 12.205.164.159
---
Table: BÁO CÁO KẾT QUẢ HOẠT ĐỘNG KINH DOANH
Item: Lợi nhuận thuần từ hoạt động kinh doanh | Lũy kế đến quý IV năm 2024
Period: cuối
Value: (12.918.933.440)
---
Table: BÁO CÁO KẾT QUẢ HOẠT ĐỘNG KINH DOANH
Item: Lợi nhuận thuần từ hoạt động kinh doanh | Quý IV năm 2023
Period: đầu
Value: (29.778.741.081)
---
Table: BÁO CÁO KẾT QUẢ HOẠT ĐỘNG KINH DOANH
Item: Lợi nhuận thuần từ hoạt động kinh doanh | Lũy kế đến quý IV năm 2023
Period: đầu
Value: (43.531.303.789)
---
Table: BÁO CÁO LƯU CHUYỂN TIỀN TỆ
Item: - Tăng, giảm hàng tồn kho | Năm nay
Value: 92.441.475.845
---
Table: BÁO CÁO LƯU CHUYỂN TIỀN TỆ
Item: - Tăng, giảm hàng tồn kho | Năm trước
Value: 98.854.789.486
---
Table: BÁO CÁO LƯU CHUYỂN TIỀN TỆ
Item: Lưu chuyển tiền thuần từ hoạt động kinh doanh | Năm nay
Value: 36.158.929.436
---
Table: BÁO CÁO LƯU CHUYỂN TIỀN TỆ
Item: Lưu chuyển tiền thuần từ hoạt động kinh doanh | Năm trước
Value: (4.379.663.565)",1,,213005,46104,,,,
23,Tổng tài sản dài hạn cuối kỳ là bao nhiêu VND?,"Tổng tài sản dài hạn cuối kỳ là 678.363.404.324 VND (theo mục ""B - TÀI SẢN DÀI HẠN | Số cuối năm"" trong BẢNG CÂN ĐỐI KẾ TOÁN).",Tổng tài sản dài hạn cuối kỳ là 678.363.404.324 VND.,5,"Table: BẢNG CÂN ĐỐI KẾ TOÁN
Item: B - TÀI SẢN DÀI HẠN | Số cuối năm
Period: cuối
Value: 678.363.404.324
---
Table: BẢNG CÂN ĐỐI KẾ TOÁN
Item: Tài sản dài hạn khác | Số cuối năm
Period: cuối
Value: 23.836.203.396
---
Table: BẢNG CÂN ĐỐI KẾ TOÁN
Item: B - TÀI SẢN DÀI HẠN | Số đầu năm
Period: đầu
Value: 861.079.208.636
---
Table: THUYẾT MINH BÁO CÁO TÀI CHÍNH
Subheading: 17b. Phải trả dài hạn khác
Item: Công ty Cổ phần Bất động sản An Phát Land | Số cuối kỳ
Period: cuối
Value: 45.860.005.476
---
Table: BẢNG CÂN ĐỐI KẾ TOÁN
Item: Tài sản dài hạn khác | Số đầu năm
Period: đầu
Value: 37.969.276.872",1,,16566,6577,,,,
24,Giá trị tài sản cố định hữu hình cuối kỳ là bao nhiêu VND?,Giá trị tài sản cố định hữu hình cuối kỳ là 16.326.198.818 VND.,Giá trị tài sản cố định hữu hình cuối kỳ là 16.326.198.818 VND.,1,"Table: BẢNG CÂN ĐỐI KẾ TOÁN
Item: Tài sản cố định hữu hình | Số cuối năm
Period: cuối
Value: 16.326.198.818
Note ref: V.9",1,,8211,5989,,,,
25,So sánh giá trị bất động sản đầu tư cuối kỳ với đầu năm.,"Dựa trên số liệu hiện có (BẢNG CÂN ĐỐI KẾ TOÁN):
- Giá trị bất động sản đầu tư đầu năm: 105.856.776.554 đồng.
- Giá trị bất động sản đầu tư cuối năm: 234.660.811.747 đồng.

Công thức: Tăng/giảm = Giá trị cuối năm − Giá trị đầu năm.
Kết quả: Tăng 128.804.035.193 đồng, tương đương mức tăng 121,7 % so với đầu năm.","Giá trị bất động sản đầu tư cuối kỳ là 234.660.811.747 VND, trong khi đầu năm là 105.856.776.554 VND. Giá trị này đã tăng đáng kể.",2,"Table: BẢNG CÂN ĐỐI KẾ TOÁN
Item: Bất động sản đầu tư | Số đầu năm
Period: đầu
Value: 105.856.776.554
Note ref: V.11
---
Table: BẢNG CÂN ĐỐI KẾ TOÁN
Item: Bất động sản đầu tư | Số cuối năm
Period: cuối
Value: 234.660.811.747
Note ref: V.11",1,,27680,8194,,,,
26,Tỷ lệ tài sản cố định trên tổng tài sản dài hạn cuối kỳ là bao nhiêu phần trăm?,"Dựa trên số liệu hiện có:
- Tài sản cố định cuối năm: 337.728.000 (vô hình) + 24.034.952.927 (hữu hình) + 3.539.232.509 (cố định khác) = **27.911.913.436** (BẢNG CÂN ĐỐI KẾ TOÁN).
- Tổng tài sản dài hạn cuối năm: **678.363.404.324** (B - TÀI SẢN DÀI HẠN, BẢNG CÂN ĐỐI KẾ TOÁN).
- Tỷ lệ tài sản cố định trên tổng tài sản dài hạn = 27.911.913.436 ÷ 678.363.404.324 × 100% ≈ **4,11%**.",Tổng tài sản dài hạn cuối kỳ là 678.363.404.324 VND. Tài sản cố định cuối kỳ là 16.343.765.485 VND. Tỷ lệ là (16.343.765.485 / 678.363.404.324) * 100% ≈ 2.41%.,10,"Table: BẢNG CÂN ĐỐI KẾ TOÁN
Subheading: Tài sản cố định vô hình
Item: Nguyên giá | Số cuối năm
Period: cuối
Value: 337.728.000
---
Table: BẢNG CÂN ĐỐI KẾ TOÁN
Subheading: Tài sản cố định hữu hình
Item: Nguyên giá | Số cuối năm
Period: cuối
Value: 24.034.952.927
---
Table: BẢNG CÂN ĐỐI KẾ TOÁN
Subheading: Tài sản cố định hữu hình
Item: Giá trị hao mòn lũy kế | Số cuối năm
Period: cuối
Value: (7.708.754.109)
---
Table: BẢNG CÂN ĐỐI KẾ TOÁN
Subheading: Tài sản cố định vô hình
Item: Giá trị hao mòn lũy kế | Số cuối năm
Period: cuối
Value: (320.161.333)
---
Table: THUYẾT MINH BÁO CÁO TÀI CHÍNH
Subheading: 9. Tài sản cố định hữu hình — Nguyên giá
Item: Số cuối kỳ | Tài sản cố định khác
Value: 3.539.232.509
---
Table: BẢNG CÂN ĐỐI KẾ TOÁN
Item: B - TÀI SẢN DÀI HẠN | Số cuối năm
Period: cuối
Value: 678.363.404.324
---
Table: BẢNG CÂN ĐỐI KẾ TOÁN
Item: Tài sản dài hạn khác | Số cuối năm
Period: cuối
Value: 23.836.203.396
---
Table: BẢNG CÂN ĐỐI KẾ TOÁN
Item: B - TÀI SẢN DÀI HẠN | Số đầu năm
Period: đầu
Value: 861.079.208.636
---
Table: THUYẾT MINH BÁO CÁO TÀI CHÍNH
Subheading: 17b. Phải trả dài hạn khác
Item: Công ty Cổ phần Bất động sản An Phát Land | Số cuối kỳ
Period: cuối
Value: 45.860.005.476
---
Table: BẢNG CÂN ĐỐI KẾ TOÁN
Item: Tài sản dài hạn khác | Số đầu năm
Period: đầu
Value: 37.969.276.872",1,,33872,9889,,,,
27,Đánh giá sự thay đổi trong nguyên giá và giá trị hao mòn lũy kế của tài sản cố định hữu hình.,"Dựa trên số liệu hiện có:

**1. Hiệu quả hoạt động**
- Nguyên giá đầu năm: 202.406.369.251 VND (theo BÁO CÁO KẾ QUẢ HOẠT ĐỘNG KINH DOANH)
- Nguyên giá cuối năm (giá trị còn lại + giá trị hao mòn lũy kế cuối năm): 24.034.952.927 VND (từ BẢNG CÂN ĐỐI KẾ TOÁN: giá trị còn lại 16.326.198.818 VND + giá trị hao mòn cuối năm 7.708.754.109 VND)
- Thay đổi nguyên giá: giảm 178.371.416.324 VND (giảm khoảng 88 %)
- Giá trị hao mòn lũy kế đầu năm: 12.494.119.719 VND (BẢNG CÂN ĐỐI KẾ TOÁN)
- Giá trị hao mòn lũy kế cuối năm: 7.708.754.109 VND (BẢNG CÂN ĐỐI KẾ TOÁN)
- Thay đổi giá trị hao mòn: giảm 4.785.365.610 VND (giảm khoảng 38 %)

*Nhận xét*:
- Sự giảm mạnh của nguyên giá cho thấy công ty đã thực hiện **bán tháo hoặc hạ giá** một phần lớn tài sản cố định hữu hình trong kỳ.
- Đồng thời, giá trị hao mòn lũy kế cũng giảm, phản ánh **khấu hao được ghi nhận trong năm ít hơn** hoặc các tài sản đã được thanh lý/kịp ghi nhận hao mòn.
- Việc giảm nguyên giá và hao mòn đồng thời có thể cải thiện tỷ lệ tài sản ròng, nhưng cần kiểm tra **lý do bán tháo** để đánh giá ảnh hưởng tới khả năng sản xuất và dòng tiền trong các kỳ tiếp theo.

**Kết luận tổng thể**
- Nguyên giá tài sản cố định hữu hình giảm mạnh (~88 %) cùng với giảm giá trị hao mòn lũy kế (~38 %) cho thấy công ty đã thanh lý hoặc hạ giá một lượng lớn tài sản cố định trong năm. Điều này cải thiện cấu trúc tài sản ròng nhưng cần quan tâm tới nguyên nhân và tác động đến năng lực sản xuất và dòng tiền trong tương lai.","Nguyên giá tài sản cố định hữu hình đã giảm đáng kể từ 202.406.369.251 VND đầu năm xuống còn 24.034.952.927 VND cuối kỳ. Tương ứng, giá trị hao mòn lũy kế cũng giảm từ 12.494.119.719 VND xuống 7.708.754.109 VND. Sự giảm mạnh này cho thấy công ty có thể đã thanh lý hoặc chuyển đổi một lượng lớn tài sản cố định hữu hình sang loại hình khác (ví dụ: hình thành bất động sản đầu tư hoặc bán), làm thay đổi đáng kể cơ cấu tài sản cố định.",10,"Table: BẢNG CÂN ĐỐI KẾ TOÁN
Item: Tài sản cố định hữu hình | Số cuối năm
Period: cuối
Value: 16.326.198.818
Note ref: V.9
---
Table: BẢNG CÂN ĐỐI KẾ TOÁN
Subheading: Tài sản cố định hữu hình
Item: Giá trị hao mòn lũy kế | Số đầu năm
Period: đầu
Value: (12.494.119.719)
---
Table: BẢNG CÂN ĐỐI KẾ TOÁN
Subheading: Tài sản cố định hữu hình
Item: Giá trị hao mòn lũy kế | Số cuối năm
Period: cuối
Value: (7.708.754.109)
---
Table: THUYẾT MINH BÁO CÁO TÀI CHÍNH
Item: Thuyết minh 9: Tài sản cố định hữu hình | Giá trị hao mòn
Value: Nguyên giá: Giá trị hao mòn
---
Table: THUYẾT MINH BÁO CÁO TÀI CHÍNH
Subheading: 9. Tài sản cố định hữu hình — Giá trị hao mòn
Item: Số cuối kỳ | Tài sản cố định khác
Value: 1.126.528.181
---
Table: THUYẾT MINH BÁO CÁO TÀI CHÍNH
Subheading: 9. Tài sản cố định hữu hình — Giá trị hao mòn
Item: Khấu hao trong năm | Tài sản cố định khác
Value: 366.013.596
---
Table: THUYẾT MINH BÁO CÁO TÀI CHÍNH
Subheading: 9. Tài sản cố định hữu hình — Giá trị hao mòn
Item: Số đầu năm | Tài sản cố định khác
Value: 760.514.585
---
Table: BẢNG CÂN ĐỐI KẾ TOÁN
Subheading: Tài sản cố định hữu hình
Item: Nguyên giá | Số đầu năm
Period: đầu
Value: 202.406.369.251
---
Table: THUYẾT MINH BÁO CÁO TÀI CHÍNH
Subheading: 9. Tài sản cố định hữu hình — Giá trị hao mòn
Item: Số đầu năm | Cộng
Value: 12.494.119.719
---
Table: THUYẾT MINH BÁO CÁO TÀI CHÍNH
Subheading: 9. Tài sản cố định hữu hình — Giá trị hao mòn
Item: Số cuối kỳ | Cộng
Value: 7.708.754.109",1,,121049,18346,,,,
28,Phân tích tác động của việc giảm đầu tư vào công ty con đến chiến lược dài hạn của công ty.,"Dựa trên số liệu hiện có:

**1. Khả năng sinh lời**
- Đầu tư vào công ty con giảm từ 355.050.194.016 đồng (đầu năm) xuống 265.354.194.016 đồng (cuối kỳ), giảm khoảng 89.696 tỷ đồng (~25 %)(Bảng Cân đối kế toán).
- Tổng tài sản giảm 12,8 % (từ 1.906.094.474.649 đồng xuống 1.662.694.128.863 đồng) và vốn chủ sở hữu giảm 6,3 % (từ 943.281.549.873 đồng xuống 884.244.721.299 đồng)(Bảng Cân đối kế toán).
- **Nhận xét**:
  - Việc giảm khoản đầu tư có khả năng hạ thấp lợi nhuận sau thuế trong tương lai do giảm nguồn lợi nhuận từ các công ty con.
  - Thiếu số liệu về lợi nhuận sau thuế, biên lợi nhuận và các chỉ số sinh lời (ROE, ROA) để định lượng ảnh hưởng chính xác.

**2. Thanh khoản và an toàn tài chính**
- Dòng tiền hoạt động (CFO) thuần 36.158.929.436 đồng (dương)(Báo cáo lưu chuyển tiền tệ).
- Dòng tiền đầu tư (CFI) thuần 40.218.532.929 đồng (dương) sau khi giảm đầu tư vào công ty con (Báo cáo lưu chuyển tiền tệ).
- **Nhận xét**:
  - CFO mạnh cho thấy hoạt động kinh doanh cốt lõi vẫn tạo ra tiền mặt tốt.
  - CFI giảm một nửa so với năm trước (từ 87.211.618.301 đồng xuống 40.218.532.929 đồng), phản ánh việc rút vốn khỏi công ty con, giúp cải thiện khả năng thanh khoản ngắn hạn.
  - Thiếu dữ liệu về dòng tiền tài chính (CFF) và chi phí vốn (CAPEX) nên không thể tính chính xác Free Cash Flow.

**3. Dòng tiền**
- Tiền chi đầu tư góp vốn vào công ty con giảm khoảng 40,8 tỷ đồng (Báo cáo lưu chuyển tiền tệ).
- Tiền thu hồi đầu tư góp vốn vào công ty con không được cung cấp chi tiết.
- **Nhận xét**:
  - Giải phóng khoản tiền này tạo dư thừa tiền mặt, hỗ trợ khả năng trả nợ, chi trả cổ tức hoặc tái đầu tư vào các hoạt động kinh doanh chính.
  - Tuy nhiên, việc giảm đầu tư có thể hạn chế nguồn thu nhập từ cổ tức và lợi nhuận của các công ty con trong dài hạn.

**4. Hiệu quả hoạt động**
- Tỷ trọng đầu tư vào công ty con trong tổng tài sản giảm từ 18,6 % xuống 16,0 % (giảm 2,6 điểm phần trăm)(Bảng Cân đối kế toán).
- Tổng tài sản và tài sản cố định dài hạn giảm đáng kể, có thể làm giảm khả năng tạo doanh thu và lợi nhuận trong tương lai.
- **Nhận xét**:
  - Giảm tài sản dài hạn giúp cải thiện cấu trúc tài sản, giảm rủi ro liên quan tới các khoản đầu tư không sinh lợi.
  - Tuy nhiên, sự suy giảm tài sản dài hạn (~12,8 %) có thể làm giảm tiềm năng tăng trưởng doanh thu nếu các công ty con là nguồn doanh thu chính.
  - Cần số liệu về doanh thu bán hàng và lưu chuyển tiền thuần từ hoạt động đầu tư để đánh giá chi tiết hơn ảnh hưởng tới vòng quay tài sản và hiệu quả sử dụng vốn.

**Kết luận tổng thể**
- Giảm đầu tư vào công ty con đang cải thiện thanh khoản ngắn hạn và giảm rủi ro tài sản dài hạn, nhưng đồng thời làm giảm quy mô tài sản và tiềm năng lợi nhuận dài hạn. Thiếu dữ liệu chi tiết về lợi nhuận sau thuế, doanh thu và CAPEX khiến việc đánh giá đầy đủ tác động chiến lược còn hạn chế; tuy nhiên, xu hướng hiện tại cho thấy công ty đang tập trung vào hoạt động cốt lõi và cải thiện khả năng tài chính ngắn hạn, trong khi cần cân nhắc ảnh hưởng tiêu cực tới tăng trưởng và lợi nhuận trong dài hạn.","Đầu tư vào công ty con đã giảm đáng kể từ 355.050.194.016 VND đầu năm xuống 265.354.194.016 VND cuối kỳ. Sự giảm này có thể phản ánh một sự thay đổi trong chiến lược dài hạn của công ty, chẳng hạn như thoái vốn khỏi một số công ty con không hiệu quả, tái cấu trúc danh mục đầu tư, hoặc tập trung nguồn lực vào các hoạt động cốt lõi khác. Tác động có thể là giảm bớt rủi ro liên quan đến các công ty con hoạt động kém, hoặc ngược lại, mất đi cơ hội tăng trưởng và mở rộng thông qua các công ty con. Điều này cần được xem xét cùng với lý do cụ thể của việc giảm đầu tư để đánh giá tác động toàn diện.",66,"Table: BẢNG CÂN ĐỐI KẾ TOÁN
Item: Đầu tư vào công ty con | Số đầu năm
Period: đầu
Value: 355.050.194.016
---
Table: THUYẾT MINH BÁO CÁO TÀI CHÍNH
Subheading: 19a. Bảng đối chiếu biến động của vốn chủ sở hữu — Kỳ trước
Item: Số đầu năm | Cộng
Value: 943.281.549.873
---
Table: THUYẾT MINH BÁO CÁO TÀI CHÍNH
Subheading: 19a. Bảng đối chiếu biến động của vốn chủ sở hữu — Kỳ trước
Item: Số dư cuối kỳ | Cộng
Value: 895.094.437.312
---
Table: THUYẾT MINH BÁO CÁO TÀI CHÍNH
Subheading: 19a. Bảng đối chiếu biến động của vốn chủ sở hữu — Kỳ này
Item: Số dư đầu năm | Cộng
Value: 895.094.437.312
---
Table: THUYẾT MINH BÁO CÁO TÀI CHÍNH
Subheading: 19a. Bảng đối chiếu biến động của vốn chủ sở hữu — Kỳ này
Item: Số dư cuối kỳ | Cộng
Value: 884.244.721.299
---
Table: THUYẾT MINH BÁO CÁO TÀI CHÍNH
Subheading: 19a. Bảng đối chiếu biến động của vốn chủ sở hữu — Kỳ trước
Item: Lợi nhuận trong kỳ | Cộng
Value: (48.187.112.561)
---
Table: BẢNG CÂN ĐỐI KẾ TOÁN
Item: TỔNG CỘNG TÀI SẢN | Số đầu năm
Period: đầu
Value: 1.906.094.474.649
---
Table: BẢNG CÂN ĐỐI KẾ TOÁN
Item: TỔNG CỘNG TÀI SẢN | Số cuối năm
Period: cuối
Value: 1.662.694.128.863
---
Table: BẢNG CÂN ĐỐI KẾ TOÁN
Subheading: Tài sản cố định vô hình
Item: Nguyên giá | Số cuối năm
Period: cuối
Value: 337.728.000
---
Table: BẢNG CÂN ĐỐI KẾ TOÁN
Subheading: Tài sản cố định hữu hình
Item: Nguyên giá | Số cuối năm
Period: cuối
Value: 24.034.952.927
---
Table: BẢNG CÂN ĐỐI KẾ TOÁN
Subheading: Tài sản cố định hữu hình
Item: Giá trị hao mòn lũy kế | Số cuối năm
Period: cuối
Value: (7.708.754.109)
---
Table: BẢNG CÂN ĐỐI KẾ TOÁN
Subheading: Tài sản cố định vô hình
Item: Giá trị hao mòn lũy kế | Số cuối năm
Period: cuối
Value: (320.161.333)
---
Table: THUYẾT MINH BÁO CÁO TÀI CHÍNH
Subheading: 9. Tài sản cố định hữu hình — Nguyên giá
Item: Số cuối kỳ | Tài sản cố định khác
Value: 3.539.232.509
---
Table: BẢNG CÂN ĐỐI KẾ TOÁN
Item: Đầu tư tài chính dài hạn | Số đầu năm
Period: đầu
Value: 422.404.832.365
Note ref: V.2c
---
Table: BẢNG CÂN ĐỐI KẾ TOÁN
Item: Đầu tư tài chính dài hạn | Số cuối năm
Period: cuối
Value: 306.186.691.420
Note ref: V.2c
---
Table: THUYẾT MINH BÁO CÁO TÀI CHÍNH
Item: Lợi nhuận sau thuế thu nhập doanh nghiệp | Quý IV năm 2024
Period: cuối
Value: 12.090.244.768
---
Table: THUYẾT MINH BÁO CÁO TÀI CHÍNH
Item: Lợi nhuận sau thuế thu nhập doanh nghiệp | Lũy kế đến quý IV năm 2024
Period: cuối
Value: (10.849.716.013)
---
Table: THUYẾT MINH BÁO CÁO TÀI CHÍNH
Item: Lợi nhuận sau thuế thu nhập doanh nghiệp | Quý IV năm 2023
Period: đầu
Value: (33.607.254.235)
---
Table: THUYẾT MINH BÁO CÁO TÀI CHÍNH
Item: Lợi nhuận sau thuế thu nhập doanh nghiệp | Lũy kế đến quý IV năm 2023
Period: đầu
Value: (48.187.112.561)
---
Table: THUYẾT MINH BÁO CÁO TÀI CHÍNH
Item: Thuyết minh 17: Thuế thu nhập doanh nghiệp
Value: Chi phí thuế thu nhập doanh nghiệp chỉ bao gồm thuế thu nhập hiện hành, là khoản thuế được tính dựa trên thu nhập tính thuế. Thu nhập tính thuế chênh lệch so với lợi nhuận kế toán là do điều chỉnh các khoản chênh lệch tạm thời giữa thuế và kế toán, các chi phí không được trừ cũng như điều chỉnh các khoản thu nhập không phải chịu thuế và các khoản lỗ được chuyển.
---
Table: BÁO CÁO KẾT QUẢ HOẠT ĐỘNG KINH DOANH
Item: Lợi nhuận thuần từ hoạt động kinh doanh | Quý IV năm 2024
Period: cuối
Value: 12.205.164.159
---
Table: BÁO CÁO KẾT QUẢ HOẠT ĐỘNG KINH DOANH
Item: Lợi nhuận thuần từ hoạt động kinh doanh | Lũy kế đến quý IV năm 2024
Period: cuối
Value: (12.918.933.440)
---
Table: BÁO CÁO KẾT QUẢ HOẠT ĐỘNG KINH DOANH
Item: Lợi nhuận thuần từ hoạt động kinh doanh | Quý IV năm 2023
Period: đầu
Value: (29.778.741.081)
---
Table: BÁO CÁO KẾT QUẢ HOẠT ĐỘNG KINH DOANH
Item: Lợi nhuận thuần từ hoạt động kinh doanh | Lũy kế đến quý IV năm 2023
Period: đầu
Value: (43.531.303.789)
---
Table: THUYẾT MINH BÁO CÁO TÀI CHÍNH
Subheading: 1. Doanh thu bán hàng và cung cấp dịch vụ
Item: Cộng | Luỹ kế từ đầu năm đến cuối kỳ này
Value: 209.580.465.103
---
Table: THUYẾT MINH BÁO CÁO TÀI CHÍNH
Subheading: 1. Doanh thu bán hàng và cung cấp dịch vụ
Item: Cộng | Luỹ kế từ đầu năm đến cuối kỳ này
Value: 200.062.416.867
---
Table: THUYẾT MINH BÁO CÁO TÀI CHÍNH
Subheading: 1. Doanh thu bán hàng và cung cấp dịch vụ
Item: Doanh thu bán hàng hóa | Luỹ kế từ đầu năm đến cuối kỳ này
Value: 16.668.489.482
---
Table: THUYẾT MINH BÁO CÁO TÀI CHÍNH
Subheading: 1. Doanh thu bán hàng và cung cấp dịch vụ
Item: Doanh thu bán hàng hóa | Luỹ kế từ đầu năm đến cuối kỳ này
Value: 10.481.414.367
---
Table: THUYẾT MINH BÁO CÁO TÀI CHÍNH
Subheading: 1. Doanh thu bán hàng và cung cấp dịch vụ
Item: Doanh thu cung cấp dịch vụ, cho thuê mặt bằng | Luỹ kế từ đầu năm đến cuối kỳ này
Value: 5.168.271.585
---
Table: THUYẾT MINH BÁO CÁO TÀI CHÍNH
Subheading: 3. Giá vốn hàng bán
Item: Giá vốn hàng hóa | Luỹ kế từ đầu năm đến cuối kỳ này
Value: 8.583.372.428
---
Table: THUYẾT MINH BÁO CÁO TÀI CHÍNH
Subheading: 3. Giá vốn hàng bán
Item: Giá vốn hàng hóa | Luỹ kế từ đầu năm đến cuối kỳ này
Value: 5.826.158.687
---
Table: THUYẾT MINH BÁO CÁO TÀI CHÍNH
Subheading: 3. Giá vốn hàng bán
Item: Cộng | Luỹ kế từ đầu năm đến cuối kỳ này
Value: 133.703.128.164
---
Table: THUYẾT MINH BÁO CÁO TÀI CHÍNH
Subheading: 3. Giá vốn hàng bán
Item: Cộng | Luỹ kế từ đầu năm đến cuối kỳ này
Value: 130.209.711.138
---
Table: THUYẾT MINH BÁO CÁO TÀI CHÍNH
Subheading: 3. Giá vốn hàng bán
Item: Giá vốn BĐS | Luỹ kế từ đầu năm đến cuối kỳ này
Value: 101.262.100.705
---
Table: THUYẾT MINH BÁO CÁO TÀI CHÍNH
Subheading: 7. Chi phí quản lý doanh nghiệp
Item: Cộng | Luỹ kế từ đầu năm đến cuối kỳ này
Value: 34.322.091.879
---
Table: THUYẾT MINH BÁO CÁO TÀI CHÍNH
Subheading: 7. Chi phí quản lý doanh nghiệp
Item: Cộng | Luỹ kế từ đầu năm đến cuối kỳ này
Value: 23.256.368.970
---
Table: THUYẾT MINH BÁO CÁO TÀI CHÍNH
Subheading: 7. Chi phí quản lý doanh nghiệp
Item: Chi phí nhân viên quản lý | Luỹ kế từ đầu năm đến cuối kỳ này
Value: 27.526.591.673
---
Table: THUYẾT MINH BÁO CÁO TÀI CHÍNH
Subheading: 7. Chi phí quản lý doanh nghiệp
Item: Chi phí nhân viên quản lý | Luỹ kế từ đầu năm đến cuối kỳ này
Value: 18.509.488.336
---
Table: THUYẾT MINH BÁO CÁO TÀI CHÍNH
Subheading: 7. Chi phí quản lý doanh nghiệp
Item: Chi phí khấu hao | Luỹ kế từ đầu năm đến cuối kỳ này
Value: 333.637.657
---
Table: THUYẾT MINH BÁO CÁO TÀI CHÍNH
Subheading: 2c. Đầu tư góp vốn vào đơn vị khác
Item: Đầu tư vào Công ty con | Số cuối kỳ
Period: cuối
Value: 265.354.194.016
---
Table: THUYẾT MINH BÁO CÁO TÀI CHÍNH
Subheading: 2c. Đầu tư góp vốn vào đơn vị khác
Item: Đầu tư vào Công ty con | Số đầu năm
Period: đầu
Value: 355.050.194.016
---
Table: THUYẾT MINH BÁO CÁO TÀI CHÍNH
Item: Các khoản đầu tư vào công ty con
Value: ### Công ty con Công ty con là doanh nghiệp chịu sự kiểm soát của Công ty. Việc kiểm soát đạt được khi Công ty có khả năng kiểm soát các chính sách tài chính và hoạt động của doanh nghiệp nhận đầu tư nhằm thu được lợi ích kinh tế từ các hoạt động của doanh nghiệp đó.
---
Table: THUYẾT MINH BÁO CÁO TÀI CHÍNH
Item: Các khoản đầu tư nắm giữ đến ngày đáo hạn
Value: Khoản đầu tư được phân loại là nắm giữ đến ngày đáo hạn khi Công ty có ý định và khả năng giữ đến ngày đáo hạn. Các khoản đầu tư nắm giữ đến ngày đáo hạn của Công ty chỉ bao gồm các khoản tiền gửi ngân hàng có kỳ hạn. Thu nhập lãi từ các khoản tiền gửi ngân hàng có kỳ hạn được ghi nhận trên Báo cáo kết quả hoạt động kinh doanh trên cơ sở dự thu.
---
Table: BÁO CÁO LƯU CHUYỂN TIỀN TỆ
Item: Lưu chuyển tiền thuần từ hoạt động kinh doanh | Năm nay
Value: 36.158.929.436
---
Table: BÁO CÁO LƯU CHUYỂN TIỀN TỆ
Item: Lưu chuyển tiền thuần từ hoạt động kinh doanh | Năm trước
Value: (4.379.663.565)
---
Table: BÁO CÁO LƯU CHUYỂN TIỀN TỆ
Item: Lưu chuyển tiền thuần từ hoạt động đầu tư | Năm nay
Value: 40.218.532.929
---
Table: BÁO CÁO LƯU CHUYỂN TIỀN TỆ
Item: Lưu chuyển tiền thuần từ hoạt động đầu tư | Năm trước
Value: 87.211.618.301
---
Table: BÁO CÁO LƯU CHUYỂN TIỀN TỆ
Item: Tiền chi đầu tư góp vốn vào đơn vị khác | Năm nay
Value: (300.000.000)
---
Table: BÁO CÁO LƯU CHUYỂN TIỀN TỆ
Item: Tiền chi đầu tư góp vốn vào đơn vị khác | Năm trước
Value: (6.486.981.982)
---
Table: THUYẾT MINH BÁO CÁO TÀI CHÍNH
Subheading: 2c. Đầu tư góp vốn vào đơn vị khác
Item: Đầu tư vào Công ty liên kết | Số cuối kỳ
Period: cuối
Value: 81.672.000.000
---
Table: THUYẾT MINH BÁO CÁO TÀI CHÍNH
Subheading: 2c. Đầu tư góp vốn vào đơn vị khác
Item: Đầu tư góp vốn vào đơn vị khác | Số cuối kỳ
Period: cuối
Value: 9.500.000.000
---
Table: THUYẾT MINH BÁO CÁO TÀI CHÍNH
Subheading: 2c. Đầu tư góp vốn vào đơn vị khác
Item: Cộng | Số cuối kỳ
Period: cuối
Value: 356.526.194.016
---
Table: THUYẾT MINH BÁO CÁO TÀI CHÍNH
Subheading: 2c. Đầu tư góp vốn vào đơn vị khác
Item: Đầu tư góp vốn vào đơn vị khác | Số đầu năm
Period: đầu
Value: 91.172.000.000
---
Table: THUYẾT MINH BÁO CÁO TÀI CHÍNH
Subheading: 2c. Đầu tư góp vốn vào đơn vị khác
Item: Đầu tư góp vốn vào đơn vị khác | Số đầu năm
Period: đầu
Value: (8.249.747.910)
---
Table: THUYẾT MINH BÁO CÁO TÀI CHÍNH
Subheading: 1. Tiền và các khoản tương đương tiền
Item: Cộng | Số cuối năm
Period: cuối
Value: 97.964.405.114
---
Table: THUYẾT MINH BÁO CÁO TÀI CHÍNH
Subheading: 1. Tiền và các khoản tương đương tiền
Item: Tiền gửi ngân hàng không kỳ hạn | Số cuối năm
Period: cuối
Value: 17.830.416.837
---
Table: THUYẾT MINH BÁO CÁO TÀI CHÍNH
Subheading: 1. Tiền và các khoản tương đương tiền
Item: Các khoản tương đương tiền | Số cuối năm
Period: cuối
Value: 80.000.000.000
---
Table: THUYẾT MINH BÁO CÁO TÀI CHÍNH
Item: Thuyết minh 1: Tiền và các khoản tương đương tiền | Các khoản tương đương tiền
Value: Số cuối năm: 80.000.000.000 | Số đầu năm: 42.000.000.000
---
Table: THUYẾT MINH BÁO CÁO TÀI CHÍNH
Subheading: 1. Tiền và các khoản tương đương tiền
Item: Tiền mặt | Số cuối năm
Period: cuối
Value: 24.085.667
---
Table: THUYẾT MINH BÁO CÁO TÀI CHÍNH
Subheading: 2c. Đầu tư góp vốn vào đơn vị khác
Item: Đầu tư vào Công ty con | Số đầu năm
Period: đầu
Value: (15.567.613.741)
---
Table: THUYẾT MINH BÁO CÁO TÀI CHÍNH
Item: Thuyết minh báo cáo tài chính
Value: Dự phòng tổn thất cho các khoản đầu tư vào công ty con Dự phòng tổn thất cho các khoản đầu tư vào công ty con được trích lập khi công ty con bị lỗ, với mức trích lập bằng chênh lệch giữa vốn đầu tư thực tế của các bên tại công ty con và vốn chủ sở hữu thực có tại ngày kết thúc năm tài chính nhân với tỷ lệ sở hữu vốn điều lệ thực góp của Công ty tại công ty con.
---
Table: THUYẾT MINH BÁO CÁO TÀI CHÍNH
Subheading: 2c. Đầu tư góp vốn vào đơn vị khác
Item: Đầu tư vào Công ty con | Số cuối kỳ
Period: cuối
Value: (40.839.502.596)
---
Table: THUYẾT MINH BÁO CÁO TÀI CHÍNH
Item: 2c. Đầu tư góp vốn vào đơn vị khác | Đầu tư vào Công ty con
Value: Số cuối kỳ Giá gốc: 265.354.194.016 | Số cuối kỳ Dự phòng: (40.839.502.596) | Số đầu năm Giá gốc: 355.050.194.016 | Số đầu năm Dự phòng: (15.567.613.741)
---
Table: THUYẾT MINH BÁO CÁO TÀI CHÍNH
Item: 2c. Đầu tư góp vốn vào đơn vị khác | Công ty Cổ phần Đầu tư Apec Túc Duyên (i)
Value: Số cuối kỳ Giá gốc: 18.961.694.016 | Số cuối kỳ Dự phòng: (14.595.908.610) | Số đầu năm Giá gốc: 18.957.694.016 | Số đầu năm Dự phòng: (12.386.604.292)
---
Table: THUYẾT MINH BÁO CÁO TÀI CHÍNH
Item: 2c. Đầu tư góp vốn vào đơn vị khác | Đầu tư vào Công ty liên kết
Value: Số cuối kỳ Giá gốc: 81.672.000.000
---
Table: THUYẾT MINH BÁO CÁO TÀI CHÍNH
Item: 2c. Đầu tư góp vốn vào đơn vị khác | Công ty Cổ phần Đầu tư Quốc tế Dubai
Value: Số cuối kỳ Giá gốc: 77.112.500.000 | Số đầu năm Giá gốc: 77.112.500.000",1,,248029,49329,,,,
29,Dự báo rủi ro nếu giá trị hao mòn lũy kế của bất động sản đầu tư tiếp tục tăng nhanh chóng.,"Dựa trên số liệu hiện có:

**1. Khả năng sinh lời** (agent_profitability)
- Giá trị hao mòn lũy kế bất động sản đầu tư: đầu năm 1.224.860.164 đ, cuối năm 12.390.572.835 đ (BẢNG CÂN ĐỐI KẾ TOÁN).
- Tăng trưởng hao mòn lũy kế trong năm: 11.165.712.671 đ (≈ 911%).
- Khấu hao trong năm (tổng) cho tài sản cố định và bất động sản đầu tư: 7.413.610.592 đ (BẢNG CÂN ĐỐI KẾ TOÁN).
- Lợi nhuận sau thuế thu nhập doanh nghiệp (Quý IV 2024): 12.090.244.768 đ (BÁO CÁO KẾ QUẢ HOẠT ĐỘNG KINH DOANH).

*Nhận xét*:
- Hao mòn tăng mạnh làm giảm giá trị sổ sách bất động sản đầu tư, làm giảm tổng tài sản và có thể làm tăng tỷ lệ nợ/vốn, tăng rủi ro vi phạm các covenants vay.
- Mặc dù lợi nhuận sau thuế vẫn dương, chi phí khấu hao chiếm một phần lớn; nếu xu hướng hao mòn tiếp tục tăng mà không có bổ sung tài sản hoặc giảm chi phí khác, lợi nhuận sẽ chịu áp lực giảm mạnh.
- Nếu hao mòn vượt mức thực tế, công ty có thể phải ghi nhận giảm giá trị tài sản (impairment), gây ảnh hưởng tiêu cực đáng kể tới lợi nhuận và vốn chủ sở hữu.

**2. Thanh khoản và an toàn tài chính** (agent_liquidity_solvency)
- Tiền và các khoản tương đương tiền: 97.964.405.114 đ (BẢNG CÂN ĐỐI KẾ TOÁN).
- Các khoản phải thu ngắn hạn: 362.793.062.285 đ (BẢNG CÂN ĐỐI KẾ TOÁN).
- Tài sản ngắn hạn có tính thanh khoản: 460.757.467.399 đ (tổng của trên) (BẢNG CÂN ĐỐI KẾ TOÁN).
- Nợ ngắn hạn cuối năm: 566.994.110.452 đ (BẢNG CÂN ĐỐI KẾ TOÁN).
- **Current Ratio** = 460.757.467.399 ÷ 566.994.110.452 ≈ **0.81**.
- **Cash Ratio** = 97.964.405.114 ÷ 566.994.110.452 ≈ **0.17**.
- Nợ dài hạn cuối năm: 211.455.297.112 đ (BẢNG CÂN ĐỐI KẾ TOÁN).
- Vốn chủ sở hữu cuối năm: 884.244.721.299 đ (BẢNG CÂN ĐỐI KẾ TOÁN).
- **Tổng nợ** = 778.449.407.564 đ (ngắn hạn + dài hạn).
- **Tổng tài sản** (ước tính) = 1.662.694.128.863 đ (Tổng nợ + Vốn chủ sở hữu).
- **Debt/Asset** = 0.47, **Debt/Equity** = 0.88.

*Nhận xét*:
- Current Ratio và Cash Ratio < 1 cho thấy công ty không có đủ tài sản ngắn hạn để trả hết nợ ngắn hạn, thanh khoản đang chặt chẽ.
- Khi hao mòn tiếp tục tăng, vốn chủ sở hữu sẽ giảm, làm tăng Debt/Equity và Debt/Asset, làm gia tăng rủi ro vi phạm covenants và giảm khả năng vay dựa trên tài sản thế chấp.
- Thiếu dữ liệu **EBIT, chi phí lãi vay và lưu chuyển tiền thuần từ hoạt động kinh doanh**, nên không thể tính Interest Coverage; rủi ro về khả năng trả lãi vay chưa được định lượng đầy đủ.

**Kết luận tổng thể**
- Nếu giá trị hao mòn lũy kế bất động sản đầu tư tiếp tục tăng nhanh, công ty sẽ đối mặt với rủi ro giảm lợi nhuận do chi phí khấu hao tăng và suy giảm vốn chủ sở hữu, dẫn tới tăng tỷ lệ nợ/vốn và tiền tệ. Đồng thời, thanh khoản hiện tại yếu (Current Ratio 0.81, Cash Ratio 0.17) làm cho công ty khó đáp ứng các nghĩa vụ ngắn hạn nếu không có cải thiện dòng tiền. Do thiếu thông tin về lãi vay và lưu chuyển tiền, mức độ rủi ro vay vốn không thể đo lường chính xác, nhưng xu hướng hiện tại cho thấy áp lực tài chính sẽ tăng lên nếu xu hướng hao mòn không được kiểm soát.","Giá trị hao mòn lũy kế của bất động sản đầu tư tăng rất nhanh từ 1.224.860.164 VND đầu năm lên 12.390.572.835 VND cuối kỳ. Nếu xu hướng này tiếp tục, rủi ro dự báo là giá trị sổ sách của bất động sản đầu tư sẽ giảm nhanh chóng. Điều này có thể dẫn đến việc giảm lợi nhuận từ hoạt động cho thuê (do chi phí khấu hao cao hơn), giảm giá trị tài sản ròng của công ty, và có thể ảnh hưởng đến khả năng vay vốn dựa trên tài sản. Mức độ tăng nhanh của khấu hao cũng có thể đặt câu hỏi về tuổi thọ hữu ích ước tính hoặc chất lượng của các tài sản này.",41,"Table: BẢNG CÂN ĐỐI KẾ TOÁN
Item: Bất động sản đầu tư | Số đầu năm
Period: đầu
Value: 105.856.776.554
Note ref: V.11
---
Table: BẢNG CÂN ĐỐI KẾ TOÁN
Item: Bất động sản đầu tư | Số cuối năm
Period: cuối
Value: 234.660.811.747
Note ref: V.11
---
Table: THUYẾT MINH BÁO CÁO TÀI CHÍNH
Subheading: 1. Tiền và các khoản tương đương tiền
Item: Các khoản tương đương tiền | Số cuối năm
Period: cuối
Value: 80.000.000.000
---
Table: THUYẾT MINH BÁO CÁO TÀI CHÍNH
Subheading: 1. Tiền và các khoản tương đương tiền
Item: Tiền mặt | Số cuối năm
Period: cuối
Value: 24.085.667
---
Table: THUYẾT MINH BÁO CÁO TÀI CHÍNH
Subheading: 1. Tiền và các khoản tương đương tiền
Item: Cộng | Số cuối năm
Period: cuối
Value: 97.964.405.114
---
Table: THUYẾT MINH BÁO CÁO TÀI CHÍNH
Subheading: 1. Tiền và các khoản tương đương tiền
Item: Tiền gửi ngân hàng không kỳ hạn | Số cuối năm
Period: cuối
Value: 17.830.416.837
---
Table: THUYẾT MINH BÁO CÁO TÀI CHÍNH
Subheading: 1. Tiền và các khoản tương đương tiền
Item: Tiền gửi tại công ty chứng khoán | Số cuối năm
Period: cuối
Value: 109.902.610
---
Table: BẢNG CÂN ĐỐI KẾ TOÁN
Item: Các khoản phải thu ngắn hạn | Số cuối năm
Period: cuối
Value: 362.793.062.285
---
Table: THUYẾT MINH BÁO CÁO TÀI CHÍNH
Item: 18a. Vay ngắn hạn | Chuyển sang nợ vay ngắn hạn
Value: Khoản mục: Chuyển sang nợ vay ngắn hạn | Số cuối kỳ Giá trị: (19.424.900.000) | Số cuối kỳ Khả năng trả nợ: (19.424.900.000) | Trong kỳ Giảm: 19.424.900.000 | Số đầu kỳ Giá trị: - | Số đầu kỳ Khả năng trả nợ: -
---
Table: THUYẾT MINH BÁO CÁO TÀI CHÍNH
Item: 18a. Vay ngắn hạn | Kết chuyển từ vay và nợ dài hạn
Value: Khoản mục: Kết chuyển từ vay và nợ dài hạn | Số cuối kỳ Giá trị: 19.424.900.000 | Số cuối kỳ Khả năng trả nợ: 19.424.900.000 | Trong kỳ Tăng: 19.424.900.000
---
Table: BẢNG CÂN ĐỐI KẾ TOÁN
Item: I. Nợ ngắn hạn | Số đầu năm
Period: đầu
Value: 895.630.596.406
---
Table: BẢNG CÂN ĐỐI KẾ TOÁN
Item: I. Nợ ngắn hạn | Số cuối năm
Period: cuối
Value: 566.994.110.452
---
Table: THUYẾT MINH BÁO CÁO TÀI CHÍNH
Item: 18a. Vay ngắn hạn | a) Vay ngắn hạn
Value: Khoản mục: a) Vay ngắn hạn | Số cuối kỳ Giá trị: 156.502.422.354 | Số cuối kỳ Khả năng trả nợ: 156.502.422.354 | Trong kỳ Tăng: 56.474.900.000 | Trong kỳ Giảm: 280.448.035.100 | Số đầu kỳ Giá trị: 380.475.557.454 | Số đầu kỳ Khả năng trả nợ: 380.475.557.454
---
Table: BẢNG CÂN ĐỐI KẾ TOÁN
Item: II. Nợ dài hạn | Số cuối năm
Period: cuối
Value: 211.455.297.112
---
Table: BẢNG CÂN ĐỐI KẾ TOÁN
Item: II. Nợ dài hạn | Số đầu năm
Period: đầu
Value: 115.369.440.931
---
Table: THUYẾT MINH BÁO CÁO TÀI CHÍNH
Item: 18a. Vay ngắn hạn | b) Vay dài hạn
Value: Khoản mục: b) Vay dài hạn | Số cuối kỳ Giá trị: 165.014.900.000 | Số cuối kỳ Khả năng trả nợ: 165.014.900.000 | Trong kỳ Tăng: 114.959.800.000 | Trong kỳ Giảm: 19.424.900.000 | Số đầu kỳ Giá trị: 69.480.000.000 | Số đầu kỳ Khả năng trả nợ: 69.480.000.000
---
Table: THUYẾT MINH BÁO CÁO TÀI CHÍNH
Subheading: 18a. Vay ngắn hạn
Item: Kết chuyển từ vay và nợ dài hạn | Trong kỳ
Value: 19.424.900.000
---
Table: THUYẾT MINH BÁO CÁO TÀI CHÍNH
Subheading: 19a. Bảng đối chiếu biến động của vốn chủ sở hữu — Kỳ trước
Item: Số đầu năm | Cộng
Value: 943.281.549.873
---
Table: THUYẾT MINH BÁO CÁO TÀI CHÍNH
Subheading: 19a. Bảng đối chiếu biến động của vốn chủ sở hữu — Kỳ trước
Item: Số dư cuối kỳ | Cộng
Value: 895.094.437.312
---
Table: THUYẾT MINH BÁO CÁO TÀI CHÍNH
Subheading: 19a. Bảng đối chiếu biến động của vốn chủ sở hữu — Kỳ này
Item: Số dư đầu năm | Cộng
Value: 895.094.437.312
---
Table: THUYẾT MINH BÁO CÁO TÀI CHÍNH
Subheading: 19a. Bảng đối chiếu biến động của vốn chủ sở hữu — Kỳ này
Item: Số dư cuối kỳ | Cộng
Value: 884.244.721.299
---
Table: THUYẾT MINH BÁO CÁO TÀI CHÍNH
Subheading: 19a. Bảng đối chiếu biến động của vốn chủ sở hữu — Kỳ trước
Item: Lợi nhuận trong kỳ | Cộng
Value: (48.187.112.561)
---
Table: BẢNG CÂN ĐỐI KẾ TOÁN
Subheading: Bất động sản đầu tư
Item: Giá trị hao mòn lũy kế | Số đầu năm
Period: đầu
Value: (1.224.860.164)
---
Table: BẢNG CÂN ĐỐI KẾ TOÁN
Subheading: Bất động sản đầu tư
Item: Giá trị hao mòn lũy kế | Số cuối năm
Period: cuối
Value: (12.390.572.835)
---
Table: THUYẾT MINH BÁO CÁO TÀI CHÍNH
Subheading: Bất động sản đầu tư sử dụng để cho thuê được khấu hao theo phương pháp đường thẳng dựa trên thời gian hữu dụng ước tính. Số năm khấu hao của bất động sản đầu tư như sau:
Item: Shophouse |
Value: 44
---
Table: THUYẾT MINH BÁO CÁO TÀI CHÍNH
Subheading: Bất động sản đầu tư sử dụng để cho thuê được khấu hao theo phương pháp đường thẳng dựa trên thời gian hữu dụng ước tính. Số năm khấu hao của bất động sản đầu tư như sau:
Item: Căn hộ khách sạn |
Value: 44
---
Table: THUYẾT MINH BÁO CÁO TÀI CHÍNH
Item: Thuyết minh 9: Bất động sản đầu tư
Value: Khi bất động sản đầu tư được bán, nguyên giá và giá trị hao mòn lũy kế được xóa sổ và lãi, lỗ nào phát sinh được hạch toán vào thu nhập hay chi phí trong năm.
---
Table: BÁO CÁO LƯU CHUYỂN TIỀN TỆ
Item: - Khấu hao tài sản cố định và bất động sản đầu tư | Năm nay
Value: 7.413.610.592
---
Table: BÁO CÁO KẾT QUẢ HOẠT ĐỘNG KINH DOANH
Item: Lợi nhuận thuần từ hoạt động kinh doanh | Quý IV năm 2024
Period: cuối
Value: 12.205.164.159
---
Table: BÁO CÁO KẾT QUẢ HOẠT ĐỘNG KINH DOANH
Item: Lợi nhuận thuần từ hoạt động kinh doanh | Lũy kế đến quý IV năm 2024
Period: cuối
Value: (12.918.933.440)
---
Table: BÁO CÁO KẾT QUẢ HOẠT ĐỘNG KINH DOANH
Item: Lợi nhuận thuần từ hoạt động kinh doanh | Quý IV năm 2023
Period: đầu
Value: (29.778.741.081)
---
Table: BÁO CÁO KẾT QUẢ HOẠT ĐỘNG KINH DOANH
Item: Lợi nhuận thuần từ hoạt động kinh doanh | Lũy kế đến quý IV năm 2023
Period: đầu
Value: (43.531.303.789)
---
Table: THUYẾT MINH BÁO CÁO TÀI CHÍNH
Item: Lợi nhuận sau thuế thu nhập doanh nghiệp | Quý IV năm 2024
Period: cuối
Value: 12.090.244.768
---
Table: THUYẾT MINH BÁO CÁO TÀI CHÍNH
Item: Lợi nhuận sau thuế thu nhập doanh nghiệp | Lũy kế đến quý IV năm 2024
Period: cuối
Value: (10.849.716.013)
---
Table: THUYẾT MINH BÁO CÁO TÀI CHÍNH
Item: Lợi nhuận sau thuế thu nhập doanh nghiệp | Quý IV năm 2023
Period: đầu
Value: (33.607.254.235)
---
Table: THUYẾT MINH BÁO CÁO TÀI CHÍNH
Item: Lợi nhuận sau thuế thu nhập doanh nghiệp | Lũy kế đến quý IV năm 2023
Period: đầu
Value: (48.187.112.561)
---
Table: THUYẾT MINH BÁO CÁO TÀI CHÍNH
Item: Thuyết minh 17: Thuế thu nhập doanh nghiệp
Value: Chi phí thuế thu nhập doanh nghiệp chỉ bao gồm thuế thu nhập hiện hành, là khoản thuế được tính dựa trên thu nhập tính thuế. Thu nhập tính thuế chênh lệch so với lợi nhuận kế toán là do điều chỉnh các khoản chênh lệch tạm thời giữa thuế và kế toán, các chi phí không được trừ cũng như điều chỉnh các khoản thu nhập không phải chịu thuế và các khoản lỗ được chuyển.
---
Table: THUYẾT MINH BÁO CÁO TÀI CHÍNH
Subheading: 9. Tài sản cố định hữu hình — Giá trị hao mòn
Item: Khấu hao trong năm | Tài sản cố định khác
Value: 366.013.596
---
Table: THUYẾT MINH BÁO CÁO TÀI CHÍNH
Subheading: 9. Tài sản cố định hữu hình — Giá trị hao mòn
Item: Chuyển sang BĐS đầu tư | Cộng
Value: (6.217.026.740)
---
Table: THUYẾT MINH BÁO CÁO TÀI CHÍNH
Subheading: 9. Tài sản cố định hữu hình — Giá trị hao mòn
Item: Chuyển sang BĐS đầu tư | Nhà cửa, vật kiến trúc
Value: (6.217.026.740)
---
Table: THUYẾT MINH BÁO CÁO TÀI CHÍNH
Item: Thuyết minh 9: Tài sản cố định hữu hình | Giá trị hao mòn
Value: Nguyên giá: Giá trị hao mòn",1,,183436,35513,,,,
30,Đánh giá hiệu quả quản lý chi phí xây dựng cơ bản dở dang khi giá trị không thay đổi qua các kỳ.,"- Giá trị chi phí xây dựng cơ bản dở dang:
  - Số đầu năm: 66.493.520.213 (VND) – (BÁO CÁO KẾT QUẢ HOẠT ĐỘNG KINH DOANH)
  - Số cuối năm: 66.493.520.213 (VND) – (BÁO CÁO KẾT QUẢ HOẠT ĐỘNG KINH DOANH)
- Thay đổi giá trị: \(\frac{Cuối - Đầu}{Đầu} × 100% = \frac{66.493.520.213 - 66.493.520.213}{66.493.520.213} × 100% = 0%\)

*Nhận xét*:
- Giá trị không tăng giảm trong kỳ cho thấy tài sản đang trong quá trình xây dựng không có tiến độ thực tế đáng kể (không có thêm chi phí vốn hoá, không có giảm giá trị thông qua hao mòn hay chuyển giao). Điều này có thể phản ánh:
  - Các dự án chưa tiến triển, gây ra việc sử dụng vốn lưu động không hiệu quả.
  - Rủi ro về khả năng hoàn thành và chuyển đổi sang tài sản cố định có thể ảnh hưởng đến dòng tiền trong các kỳ tiếp theo.
- Theo thuyết minh 10, khoản mục này bao gồm chi phí trực tiếp và chi phí lãi vay liên quan đến tài sản đang xây dựng; việc giá trị không thay đổi gợi ý rằng các khoản chi phí này không được phát sinh thêm hoặc đã được ghi nhận đầy đủ trước kỳ.
- Để cải thiện hiệu quả, công ty nên theo dõi tiến độ dự án, giảm thời gian xây dựng và tối ưu hoá việc vốn hoá chi phí lãi vay, nhằm biến chi phí dở dang thành tài sản cố định có thể tạo ra doanh thu.","Giá trị chi phí xây dựng cơ bản dở dang không thay đổi qua các kỳ, duy trì ở mức 66.493.520.213 VND. Việc giá trị này không thay đổi có thể cho thấy hoạt động xây dựng đang bị đình trệ hoặc không có sự tiến triển đáng kể trong năm. Nếu đây là trường hợp đình trệ, nó phản ánh hiệu quả quản lý kém vì nguồn vốn bị mắc kẹt trong các dự án chưa hoàn thành, không tạo ra doanh thu hoặc lợi nhuận. Điều này cũng có thể dẫn đến chi phí phát sinh bổ sung do trì hoãn và giảm khả năng sinh lời của các dự án.",8,"Table: THUYẾT MINH BÁO CÁO TÀI CHÍNH
Item: Thuyết minh 10: Chi phí xây dựng cơ bản dở dang
Value: Chi phí xây dựng cơ bản dở dang phản ánh các chi phí liên quan trực tiếp (bao gồm cả chi phí lãi vay có liên quan phù hợp với chính sách kế toán của Công ty) đến các tài sản đang trong quá trình xây dựng, máy móc thiết bị đang lắp đặt để phục vụ cho mục đích sản xuất, cho thuê và quản lý cũng
---
Table: THUYẾT MINH BÁO CÁO TÀI CHÍNH
Item: Thuyết minh 10: Chi phí xây dựng cơ bản dở dang
Value: CÔNG TY CỔ PHẦN ĐẦU TƯ CHÂU Á – THÁI BÌNH DƯƠNG QUÝ IV/2024
---
Table: THUYẾT MINH BÁO CÁO TÀI CHÍNH
Item: Thuyết minh báo cáo tài chính
Value: 12. Chi phí xây dựng cơ bản dở dang
---
Table: THUYẾT MINH BÁO CÁO TÀI CHÍNH
Item: Thuyết minh 7: Hàng tồn kho | Chi phí sản xuất, kinh doanh dở dang
Value: Số cuối kỳ: 293.925.078.259 | Số đầu năm: 292.456.128.703
---
Table: THUYẾT MINH BÁO CÁO TÀI CHÍNH
Item: Thuyết minh báo cáo tài chính
Value: 15. Chi phí đi vay Chi phí đi vay bao gồm lãi tiền vay và các chi phí khác phát sinh liên quan trực tiếp đến các khoản vay. Chi phí đi vay được ghi nhận vào chi phí khi phát sinh. Trường hợp chi phí đi vay liên quan trực tiếp đến việc đầu tư xây dựng hoặc sản xuất tài sản dở dang cần có một thời gian đủ dài (trên 12 tháng) để có thể đưa vào sử dụng theo mục đích định trước hoặc bán thì chi phí đi vay này được tính vào giá trị của tài sản đó. Đối với khoản vay riêng phục vụ việc xây dựng tài sản cố định, bất động sản đầu tư, lãi vay được vốn hóa kể cả khi thời gian xây dựng dưới 12 tháng. Các khoản thu nhập phát sinh từ việc đầu tư tạm thời các khoản vay được ghi giảm nguyên giá tài sản có liên quan. Đối với các khoản vốn vay chung trong đó có sử dụng cho mục đích đầu tư xây dựng hoặc sản xuất tài sản dở dang thì chi phí đi vay vốn hóa được xác định theo tỷ lệ vốn hóa đối với chi phí lũy kế bình quân gia quyền phát sinh cho việc đầu tư xây dựng cơ bản hoặc sản xuất tài sản đó. Tỷ lệ vốn hóa được tính theo tỷ lệ lãi suất bình quân gia quyền của các khoản vay chưa trả trong năm, ngoại trừ các khoản vay riêng biệt phục vụ cho mục đích hình thành một tài sản cụ thể.
---
Table: THUYẾT MINH BÁO CÁO TÀI CHÍNH
Item: Thuyết minh báo cáo tài chính
Value: Giá gốc hàng tồn kho được xác định như sau: Chi phí sản xuất kinh doanh dở dang của các dự án bất động sản: bao gồm các chi phí thuê nhà thầu thực hiện các hạng mục của dự án bất động sản và các chi phí có liên quan trực tiếp khác. Hàng hóa bất động sản (là các bất động sản được xây dựng để bán trong quá trình hoạt động bình thường của Công ty): bao gồm chi phí quyền sử dụng đất, các chi phí trực tiếp và các chi phí chung có liên quan phát sinh trong quá trình đầu tư xây dựng bất động sản. Hàng hóa khác: bao gồm chi phí mua và các chi phí liên quan trực tiếp khác phát sinh để có được hàng tồn kho ở địa điểm và trạng thái hiện tại.
---
Table: BẢNG CÂN ĐỐI KẾ TOÁN
Item: Chi phí xây dựng cơ bản dở dang | Số cuối năm
Period: cuối
Value: 66.493.520.213
Note ref: V.12
---
Table: BẢNG CÂN ĐỐI KẾ TOÁN
Item: Chi phí xây dựng cơ bản dở dang | Số đầu năm
Period: đầu
Value: 66.493.520.213
Note ref: V.12",1,,109637,19145,,,,
