id,question,answer,ground_truth,retrieved_contexts_n,retrieved_contexts,seed_contexts_n,errors,runtime,tokens,faithfulness,answer_relevancy,context_precision,context_recall
1,Công ty Cổ phần Đầu tư APEC được cấp Giấy chứng nhận đăng ký kinh doanh lần đầu vào ngày nào?,Công ty Cổ phần Đầu tư APEC được cấp Giấy chứng nhận đăng ký doanh nghiệp lần đầu vào ngày 31 tháng 7 năm 2006 (theo Giấy chứng nhận đăng ký doanh nghiệp số 0102005769).,Công ty Cổ phần Đầu tư APEC được cấp Giấy chứng nhận đăng ký kinh doanh lần đầu vào ngày 31 tháng 7 năm 2006.,10,"Table: PHẦN ĐẦU BÁO CÁO TÀI CHÍNH
Item: Khái quát về Công ty
Value: Công ty Cổ phần Đầu tư Châu Á – Thái Bình Dương là Công ty cổ phần hoạt động theo Giấy chứng nhận đăng ký doanh nghiệp số 0102005769 ngày 31 tháng 7 năm 2006 do Sở Kế hoạch và Đầu tư thành phố Hà Nội cấp.
---
Table: PHẦN ĐẦU BÁO CÁO TÀI CHÍNH
Item: Khái quát về Công ty
Value: Trong quá trình hoạt động, Công ty đã 22 lần được Sở Kế hoạch và Đầu tư thành phố Hà Nội cấp bổ sung các Giấy phép chứng nhận đăng ký kinh doanh điều chỉnh. Trong đó, Giấy chứng nhận đăng ký doanh nghiệp điều chỉnh lần thứ 22 được cấp ngày 23 tháng 5 năm 2024 về việc thay đổi người đại diện theo pháp luật.
---
Table: PHẦN ĐẦU BÁO CÁO TÀI CHÍNH
Item: Khái quát về Công ty
Value: Hoạt động kinh doanh chính của Công ty là: Đầu tư và kinh doanh bất động sản.
---
Table: PHẦN ĐẦU BÁO CÁO TÀI CHÍNH
Item: Khái quát về Công ty
Value: Trụ sở hoạt động - Địa chỉ: Tầng 3, tòa nhà Grand Plaza, số 117 Trần Duy Hưng, phường Trung Hòa, quận Cầu Giấy, thành phố Hà Nội, Việt Nam
---
Table: PHẦN ĐẦU BÁO CÁO TÀI CHÍNH
Item: Trách nhiệm của Ban Tổng Giám đốc
Value: Theo ý kiến của Ban Tổng Giám Đốc, Báo cáo tài chính riêng đã phản ánh trung thực và hợp lý tính hình tài chính của Công ty tại thời điểm ngày 31 tháng 12 năm 2024, cũng như kết quả hoạt động kinh doanh và tình hình tài chính kết thúc cùng ngày, phù hợp với các Chuẩn mực Kế toán Việt Nam, Chế độ Kế toán doanh nghiệp Việt Nam và các quy định pháp lý có liên quan đến việc lập và trình bày Báo cáo tài chính.
---
Table: PHẦN ĐẦU BÁO CÁO TÀI CHÍNH
Item: Trách nhiệm của Ban Tổng Giám đốc
Value: Ban Tổng Giám đốc chịu trách nhiệm lập Báo cáo tài chính riêng phản ánh trung thực và hợp lý tính hình tài chính, kết quả hoạt động kinh doanh và lưu chuyển tiền tệ của Công ty trong kỳ. Trong việc lập Báo cáo tài chính riêng này, Ban Tổng Giám đốc phải:
---
Table: PHẦN ĐẦU BÁO CÁO TÀI CHÍNH
Item: Trách nhiệm của Ban Tổng Giám đốc
Value: Ngày 24 tháng 01 năm 2025
---
Table: PHẦN ĐẦU BÁO CÁO TÀI CHÍNH
Item: Trách nhiệm của Ban Tổng Giám đốc
Value: Nguyễn Phương Dung
---
Table: PHẦN ĐẦU BÁO CÁO TÀI CHÍNH
Item: Trách nhiệm của Ban Tổng Giám đốc
Value: Tổng Giám đốc
---
Table: PHẦN ĐẦU BÁO CÁO TÀI CHÍNH
Item: Báo cáo của ban tổng giám đốc
Value: Ban Tổng Giám đốc Công ty Cổ phần Đầu tư Châu Á – Thái Bình Dương (sau đây gọi tắt là “Công ty”) trình bày báo cáo của mình cùng với Báo cáo tài chính riêng của Công ty cho Quý IV năm 2024.",1,,20466,8214,0.5,0.9173611953272629,0.9999999999,1.0
2,Địa chỉ trụ sở chính của Công ty APEC Investment là ở đâu?,"Địa chỉ trụ sở chính của Công ty APEC Investment là Tầng 3, tòa nhà Grand Plaza, số 117 Trần Duy Hưng, phường Trung Hòa, quận Cầu Giấy, thành phố Hà Nội, Việt Nam.","Địa chỉ trụ sở chính của Công ty APEC Investment là Tầng 3, Tòa nhà Grand Plaza, số 117 Trần Duy Hưng, Phường Trung Hòa, Quận Cầu Giấy, Thành phố Hà Nội, Việt Nam.",10,"Table: PHẦN ĐẦU BÁO CÁO TÀI CHÍNH
Item: Khái quát về Công ty
Value: Trụ sở hoạt động - Địa chỉ: Tầng 3, tòa nhà Grand Plaza, số 117 Trần Duy Hưng, phường Trung Hòa, quận Cầu Giấy, thành phố Hà Nội, Việt Nam
---
Table: PHẦN ĐẦU BÁO CÁO TÀI CHÍNH
Item: Khái quát về Công ty
Value: Hoạt động kinh doanh chính của Công ty là: Đầu tư và kinh doanh bất động sản.
---
Table: PHẦN ĐẦU BÁO CÁO TÀI CHÍNH
Item: Khái quát về Công ty
Value: Công ty Cổ phần Đầu tư Châu Á – Thái Bình Dương là Công ty cổ phần hoạt động theo Giấy chứng nhận đăng ký doanh nghiệp số 0102005769 ngày 31 tháng 7 năm 2006 do Sở Kế hoạch và Đầu tư thành phố Hà Nội cấp.
---
Table: PHẦN ĐẦU BÁO CÁO TÀI CHÍNH
Item: Khái quát về Công ty
Value: Trong quá trình hoạt động, Công ty đã 22 lần được Sở Kế hoạch và Đầu tư thành phố Hà Nội cấp bổ sung các Giấy phép chứng nhận đăng ký kinh doanh điều chỉnh. Trong đó, Giấy chứng nhận đăng ký doanh nghiệp điều chỉnh lần thứ 22 được cấp ngày 23 tháng 5 năm 2024 về việc thay đổi người đại diện theo pháp luật.
---
Table: PHẦN ĐẦU BÁO CÁO TÀI CHÍNH
Item: Trách nhiệm của Ban Tổng Giám đốc
Value: Lập Báo cáo tài chính riêng trên cơ sở hoạt động liên tục trừ trường hợp không thể cho rằng Công ty sẽ tiếp tục hoạt động liên tục;
---
Table: PHẦN ĐẦU BÁO CÁO TÀI CHÍNH
Item: Trách nhiệm của Ban Tổng Giám đốc
Value: Nguyễn Phương Dung
---
Table: PHẦN ĐẦU BÁO CÁO TÀI CHÍNH
Item: Trách nhiệm của Ban Tổng Giám đốc
Value: Tổng Giám đốc
---
Table: PHẦN ĐẦU BÁO CÁO TÀI CHÍNH
Item: Trách nhiệm của Ban Tổng Giám đốc
Value: Ngày 24 tháng 01 năm 2025
---
Table: PHẦN ĐẦU BÁO CÁO TÀI CHÍNH
Item: Trách nhiệm của Ban Tổng Giám đốc
Value: Thay mặt Ban Tổng Giám đốc,
---
Table: PHẦN ĐẦU BÁO CÁO TÀI CHÍNH
Item: Báo cáo của ban tổng giám đốc
Value: Ban Tổng Giám đốc Công ty Cổ phần Đầu tư Châu Á – Thái Bình Dương (sau đây gọi tắt là “Công ty”) trình bày báo cáo của mình cùng với Báo cáo tài chính riêng của Công ty cho Quý IV năm 2024.",1,,13525,6970,1.0,0.9551172489953653,0.9999999999,1.0
3,Hoạt động kinh doanh chính của Công ty APEC Investment là gì?,Hoạt động kinh doanh chính của Công ty APEC Investment là đầu tư và kinh doanh bất động sản.,Hoạt động kinh doanh chính của Công ty APEC Investment bao gồm đầu tư và kinh doanh bất động sản.,10,"Table: PHẦN ĐẦU BÁO CÁO TÀI CHÍNH
Item: Khái quát về Công ty
Value: Hoạt động kinh doanh chính của Công ty là: Đầu tư và kinh doanh bất động sản.
---
Table: PHẦN ĐẦU BÁO CÁO TÀI CHÍNH
Item: Khái quát về Công ty
Value: Trong quá trình hoạt động, Công ty đã 22 lần được Sở Kế hoạch và Đầu tư thành phố Hà Nội cấp bổ sung các Giấy phép chứng nhận đăng ký kinh doanh điều chỉnh. Trong đó, Giấy chứng nhận đăng ký doanh nghiệp điều chỉnh lần thứ 22 được cấp ngày 23 tháng 5 năm 2024 về việc thay đổi người đại diện theo pháp luật.
---
Table: PHẦN ĐẦU BÁO CÁO TÀI CHÍNH
Item: Khái quát về Công ty
Value: Công ty Cổ phần Đầu tư Châu Á – Thái Bình Dương là Công ty cổ phần hoạt động theo Giấy chứng nhận đăng ký doanh nghiệp số 0102005769 ngày 31 tháng 7 năm 2006 do Sở Kế hoạch và Đầu tư thành phố Hà Nội cấp.
---
Table: PHẦN ĐẦU BÁO CÁO TÀI CHÍNH
Item: Khái quát về Công ty
Value: Trụ sở hoạt động - Địa chỉ: Tầng 3, tòa nhà Grand Plaza, số 117 Trần Duy Hưng, phường Trung Hòa, quận Cầu Giấy, thành phố Hà Nội, Việt Nam
---
Table: PHẦN ĐẦU BÁO CÁO TÀI CHÍNH
Item: Trách nhiệm của Ban Tổng Giám đốc
Value: Ban Tổng Giám đốc chịu trách nhiệm lập Báo cáo tài chính riêng phản ánh trung thực và hợp lý tính hình tài chính, kết quả hoạt động kinh doanh và lưu chuyển tiền tệ của Công ty trong kỳ. Trong việc lập Báo cáo tài chính riêng này, Ban Tổng Giám đốc phải:
---
Table: PHẦN ĐẦU BÁO CÁO TÀI CHÍNH
Item: Trách nhiệm của Ban Tổng Giám đốc
Value: Theo ý kiến của Ban Tổng Giám Đốc, Báo cáo tài chính riêng đã phản ánh trung thực và hợp lý tính hình tài chính của Công ty tại thời điểm ngày 31 tháng 12 năm 2024, cũng như kết quả hoạt động kinh doanh và tình hình tài chính kết thúc cùng ngày, phù hợp với các Chuẩn mực Kế toán Việt Nam, Chế độ Kế toán doanh nghiệp Việt Nam và các quy định pháp lý có liên quan đến việc lập và trình bày Báo cáo tài chính.
---
Table: PHẦN ĐẦU BÁO CÁO TÀI CHÍNH
Subheading: Chuẩn mực và chế độ kế toán
Item: Thông tin báo cáo tài chính | Chuẩn mực và chế độ kế toán
Value: Theo ý kiến của Ban Tổng Giám Đốc, Báo cáo tài chính riêng đã phản ánh trung thực và hợp lý tính hình tài chính của Công ty tại thời điểm ngày 31 tháng 12 năm 2024, cũng như kết quả hoạt động kinh doanh và tình hình tài chính kết thúc cùng ngày, phù hợp với các Chuẩn mực Kế toán Việt Nam, Chế độ Kế toán doanh nghiệp Việt Nam và các quy định pháp lý có liên quan đến việc lập và trình bày Báo cáo tài chính.
---
Table: PHẦN ĐẦU BÁO CÁO TÀI CHÍNH
Item: Trách nhiệm của Ban Tổng Giám đốc
Value: Lập Báo cáo tài chính riêng trên cơ sở hoạt động liên tục trừ trường hợp không thể cho rằng Công ty sẽ tiếp tục hoạt động liên tục;
---
Table: PHẦN ĐẦU BÁO CÁO TÀI CHÍNH
Item: Trách nhiệm của Ban Tổng Giám đốc
Value: Nguyễn Phương Dung
---
Table: PHẦN ĐẦU BÁO CÁO TÀI CHÍNH
Item: Trách nhiệm của Ban Tổng Giám đốc
Value: Tổng Giám đốc",1,,14968,7049,1.0,0.9630542424339116,0.9999999999,1.0
4,Ai là Chủ tịch Hội đồng Quản lý của Công ty APEC Investment tính đến ngày 24 tháng 01 năm 2025?,"Chủ tịch Hội đồng Quản lý (Hội đồng quản trị) của Công ty APEC Investment tính đến ngày 24/01/2025 là Ông Nguyễn Đức Quân, được bổ nhiệm Chủ tịch ngày 10/5/2024.",Ông Nguyễn Đức Quân là Chủ tịch Hội đồng Quản lý của Công ty APEC Investment tính đến ngày 24 tháng 01 năm 2025.,10,"Table: PHẦN ĐẦU BÁO CÁO TÀI CHÍNH
Item: Hội đồng quản trị | Ông Nguyễn Đức Quân
Value: Họ và tên: Ông Nguyễn Đức Quân | Chức vụ: Chủ tịch | Ngày bổ nhiệm/miễn nhiệm/tái bổ nhiệm: Bổ nhiệm ngày 10 tháng 5 năm 2024
---
Table: PHẦN ĐẦU BÁO CÁO TÀI CHÍNH
Item: Hội đồng quản trị | Ông Nguyễn Văn Ly
Value: Họ và tên: Ông Nguyễn Văn Ly | Chức vụ: Chủ tịch | Ngày bổ nhiệm/miễn nhiệm/tái bổ nhiệm: Miễn nhiệm ngày 10 tháng 5 năm 2024
---
Table: PHẦN ĐẦU BÁO CÁO TÀI CHÍNH
Item: Hội đồng quản trị và Ban điều hành, quản lý
Value: Các thành viên Hội đồng quản trị, Ban Kiểm soát, Ban Tổng Giám đốc và Kế toán trưởng của Công ty trong kỳ và cho đến thời điểm lập báo cáo này bao gồm:
---
Table: PHẦN ĐẦU BÁO CÁO TÀI CHÍNH
Item: Hội đồng quản trị | Ông Hồ Xuân Vinh
Value: Họ và tên: Ông Hồ Xuân Vinh | Chức vụ: Thành viên | Ngày bổ nhiệm/miễn nhiệm/tái bổ nhiệm: Tái bổ nhiệm ngày 10 tháng 5 năm 2024
---
Table: PHẦN ĐẦU BÁO CÁO TÀI CHÍNH
Item: Trách nhiệm của Ban Tổng Giám đốc
Value: Ngày 24 tháng 01 năm 2025
---
Table: PHẦN ĐẦU BÁO CÁO TÀI CHÍNH
Item: Hội đồng quản trị | Ông Nguyễn Đỗ Lăng
Value: Họ và tên: Ông Nguyễn Đỗ Lăng | Chức vụ: Thành viên | Ngày bổ nhiệm/miễn nhiệm/tái bổ nhiệm: Miễn nhiệm ngày 10 tháng 5 năm 2024
---
Table: PHẦN ĐẦU BÁO CÁO TÀI CHÍNH
Item: Hội đồng quản trị | Bà Nguyễn Phương Dung
Value: Họ và tên: Bà Nguyễn Phương Dung | Chức vụ: Thành viên | Ngày bổ nhiệm/miễn nhiệm/tái bổ nhiệm: Bổ nhiệm ngày 10 tháng 5 năm 2024
---
Table: PHẦN ĐẦU BÁO CÁO TÀI CHÍNH
Item: Hội đồng quản trị | Ông Đinh Quốc Đức
Value: Họ và tên: Ông Đinh Quốc Đức | Chức vụ: Thành viên | Ngày bổ nhiệm/miễn nhiệm/tái bổ nhiệm: Tái bổ nhiệm ngày 10 tháng 5 năm 2024
---
Table: PHẦN ĐẦU BÁO CÁO TÀI CHÍNH
Item: Hội đồng quản trị | Bà Nguyễn Đỗ Hoàng Lan
Value: Họ và tên: Bà Nguyễn Đỗ Hoàng Lan | Chức vụ: Thành viên | Ngày bổ nhiệm/miễn nhiệm/tái bổ nhiệm: Bổ nhiệm ngày 10 tháng 5 năm 2024
---
Table: PHẦN ĐẦU BÁO CÁO TÀI CHÍNH
Item: Khái quát về Công ty
Value: Công ty Cổ phần Đầu tư Châu Á – Thái Bình Dương là Công ty cổ phần hoạt động theo Giấy chứng nhận đăng ký doanh nghiệp số 0102005769 ngày 31 tháng 7 năm 2006 do Sở Kế hoạch và Đầu tư thành phố Hà Nội cấp.",1,,16172,8483,1.0,0.9375256948054741,0.9999999999,1.0
5,Có bao nhiêu thành viên Hội đồng Quản lý được bổ nhiệm hoặc bổ nhiệm lại vào ngày 10 tháng 5 năm 2024?,Có 5 thành viên Hội đồng Quản trị được bổ nhiệm hoặc tái bổ nhiệm vào ngày 10 tháng 5 năm 2024.,"Có 5 thành viên Hội đồng Quản lý được bổ nhiệm hoặc bổ nhiệm lại vào ngày 10 tháng 5 năm 2024, bao gồm Ông Nguyễn Đức Quân, Bà Nguyễn Phương Dung, Bà Nguyễn Đỗ Hoàng Lan, Ông Đinh Quốc Đức và Ông Hồ Xuân Vinh.",10,"Table: PHẦN ĐẦU BÁO CÁO TÀI CHÍNH
Item: Hội đồng quản trị | Ông Hồ Xuân Vinh
Value: Họ và tên: Ông Hồ Xuân Vinh | Chức vụ: Thành viên | Ngày bổ nhiệm/miễn nhiệm/tái bổ nhiệm: Tái bổ nhiệm ngày 10 tháng 5 năm 2024
---
Table: PHẦN ĐẦU BÁO CÁO TÀI CHÍNH
Item: Hội đồng quản trị | Bà Nguyễn Phương Dung
Value: Họ và tên: Bà Nguyễn Phương Dung | Chức vụ: Thành viên | Ngày bổ nhiệm/miễn nhiệm/tái bổ nhiệm: Bổ nhiệm ngày 10 tháng 5 năm 2024
---
Table: PHẦN ĐẦU BÁO CÁO TÀI CHÍNH
Item: Hội đồng quản trị | Ông Đinh Quốc Đức
Value: Họ và tên: Ông Đinh Quốc Đức | Chức vụ: Thành viên | Ngày bổ nhiệm/miễn nhiệm/tái bổ nhiệm: Tái bổ nhiệm ngày 10 tháng 5 năm 2024
---
Table: PHẦN ĐẦU BÁO CÁO TÀI CHÍNH
Item: Hội đồng quản trị | Bà Nguyễn Đỗ Hoàng Lan
Value: Họ và tên: Bà Nguyễn Đỗ Hoàng Lan | Chức vụ: Thành viên | Ngày bổ nhiệm/miễn nhiệm/tái bổ nhiệm: Bổ nhiệm ngày 10 tháng 5 năm 2024
---
Table: PHẦN ĐẦU BÁO CÁO TÀI CHÍNH
Item: Hội đồng quản trị | Ông Nguyễn Đỗ Lăng
Value: Họ và tên: Ông Nguyễn Đỗ Lăng | Chức vụ: Thành viên | Ngày bổ nhiệm/miễn nhiệm/tái bổ nhiệm: Miễn nhiệm ngày 10 tháng 5 năm 2024
---
Table: PHẦN ĐẦU BÁO CÁO TÀI CHÍNH
Item: Hội đồng quản trị | Ông Nguyễn Văn Ly
Value: Họ và tên: Ông Nguyễn Văn Ly | Chức vụ: Chủ tịch | Ngày bổ nhiệm/miễn nhiệm/tái bổ nhiệm: Miễn nhiệm ngày 10 tháng 5 năm 2024
---
Table: PHẦN ĐẦU BÁO CÁO TÀI CHÍNH
Item: Hội đồng quản trị | Ông Nguyễn Đức Quân
Value: Họ và tên: Ông Nguyễn Đức Quân | Chức vụ: Chủ tịch | Ngày bổ nhiệm/miễn nhiệm/tái bổ nhiệm: Bổ nhiệm ngày 10 tháng 5 năm 2024
---
Table: PHẦN ĐẦU BÁO CÁO TÀI CHÍNH
Item: Hội đồng quản trị và Ban điều hành, quản lý
Value: Các thành viên Hội đồng quản trị, Ban Kiểm soát, Ban Tổng Giám đốc và Kế toán trưởng của Công ty trong kỳ và cho đến thời điểm lập báo cáo này bao gồm:
---
Table: PHẦN ĐẦU BÁO CÁO TÀI CHÍNH
Item: Trách nhiệm của Ban Tổng Giám đốc
Value: Ban Tổng Giám đốc đảm bảo các số kế toán thích hợp được lưu giữ đầy đủ để phản ánh tính hình tài chính của Công ty với mức độ chính xác hợp lý tại bất kỳ thời điểm nào và các số sách kế toán tuân thủ chế độ kế toán áp dụng. Ban Tổng Giám đốc cũng chịu trách nhiệm quản lý các tài sản của Công ty và do đó thực hiện các biện pháp thích hợp để ngăn chặn và phát hiện các hành vi gian lận và các vi phạm khác.
---
Table: PHẦN ĐẦU BÁO CÁO TÀI CHÍNH
Item: Trách nhiệm của Ban Tổng Giám đốc
Value: Theo ý kiến của Ban Tổng Giám Đốc, Báo cáo tài chính riêng đã phản ánh trung thực và hợp lý tính hình tài chính của Công ty tại thời điểm ngày 31 tháng 12 năm 2024, cũng như kết quả hoạt động kinh doanh và tình hình tài chính kết thúc cùng ngày, phù hợp với các Chuẩn mực Kế toán Việt Nam, Chế độ Kế toán doanh nghiệp Việt Nam và các quy định pháp lý có liên quan đến việc lập và trình bày Báo cáo tài chính.",1,,21901,8650,0.0,0.8994993047943756,0.0,1.0
6,Phân tích tầm quan trọng của việc thay đổi người đại diện theo pháp luật đối với hoạt động của công ty.,"Việc thay đổi người đại diện theo pháp luật (Ban Tổng Giám đốc) sẽ ảnh hưởng trực tiếp đến các trách nhiệm quan trọng của công ty như: 
- Người thay thế sẽ chịu trách nhiệm lập và ký báo cáo tài chính phản ánh trung thực, hợp lý tình hình tài chính, kết quả kinh doanh và lưu chuyển tiền tệ (theo nội dung “Trách nhiệm của Ban Tổng Giám đốc”).
- Người mới sẽ phải thiết lập và thực hiện hệ thống kiểm soát nội bộ, đảm bảo các số kế toán được lưu giữ đầy đủ và hạn chế rủi ro sai sót, gian lận.
- Sự thay đổi này có thể ảnh hưởng tới tính liên tục trong hoạt động và mức độ tin tưởng của cổ đông, nhà đầu tư và các cơ quan quản lý đối với công ty.","Việc thay đổi người đại diện theo pháp luật có tầm quan trọng lớn đối với hoạt động của công ty vì người đại diện theo pháp luật là cá nhân chịu trách nhiệm cao nhất về mặt pháp lý và đại diện cho công ty trong mọi giao dịch và quan hệ pháp lý. Sự thay đổi này có thể ảnh hưởng đến các quyết định chiến lược, hoạt động kinh doanh, mối quan hệ với đối tác, nhà đầu tư và cơ quan quản lý. Nó thường báo hiệu một sự thay đổi trong lãnh đạo cấp cao hoặc định hướng quản trị.",10,"Table: PHẦN ĐẦU BÁO CÁO TÀI CHÍNH
Item: Trách nhiệm của Ban Tổng Giám đốc
Value: Thay mặt Ban Tổng Giám đốc,
---
Table: PHẦN ĐẦU BÁO CÁO TÀI CHÍNH
Item: Trách nhiệm của Ban Tổng Giám đốc
Value: Nguyễn Phương Dung
---
Table: PHẦN ĐẦU BÁO CÁO TÀI CHÍNH
Item: Trách nhiệm của Ban Tổng Giám đốc
Value: Tổng Giám đốc
---
Table: PHẦN ĐẦU BÁO CÁO TÀI CHÍNH
Item: Trách nhiệm của Ban Tổng Giám đốc
Value: Theo ý kiến của Ban Tổng Giám Đốc, Báo cáo tài chính riêng đã phản ánh trung thực và hợp lý tính hình tài chính của Công ty tại thời điểm ngày 31 tháng 12 năm 2024, cũng như kết quả hoạt động kinh doanh và tình hình tài chính kết thúc cùng ngày, phù hợp với các Chuẩn mực Kế toán Việt Nam, Chế độ Kế toán doanh nghiệp Việt Nam và các quy định pháp lý có liên quan đến việc lập và trình bày Báo cáo tài chính.
---
Table: PHẦN ĐẦU BÁO CÁO TÀI CHÍNH
Item: Trách nhiệm của Ban Tổng Giám đốc
Value: Ban Tổng Giám đốc chịu trách nhiệm lập Báo cáo tài chính riêng phản ánh trung thực và hợp lý tính hình tài chính, kết quả hoạt động kinh doanh và lưu chuyển tiền tệ của Công ty trong kỳ. Trong việc lập Báo cáo tài chính riêng này, Ban Tổng Giám đốc phải:
---
Table: PHẦN ĐẦU BÁO CÁO TÀI CHÍNH
Item: Trách nhiệm của Ban Tổng Giám đốc
Value: Ban Tổng Giám đốc đảm bảo các số kế toán thích hợp được lưu giữ đầy đủ để phản ánh tính hình tài chính của Công ty với mức độ chính xác hợp lý tại bất kỳ thời điểm nào và các số sách kế toán tuân thủ chế độ kế toán áp dụng. Ban Tổng Giám đốc cũng chịu trách nhiệm quản lý các tài sản của Công ty và do đó thực hiện các biện pháp thích hợp để ngăn chặn và phát hiện các hành vi gian lận và các vi phạm khác.
---
Table: PHẦN ĐẦU BÁO CÁO TÀI CHÍNH
Item: Trách nhiệm của Ban Tổng Giám đốc
Value: Lập Báo cáo tài chính riêng trên cơ sở hoạt động liên tục trừ trường hợp không thể cho rằng Công ty sẽ tiếp tục hoạt động liên tục;
---
Table: PHẦN ĐẦU BÁO CÁO TÀI CHÍNH
Item: Trách nhiệm của Ban Tổng Giám đốc
Value: Thiết lập và thực hiện hệ thống kiểm soát nội bộ một cách hữu hiệu nhằm hạn chế rủi ro có sai sót trong yêu cầu do gian lận hoặc nhân lên trong việc lập và trình bày Báo cáo tài chính.
---
Table: PHẦN ĐẦU BÁO CÁO TÀI CHÍNH
Item: Khái quát về Công ty
Value: Trong quá trình hoạt động, Công ty đã 22 lần được Sở Kế hoạch và Đầu tư thành phố Hà Nội cấp bổ sung các Giấy phép chứng nhận đăng ký kinh doanh điều chỉnh. Trong đó, Giấy chứng nhận đăng ký doanh nghiệp điều chỉnh lần thứ 22 được cấp ngày 23 tháng 5 năm 2024 về việc thay đổi người đại diện theo pháp luật.
---
Table: PHẦN ĐẦU BÁO CÁO TÀI CHÍNH
Item: Khái quát về Công ty
Value: Hoạt động kinh doanh chính của Công ty là: Đầu tư và kinh doanh bất động sản.",1,,23314,7494,0.23076923076923078,0.7513726107860162,0.0,0.0
7,Đánh giá mức độ ổn định của ban lãnh đạo công ty dựa trên các thay đổi trong Hội đồng Quản lý.,"Dựa trên số liệu hiện có:

- **Ông Nguyễn Đỗ Lăng** – Thành viên Hội đồng quản trị – Miễn nhiệm ngày 10/5/2024.
- **Bà Nguyễn Phương Dung** – Thành viên Hội đồng quản trị – Bổ nhiệm ngày 10/5/2024.
- **Ông Hồ Xuân Vinh** – Thành viên Hội đồng quản trị – Tái bổ nhiệm ngày 10/5/2024.
- **Ông Nguyễn Văn Ly** – Chủ tịch Hội đồng quản trị – Miễn nhiệm ngày 10/5/2024.

*Nhận xét*:
- Trong cùng một ngày (10/5/2024) có **hai thành viên bị miễn nhiệm** và **hai thành viên mới (hoặc tái) bổ nhiệm**, cho thấy sự luân chuyển đáng kể trong Ban lãnh đạo.
- Sự thay đổi đồng thời của cả Chủ tịch và các thành viên khác phản ánh mức độ **không ổn định** tương đối của Hội đồng quản trị trong kỳ báo cáo.

**Kết luận tổng thể**: Ban lãnh đạo công ty đã trải qua một đợt chuyển đổi quan trọng vào ngày 10/5/2024, với việc thay thế Chủ tịch và một số thành viên. Điều này cho thấy mức độ ổn định của Hội đồng quản trị không cao trong kỳ hiện tại và có thể ảnh hưởng đến quyết định chiến lược và quản trị công ty.","Dựa trên các thay đổi trong Hội đồng Quản lý, vào ngày 10 tháng 5 năm 2024, có sự thay đổi đáng kể về nhân sự: Ông Nguyễn Văn Lý (Chủ tịch) và Ông Nguyễn Đỗ Lăng (Thành viên) đã từ nhiệm, trong khi Ông Nguyễn Đức Quân (Chủ tịch mới), Bà Nguyễn Phương Dung và Bà Nguyễn Đỗ Hoàng Lan được bổ nhiệm. Ngoài ra, Ông Đinh Quốc Đức và Ông Hồ Xuân Vinh được bổ nhiệm lại. Sự thay đổi đồng loạt này, bao gồm cả vị trí Chủ tịch, cho thấy ban lãnh đạo có sự biến động lớn trong năm, có thể ảnh hưởng đến mức độ ổn định trong quản trị và định hướng chiến lược của công ty.",16,"Table: PHẦN ĐẦU BÁO CÁO TÀI CHÍNH
Item: Hội đồng quản trị | Ông Nguyễn Đỗ Lăng
Value: Họ và tên: Ông Nguyễn Đỗ Lăng | Chức vụ: Thành viên | Ngày bổ nhiệm/miễn nhiệm/tái bổ nhiệm: Miễn nhiệm ngày 10 tháng 5 năm 2024
---
Table: PHẦN ĐẦU BÁO CÁO TÀI CHÍNH
Item: Hội đồng quản trị | Bà Nguyễn Phương Dung
Value: Họ và tên: Bà Nguyễn Phương Dung | Chức vụ: Thành viên | Ngày bổ nhiệm/miễn nhiệm/tái bổ nhiệm: Bổ nhiệm ngày 10 tháng 5 năm 2024
---
Table: PHẦN ĐẦU BÁO CÁO TÀI CHÍNH
Item: Hội đồng quản trị | Ông Hồ Xuân Vinh
Value: Họ và tên: Ông Hồ Xuân Vinh | Chức vụ: Thành viên | Ngày bổ nhiệm/miễn nhiệm/tái bổ nhiệm: Tái bổ nhiệm ngày 10 tháng 5 năm 2024
---
Table: PHẦN ĐẦU BÁO CÁO TÀI CHÍNH
Item: Hội đồng quản trị | Ông Nguyễn Văn Ly
Value: Họ và tên: Ông Nguyễn Văn Ly | Chức vụ: Chủ tịch | Ngày bổ nhiệm/miễn nhiệm/tái bổ nhiệm: Miễn nhiệm ngày 10 tháng 5 năm 2024
---
Table: PHẦN ĐẦU BÁO CÁO TÀI CHÍNH
Item: Hội đồng quản trị và Ban điều hành, quản lý
Value: Các thành viên Hội đồng quản trị, Ban Kiểm soát, Ban Tổng Giám đốc và Kế toán trưởng của Công ty trong kỳ và cho đến thời điểm lập báo cáo này bao gồm:
---
Table: THUYẾT MINH BÁO CÁO TÀI CHÍNH
Item: Thuyết minh báo cáo tài chính
Value: 13. Phân phối lợi nhuận Lợi nhuận sau thuế thu nhập doanh nghiệp được phân phối cho các cổ đông sau khi đã trích lập các quỹ theo Điều lệ của Công ty cũng như các quy định của pháp luật và đã được Đại hội đồng cổ đông phê duyệt. Việc phân phối lợi nhuận cho các cổ đông được cân nhắc đến các khoản mục phi tiền tệ nằm trong lợi nhuận sau thuế chưa phân phối có thể ảnh hưởng đến luồng tiền và khả năng chi trả cổ tức như lãi do đánh giá lại tài sản mang đi góp vốn, lãi do đánh giá lại các khoản mục tiền tệ, các công cụ tài chính và các khoản mục phi tiền tệ khác. Cổ tức được ghi nhận là nợ phải trả khi được Đại hội đồng cổ đông phê duyệt.
---
Table: THUYẾT MINH BÁO CÁO TÀI CHÍNH
Item: Thuyết minh báo cáo tài chính
Value: Dự phòng tổn thất cho các khoản đầu tư vào công cụ vốn của đơn vị khác được trích lập như sau: Đối với khoản đầu tư vào cổ phiếu niêm yết hoặc giá trị hợp lý khoản đầu tư được xác định tin cậy, việc lập dự phòng dựa trên giá trị thị trường của cổ phiếu. Đối với khoản đầu tư không xác định được giá trị hợp lý tại thời điểm báo cáo, việc lập dự phòng được thực hiện căn cứ vào khoản lỗ của bên được đầu tư với mức trích lập bằng chênh lệch giữa vốn đầu tư thực tế của các chủ sở hữu và vốn chủ sở hữu tại ngày kết thúc năm tài chính nhân với tỷ lệ vốn điều lệ của Công ty so với tổng vốn điều lệ thực góp tại đơn vị khác.
---
Table: THUYẾT MINH BÁO CÁO TÀI CHÍNH
Item: Thuyết minh 16: Các khoản chi phí
Value: Các khoản chi phí và khoản doanh thu do nó tạo ra phải được ghi nhận đồng thời theo nguyên tắc phù hợp. Trong trường hợp nguyên tắc phù hợp xung đột với nguyên tắc thận trọng, chi phí được ghi nhận căn cứ vào bản chất và quy định của các chuẩn mực kế toán để đảm bảo phản ánh giao dịch một cách trung thực, hợp lý.
---
Table: THUYẾT MINH BÁO CÁO TÀI CHÍNH
Item: III. CHUẨN MỰC VÀ CHẾ ĐỘ KẾ TOÁN ÁP DỤNG
Value: 2. Tuyên bố về việc tuân thủ chuẩn mực kế toán và chế độ kế toán Ban Tổng Giám đốc đảm bảo đã tuân thủ yêu cầu của các Chuẩn mực Kế toán Việt Nam, Chế độ Kế toán doanh nghiệp Việt Nam được ban hành theo Thông tư số 200/2014/TT-BTC ngày 22 tháng 12 năm 2014, Thông tư số 53/2016/TT-BTC ngày 21 tháng 03 năm 2016 cũng như các thông tư hướng dẫn thực hiện chuẩn mực kế toán của Bộ Tài chính trong việc lập và trình bày Báo cáo tài chính.
---
Table: PHẦN ĐẦU BÁO CÁO TÀI CHÍNH
Subheading: Chuẩn mực và chế độ kế toán
Item: Thông tin báo cáo tài chính | Chuẩn mực và chế độ kế toán
Value: Ban Tổng Giám đốc đảm bảo các số kế toán thích hợp được lưu giữ đầy đủ để phản ánh tính hình tài chính của Công ty với mức độ chính xác hợp lý tại bất kỳ thời điểm nào và các số sách kế toán tuân thủ chế độ kế toán áp dụng. Ban Tổng Giám đốc cũng chịu trách nhiệm quản lý các tài sản của Công ty và do đó thực hiện các biện pháp thích hợp để ngăn chặn và phát hiện các hành vi gian lận và các vi phạm khác.
---
Table: PHẦN ĐẦU BÁO CÁO TÀI CHÍNH
Subheading: Chuẩn mực và chế độ kế toán
Item: Thông tin báo cáo tài chính | Chuẩn mực và chế độ kế toán
Value: Theo ý kiến của Ban Tổng Giám Đốc, Báo cáo tài chính riêng đã phản ánh trung thực và hợp lý tính hình tài chính của Công ty tại thời điểm ngày 31 tháng 12 năm 2024, cũng như kết quả hoạt động kinh doanh và tình hình tài chính kết thúc cùng ngày, phù hợp với các Chuẩn mực Kế toán Việt Nam, Chế độ Kế toán doanh nghiệp Việt Nam và các quy định pháp lý có liên quan đến việc lập và trình bày Báo cáo tài chính.
---
Table: THUYẾT MINH BÁO CÁO TÀI CHÍNH
Item: Thuyết minh 6: Các khoản phải thu khác | Công ty Cổ phần Quản lý Khách sạn & Dịch vụ Mandala
Value: Số cuối kỳ Giá trị: 12.000.000.000 | Số cuối kỳ Dự phòng: - | Số đầu năm Giá trị: 2.406.535.958 | Số đầu năm Dự phòng: -
---
Table: THUYẾT MINH BÁO CÁO TÀI CHÍNH
Item: Thuyết minh 7: Chi phí quản lý doanh nghiệp | Chi phí nhân viên quản lý
Value: Luỹ kế từ đầu năm đến cuối kỳ này Năm nay: 18.509.488.336 | Luỹ kế từ đầu năm đến cuối kỳ này Năm trước: 27.526.591.673
---
Table: THUYẾT MINH BÁO CÁO TÀI CHÍNH
Item: Thuyết minh 6: Các khoản phải thu khác | Công ty Cổ phần Quản lý vận hành Bất động sản Mandala - Chi hộ
Value: Số cuối kỳ Giá trị: 7.890.358.009 | Số cuối kỳ Dự phòng: - | Số đầu năm Giá trị: 7.127.444.882 | Số đầu năm Dự phòng: -
---
Table: THUYẾT MINH BÁO CÁO TÀI CHÍNH
Item: Thuyết minh 7: Chi phí quản lý doanh nghiệp | Chi phí vật liệu quản lý
Value: Luỹ kế từ đầu năm đến cuối kỳ này Năm nay: 117.707.612 | Luỹ kế từ đầu năm đến cuối kỳ này Năm trước: 255.293.115
---
Table: THUYẾT MINH BÁO CÁO TÀI CHÍNH
Item: Thuyết minh báo cáo tài chính | Công ty Cổ phần Quản lý Vận hành Bất động sản Mandala
Value: Số cuối kỳ Số lượng CP: 150.000 | Số cuối kỳ Tỷ lệ sở hữu: 19,00% | Số đầu năm Số lượng CP: 150.000 | Số đầu năm Tỷ lệ sở hữu: 19,00%",1,,75341,13080,0.7692307692307693,0.534790315806665,0.0,0.0
8,Ai là Tổng Giám đốc của Công ty APEC Investment tính đến ngày 24 tháng 01 năm 2025?,"Tính đến ngày 24 tháng 01 năm 2025, Tổng Giám đốc của Công ty APEC Investment là bà Nguyễn Phương Dung.",Bà Nguyễn Phương Dung là Tổng Giám đốc của Công ty APEC Investment tính đến ngày 24 tháng 01 năm 2025.,10,"Table: PHẦN ĐẦU BÁO CÁO TÀI CHÍNH
Item: Trách nhiệm của Ban Tổng Giám đốc
Value: Nguyễn Phương Dung
---
Table: PHẦN ĐẦU BÁO CÁO TÀI CHÍNH
Item: Ban Tổng Giám đốc, Kế toán trưởng | Bà Nguyễn Phương Dung
Value: Họ và tên: Bà Nguyễn Phương Dung | Chức vụ: Tổng Giám đốc | Ngày bổ nhiệm/miễn nhiệm: Bổ nhiệm ngày 01 tháng 4 năm 2024
---
Table: PHẦN ĐẦU BÁO CÁO TÀI CHÍNH
Item: Trách nhiệm của Ban Tổng Giám đốc
Value: Ngày 24 tháng 01 năm 2025
---
Table: PHẦN ĐẦU BÁO CÁO TÀI CHÍNH
Item: Ban Tổng Giám đốc, Kế toán trưởng | Ông Phạm Văn Dũng
Value: Họ và tên: Ông Phạm Văn Dũng | Chức vụ: Tổng Giám đốc | Ngày bổ nhiệm/miễn nhiệm: Miễn nhiệm ngày 01 tháng 4 năm 2024
---
Table: PHẦN ĐẦU BÁO CÁO TÀI CHÍNH
Item: Trách nhiệm của Ban Tổng Giám đốc
Value: Tổng Giám đốc
---
Table: PHẦN ĐẦU BÁO CÁO TÀI CHÍNH
Item: Trách nhiệm của Ban Tổng Giám đốc
Value: Theo ý kiến của Ban Tổng Giám Đốc, Báo cáo tài chính riêng đã phản ánh trung thực và hợp lý tính hình tài chính của Công ty tại thời điểm ngày 31 tháng 12 năm 2024, cũng như kết quả hoạt động kinh doanh và tình hình tài chính kết thúc cùng ngày, phù hợp với các Chuẩn mực Kế toán Việt Nam, Chế độ Kế toán doanh nghiệp Việt Nam và các quy định pháp lý có liên quan đến việc lập và trình bày Báo cáo tài chính.
---
Table: PHẦN ĐẦU BÁO CÁO TÀI CHÍNH
Item: Trách nhiệm của Ban Tổng Giám đốc
Value: Thực hiện các xét đoán và ước tính một cách hợp lý và thận trọng;
---
Table: PHẦN ĐẦU BÁO CÁO TÀI CHÍNH
Item: Trách nhiệm của Ban Tổng Giám đốc
Value: Ban Tổng Giám đốc đảm bảo các số kế toán thích hợp được lưu giữ đầy đủ để phản ánh tính hình tài chính của Công ty với mức độ chính xác hợp lý tại bất kỳ thời điểm nào và các số sách kế toán tuân thủ chế độ kế toán áp dụng. Ban Tổng Giám đốc cũng chịu trách nhiệm quản lý các tài sản của Công ty và do đó thực hiện các biện pháp thích hợp để ngăn chặn và phát hiện các hành vi gian lận và các vi phạm khác.
---
Table: PHẦN ĐẦU BÁO CÁO TÀI CHÍNH
Item: Trách nhiệm của Ban Tổng Giám đốc
Value: Ban Tổng Giám đốc chịu trách nhiệm lập Báo cáo tài chính riêng phản ánh trung thực và hợp lý tính hình tài chính, kết quả hoạt động kinh doanh và lưu chuyển tiền tệ của Công ty trong kỳ. Trong việc lập Báo cáo tài chính riêng này, Ban Tổng Giám đốc phải:
---
Table: PHẦN ĐẦU BÁO CÁO TÀI CHÍNH
Item: Trách nhiệm của Ban Tổng Giám đốc
Value: Thay mặt Ban Tổng Giám đốc,",1,,21186,8203,0.0,1.0000000000000002,0.99999999995,1.0
9,Ngày bổ nhiệm Kế toán trưởng (Quyền) của công ty là khi nào?,Kế toán trưởng (Quyền) của công ty được bổ nhiệm vào ngày 01 tháng 09 năm 2023.,Ngày bổ nhiệm Kế toán trưởng (Quyền) của công ty là ngày 01 tháng 9 năm 2023.,10,"Table: PHẦN ĐẦU BÁO CÁO TÀI CHÍNH
Item: Ban Tổng Giám đốc, Kế toán trưởng | Bà Vũ Thị Thanh Loan
Value: Họ và tên: Bà Vũ Thị Thanh Loan | Chức vụ: Quyền Kế toán trưởng | Ngày bổ nhiệm/miễn nhiệm: Bổ nhiệm ngày 01 tháng 09 năm 2023
---
Table: PHẦN ĐẦU BÁO CÁO TÀI CHÍNH
Item: Ban Tổng Giám đốc, Kế toán trưởng | Bà Nguyễn Phương Dung
Value: Họ và tên: Bà Nguyễn Phương Dung | Chức vụ: Tổng Giám đốc | Ngày bổ nhiệm/miễn nhiệm: Bổ nhiệm ngày 01 tháng 4 năm 2024
---
Table: PHẦN ĐẦU BÁO CÁO TÀI CHÍNH
Subheading: Chuẩn mực và chế độ kế toán
Item: Thông tin báo cáo tài chính | Chuẩn mực và chế độ kế toán
Value: Theo ý kiến của Ban Tổng Giám Đốc, Báo cáo tài chính riêng đã phản ánh trung thực và hợp lý tính hình tài chính của Công ty tại thời điểm ngày 31 tháng 12 năm 2024, cũng như kết quả hoạt động kinh doanh và tình hình tài chính kết thúc cùng ngày, phù hợp với các Chuẩn mực Kế toán Việt Nam, Chế độ Kế toán doanh nghiệp Việt Nam và các quy định pháp lý có liên quan đến việc lập và trình bày Báo cáo tài chính.
---
Table: PHẦN ĐẦU BÁO CÁO TÀI CHÍNH
Item: Ban Tổng Giám đốc, Kế toán trưởng | Ông Phạm Văn Dũng
Value: Họ và tên: Ông Phạm Văn Dũng | Chức vụ: Tổng Giám đốc | Ngày bổ nhiệm/miễn nhiệm: Miễn nhiệm ngày 01 tháng 4 năm 2024
---
Table: PHẦN ĐẦU BÁO CÁO TÀI CHÍNH
Subheading: Chuẩn mực và chế độ kế toán
Item: Thông tin báo cáo tài chính | Chuẩn mực và chế độ kế toán
Value: Theo quy định tại Chuẩn mực Kế toán Việt Nam số 05 ""Bất động sản đầu tư"", giá trị hợp lý của bất động sản đầu tư tại ngày kết thúc năm tài chính cần phải được trình bày. Tuy nhiên, Công ty hiện chưa xác định được giá trị hợp lý của các bất động sản đầu tư do chưa tìm được công ty định giá phù hợp để thực hiện công việc này.
---
Table: PHẦN ĐẦU BÁO CÁO TÀI CHÍNH
Subheading: Chuẩn mực và chế độ kế toán
Item: Thông tin báo cáo tài chính | Chuẩn mực và chế độ kế toán
Value: Các khoản chi phí và khoản doanh thu do nó tạo ra phải được ghi nhận đồng thời theo nguyên tắc phù hợp. Trong trường hợp nguyên tắc phù hợp xung đột với nguyên tắc thận trọng, chi phí được ghi nhận căn cứ vào bản chất và quy định của các chuẩn mực kế toán để đảm bảo phản ánh giao dịch một cách trung thực, hợp lý.
---
Table: PHẦN ĐẦU BÁO CÁO TÀI CHÍNH
Item: Trách nhiệm của Ban Tổng Giám đốc
Value: Ngày 24 tháng 01 năm 2025
---
Table: PHẦN ĐẦU BÁO CÁO TÀI CHÍNH
Subheading: Chuẩn mực và chế độ kế toán
Item: Thông tin báo cáo tài chính | Chuẩn mực và chế độ kế toán
Value: 1. Chế độ kế toán áp dụng
---
Table: PHẦN ĐẦU BÁO CÁO TÀI CHÍNH
Subheading: Chuẩn mực và chế độ kế toán
Item: Thông tin báo cáo tài chính | Chuẩn mực và chế độ kế toán
Value: 2. Tuyên bố về việc tuân thủ chuẩn mực kế toán và chế độ kế toán Ban Tổng Giám đốc đảm bảo đã tuân thủ yêu cầu của các Chuẩn mực Kế toán Việt Nam, Chế độ Kế toán doanh nghiệp Việt Nam được ban hành theo Thông tư số 200/2014/TT-BTC ngày 22 tháng 12 năm 2014, Thông tư số 53/2016/TT-BTC ngày 21 tháng 03 năm 2016 cũng như các thông tư hướng dẫn thực hiện chuẩn mực kế toán của Bộ Tài chính trong việc lập và trình bày Báo cáo tài chính.
---
Table: PHẦN ĐẦU BÁO CÁO TÀI CHÍNH
Subheading: Chuẩn mực và chế độ kế toán
Item: Thông tin báo cáo tài chính | Chuẩn mực và chế độ kế toán
Value: Ban Tổng Giám đốc đảm bảo các số kế toán thích hợp được lưu giữ đầy đủ để phản ánh tính hình tài chính của Công ty với mức độ chính xác hợp lý tại bất kỳ thời điểm nào và các số sách kế toán tuân thủ chế độ kế toán áp dụng. Ban Tổng Giám đốc cũng chịu trách nhiệm quản lý các tài sản của Công ty và do đó thực hiện các biện pháp thích hợp để ngăn chặn và phát hiện các hành vi gian lận và các vi phạm khác.",1,,25593,7451,1.0,0.723553912883399,0.99999999995,1.0
10,Trách nhiệm chính của Ban Giám đốc trong việc lập Báo cáo tài chính là gì?,"Ban Giám đốc chịu trách nhiệm lập Báo cáo tài chính riêng phản ánh trung thực và hợp lý tình hình tài chính, kết quả hoạt động kinh doanh và lưu chuyển tiền tệ của công ty; thiết lập và thực hiện hệ thống kiểm soát nội bộ để hạn chế rủi ro sai sót; cam kết tuân thủ các yêu cầu và chuẩn mực kế toán; đảm bảo các số kế toán được lưu giữ đầy đủ và áp dụng chính sách kế toán nhất quán; thực hiện các xét đoán và ước tính một cách hợp lý và thận trọng.","Trách nhiệm chính của Ban Giám đốc trong việc lập Báo cáo tài chính là trình bày trung thực và hợp lý tình hình tài chính, kết quả hoạt động kinh doanh và lưu chuyển tiền tệ của Công ty. Để thực hiện, Ban Giám đốc phải lựa chọn và áp dụng chính sách kế toán phù hợp, đưa ra xét đoán và ước tính thận trọng, tuân thủ chuẩn mực kế toán Việt Nam, lập báo cáo trên cơ sở hoạt động liên tục và thiết kế hệ thống kiểm soát nội bộ hiệu quả.",10,"Table: PHẦN ĐẦU BÁO CÁO TÀI CHÍNH
Item: Trách nhiệm của Ban Tổng Giám đốc
Value: Ban Tổng Giám đốc chịu trách nhiệm lập Báo cáo tài chính riêng phản ánh trung thực và hợp lý tính hình tài chính, kết quả hoạt động kinh doanh và lưu chuyển tiền tệ của Công ty trong kỳ. Trong việc lập Báo cáo tài chính riêng này, Ban Tổng Giám đốc phải:
---
Table: PHẦN ĐẦU BÁO CÁO TÀI CHÍNH
Item: Trách nhiệm của Ban Tổng Giám đốc
Value: Thiết lập và thực hiện hệ thống kiểm soát nội bộ một cách hữu hiệu nhằm hạn chế rủi ro có sai sót trong yêu cầu do gian lận hoặc nhân lên trong việc lập và trình bày Báo cáo tài chính.
---
Table: PHẦN ĐẦU BÁO CÁO TÀI CHÍNH
Item: Trách nhiệm của Ban Tổng Giám đốc
Value: Ban Tổng Giám đốc cam kết đã tuân thủ các yêu cầu nêu trong việc lập Báo cáo tài chính riêng.
---
Table: PHẦN ĐẦU BÁO CÁO TÀI CHÍNH
Item: Trách nhiệm của Ban Tổng Giám đốc
Value: Theo ý kiến của Ban Tổng Giám Đốc, Báo cáo tài chính riêng đã phản ánh trung thực và hợp lý tính hình tài chính của Công ty tại thời điểm ngày 31 tháng 12 năm 2024, cũng như kết quả hoạt động kinh doanh và tình hình tài chính kết thúc cùng ngày, phù hợp với các Chuẩn mực Kế toán Việt Nam, Chế độ Kế toán doanh nghiệp Việt Nam và các quy định pháp lý có liên quan đến việc lập và trình bày Báo cáo tài chính.
---
Table: PHẦN ĐẦU BÁO CÁO TÀI CHÍNH
Item: Trách nhiệm của Ban Tổng Giám đốc
Value: Lập Báo cáo tài chính riêng trên cơ sở hoạt động liên tục trừ trường hợp không thể cho rằng Công ty sẽ tiếp tục hoạt động liên tục;
---
Table: PHẦN ĐẦU BÁO CÁO TÀI CHÍNH
Item: Trách nhiệm của Ban Tổng Giám đốc
Value: Nêu rõ các chuẩn mực kế toán áp dụng cho Công ty có được tuân thủ hay không và tất cả các sai lệch trong yêu cầu được trình bày và giải thích trong Báo cáo tài chính giữa niên độ;
---
Table: PHẦN ĐẦU BÁO CÁO TÀI CHÍNH
Item: Trách nhiệm của Ban Tổng Giám đốc
Value: Ban Tổng Giám đốc đảm bảo các số kế toán thích hợp được lưu giữ đầy đủ để phản ánh tính hình tài chính của Công ty với mức độ chính xác hợp lý tại bất kỳ thời điểm nào và các số sách kế toán tuân thủ chế độ kế toán áp dụng. Ban Tổng Giám đốc cũng chịu trách nhiệm quản lý các tài sản của Công ty và do đó thực hiện các biện pháp thích hợp để ngăn chặn và phát hiện các hành vi gian lận và các vi phạm khác.
---
Table: PHẦN ĐẦU BÁO CÁO TÀI CHÍNH
Item: Trách nhiệm của Ban Tổng Giám đốc
Value: Chọn lựa các chính sách kế toán thích hợp và áp dụng các chính sách này một cách nhất quán;
---
Table: PHẦN ĐẦU BÁO CÁO TÀI CHÍNH
Item: Trách nhiệm của Ban Tổng Giám đốc
Value: Thực hiện các xét đoán và ước tính một cách hợp lý và thận trọng;
---
Table: PHẦN ĐẦU BÁO CÁO TÀI CHÍNH
Item: Trách nhiệm của Ban Tổng Giám đốc
Value: Thay mặt Ban Tổng Giám đốc,",1,,21121,7540,0.9090909090909091,0.7991076612585349,0.9999999999,1.0
11,Các Báo cáo tài chính được phê duyệt dựa trên chuẩn mực và hệ thống kế toán nào?,"Các báo cáo tài chính được phê duyệt dựa trên Chuẩn mực Kế toán Việt Nam và Chế độ Kế toán doanh nghiệp Việt Nam, theo quy định tại Thông tư số 200/2...",Các Báo cáo tài chính được phê duyệt dựa trên Chuẩn mực và Chế độ kế toán Việt Nam và các quy định pháp luật khác liên quan đến việc lập và trình bày Báo cáo tài chính.,10,"Table: PHẦN ĐẦU BÁO CÁO TÀI CHÍNH
Subheading: Chuẩn mực và chế độ kế toán
Item: Thông tin báo cáo tài chính | Chuẩn mực và chế độ kế toán
Value: 2. Tuyên bố về việc tuân thủ chuẩn mực kế toán và chế độ kế toán Ban Tổng Giám đốc đảm bảo đã tuân thủ yêu cầu của các Chuẩn mực Kế toán Việt Nam, Chế độ Kế toán doanh nghiệp Việt Nam được ban hành theo Thông tư số 200/2014/TT-BTC ngày 22 tháng 12 năm 2014, Thông tư số 53/2016/TT-BTC ngày 21 tháng 03 năm 2016 cũng như các thông tư hướng dẫn thực hiện chuẩn mực kế toán của Bộ Tài chính trong việc lập và trình bày Báo cáo tài chính.
---
Table: PHẦN ĐẦU BÁO CÁO TÀI CHÍNH
Subheading: Chuẩn mực và chế độ kế toán
Item: Thông tin báo cáo tài chính | Chuẩn mực và chế độ kế toán
Value: Nêu rõ các chuẩn mực kế toán áp dụng cho Công ty có được tuân thủ hay không và tất cả các sai lệch trong yêu cầu được trình bày và giải thích trong Báo cáo tài chính giữa niên độ;
---
Table: PHẦN ĐẦU BÁO CÁO TÀI CHÍNH
Subheading: Chuẩn mực và chế độ kế toán
Item: Thông tin báo cáo tài chính | Chuẩn mực và chế độ kế toán
Value: ## III. CHUẨN MỰC VÀ CHẾ ĐỘ KẾ TOÁN ÁP DỤNG
---
Table: PHẦN ĐẦU BÁO CÁO TÀI CHÍNH
Subheading: Chuẩn mực và chế độ kế toán
Item: Thông tin báo cáo tài chính | Chuẩn mực và chế độ kế toán
Value: 1. Chế độ kế toán áp dụng
---
Table: PHẦN ĐẦU BÁO CÁO TÀI CHÍNH
Subheading: Chuẩn mực và chế độ kế toán
Item: Thông tin báo cáo tài chính | Chuẩn mực và chế độ kế toán
Value: Theo quy định tại Chuẩn mực Kế toán Việt Nam số 05 ""Bất động sản đầu tư"", giá trị hợp lý của bất động sản đầu tư tại ngày kết thúc năm tài chính cần phải được trình bày. Tuy nhiên, Công ty hiện chưa xác định được giá trị hợp lý của các bất động sản đầu tư do chưa tìm được công ty định giá phù hợp để thực hiện công việc này.
---
Table: PHẦN ĐẦU BÁO CÁO TÀI CHÍNH
Subheading: Chuẩn mực và chế độ kế toán
Item: Thông tin báo cáo tài chính | Chuẩn mực và chế độ kế toán
Value: Các khoản chi phí và khoản doanh thu do nó tạo ra phải được ghi nhận đồng thời theo nguyên tắc phù hợp. Trong trường hợp nguyên tắc phù hợp xung đột với nguyên tắc thận trọng, chi phí được ghi nhận căn cứ vào bản chất và quy định của các chuẩn mực kế toán để đảm bảo phản ánh giao dịch một cách trung thực, hợp lý.
---
Table: PHẦN ĐẦU BÁO CÁO TÀI CHÍNH
Subheading: Chuẩn mực và chế độ kế toán
Item: Thông tin báo cáo tài chính | Chuẩn mực và chế độ kế toán
Value: Theo ý kiến của Ban Tổng Giám Đốc, Báo cáo tài chính riêng đã phản ánh trung thực và hợp lý tính hình tài chính của Công ty tại thời điểm ngày 31 tháng 12 năm 2024, cũng như kết quả hoạt động kinh doanh và tình hình tài chính kết thúc cùng ngày, phù hợp với các Chuẩn mực Kế toán Việt Nam, Chế độ Kế toán doanh nghiệp Việt Nam và các quy định pháp lý có liên quan đến việc lập và trình bày Báo cáo tài chính.
---
Table: PHẦN ĐẦU BÁO CÁO TÀI CHÍNH
Subheading: Chuẩn mực và chế độ kế toán
Item: Thông tin báo cáo tài chính | Chuẩn mực và chế độ kế toán
Value: Ban Tổng Giám đốc đảm bảo các số kế toán thích hợp được lưu giữ đầy đủ để phản ánh tính hình tài chính của Công ty với mức độ chính xác hợp lý tại bất kỳ thời điểm nào và các số sách kế toán tuân thủ chế độ kế toán áp dụng. Ban Tổng Giám đốc cũng chịu trách nhiệm quản lý các tài sản của Công ty và do đó thực hiện các biện pháp thích hợp để ngăn chặn và phát hiện các hành vi gian lận và các vi phạm khác.
---
Table: PHẦN ĐẦU BÁO CÁO TÀI CHÍNH
Item: Trách nhiệm của Ban Tổng Giám đốc
Value: Nêu rõ các chuẩn mực kế toán áp dụng cho Công ty có được tuân thủ hay không và tất cả các sai lệch trong yêu cầu được trình bày và giải thích trong Báo cáo tài chính giữa niên độ;
---
Table: PHẦN ĐẦU BÁO CÁO TÀI CHÍNH
Item: Trách nhiệm của Ban Tổng Giám đốc
Value: Ban Tổng Giám đốc đảm bảo các số kế toán thích hợp được lưu giữ đầy đủ để phản ánh tính hình tài chính của Công ty với mức độ chính xác hợp lý tại bất kỳ thời điểm nào và các số sách kế toán tuân thủ chế độ kế toán áp dụng. Ban Tổng Giám đốc cũng chịu trách nhiệm quản lý các tài sản của Công ty và do đó thực hiện các biện pháp thích hợp để ngăn chặn và phát hiện các hành vi gian lận và các vi phạm khác.",1,,26901,8615,0.6666666666666666,0.7458147755758452,0.9999999999857143,1.0
12,Đánh giá tầm quan trọng của hệ thống kiểm soát nội bộ trong việc đảm bảo tính trung thực của báo cáo tài chính.,"Hệ thống kiểm soát nội bộ rất quan trọng vì nó giúp hạn chế rủi ro sai sót, gian lận và đảm bảo báo cáo tài chính phản ánh trung thực và hợp lý tình hình tài chính, kết quả hoạt động kinh doanh và lưu chuyển tiền tệ của công ty (theo các tuyên bố của Ban Tổng Giám đốc).","Hệ thống kiểm soát nội bộ đóng vai trò cực kỳ quan trọng trong việc đảm bảo tính trung thực và hợp lý của báo cáo tài chính. Theo tuyên bố của Ban Giám đốc, hệ thống này được thiết kế và thực hiện hiệu quả nhằm ngăn chặn và phát hiện các sai sót trọng yếu do gian lận hoặc lỗi, đồng thời đảm bảo việc ghi chép sổ kế toán đầy đủ và phản ánh trung thực tình hình tài chính. Một hệ thống kiểm soát nội bộ yếu kém có thể dẫn đến thông tin tài chính sai lệch, ảnh hưởng nghiêm trọng đến quyết định của nhà đầu tư và sự tuân thủ pháp luật.",10,"Table: PHẦN ĐẦU BÁO CÁO TÀI CHÍNH
Item: Trách nhiệm của Ban Tổng Giám đốc
Value: Thiết lập và thực hiện hệ thống kiểm soát nội bộ một cách hữu hiệu nhằm hạn chế rủi ro có sai sót trong yêu cầu do gian lận hoặc nhân lên trong việc lập và trình bày Báo cáo tài chính.
---
Table: PHẦN ĐẦU BÁO CÁO TÀI CHÍNH
Item: Trách nhiệm của Ban Tổng Giám đốc
Value: Ban Tổng Giám đốc chịu trách nhiệm lập Báo cáo tài chính riêng phản ánh trung thực và hợp lý tính hình tài chính, kết quả hoạt động kinh doanh và lưu chuyển tiền tệ của Công ty trong kỳ. Trong việc lập Báo cáo tài chính riêng này, Ban Tổng Giám đốc phải:
---
Table: PHẦN ĐẦU BÁO CÁO TÀI CHÍNH
Subheading: Chuẩn mực và chế độ kế toán
Item: Thông tin báo cáo tài chính | Chuẩn mực và chế độ kế toán
Value: Theo ý kiến của Ban Tổng Giám Đốc, Báo cáo tài chính riêng đã phản ánh trung thực và hợp lý tính hình tài chính của Công ty tại thời điểm ngày 31 tháng 12 năm 2024, cũng như kết quả hoạt động kinh doanh và tình hình tài chính kết thúc cùng ngày, phù hợp với các Chuẩn mực Kế toán Việt Nam, Chế độ Kế toán doanh nghiệp Việt Nam và các quy định pháp lý có liên quan đến việc lập và trình bày Báo cáo tài chính.
---
Table: PHẦN ĐẦU BÁO CÁO TÀI CHÍNH
Item: Trách nhiệm của Ban Tổng Giám đốc
Value: Theo ý kiến của Ban Tổng Giám Đốc, Báo cáo tài chính riêng đã phản ánh trung thực và hợp lý tính hình tài chính của Công ty tại thời điểm ngày 31 tháng 12 năm 2024, cũng như kết quả hoạt động kinh doanh và tình hình tài chính kết thúc cùng ngày, phù hợp với các Chuẩn mực Kế toán Việt Nam, Chế độ Kế toán doanh nghiệp Việt Nam và các quy định pháp lý có liên quan đến việc lập và trình bày Báo cáo tài chính.
---
Table: PHẦN ĐẦU BÁO CÁO TÀI CHÍNH
Subheading: Chuẩn mực và chế độ kế toán
Item: Thông tin báo cáo tài chính | Chuẩn mực và chế độ kế toán
Value: Ban Tổng Giám đốc đảm bảo các số kế toán thích hợp được lưu giữ đầy đủ để phản ánh tính hình tài chính của Công ty với mức độ chính xác hợp lý tại bất kỳ thời điểm nào và các số sách kế toán tuân thủ chế độ kế toán áp dụng. Ban Tổng Giám đốc cũng chịu trách nhiệm quản lý các tài sản của Công ty và do đó thực hiện các biện pháp thích hợp để ngăn chặn và phát hiện các hành vi gian lận và các vi phạm khác.
---
Table: PHẦN ĐẦU BÁO CÁO TÀI CHÍNH
Subheading: Chuẩn mực và chế độ kế toán
Item: Thông tin báo cáo tài chính | Chuẩn mực và chế độ kế toán
Value: 2. Tuyên bố về việc tuân thủ chuẩn mực kế toán và chế độ kế toán Ban Tổng Giám đốc đảm bảo đã tuân thủ yêu cầu của các Chuẩn mực Kế toán Việt Nam, Chế độ Kế toán doanh nghiệp Việt Nam được ban hành theo Thông tư số 200/2014/TT-BTC ngày 22 tháng 12 năm 2014, Thông tư số 53/2016/TT-BTC ngày 21 tháng 03 năm 2016 cũng như các thông tư hướng dẫn thực hiện chuẩn mực kế toán của Bộ Tài chính trong việc lập và trình bày Báo cáo tài chính.
---
Table: PHẦN ĐẦU BÁO CÁO TÀI CHÍNH
Item: Trách nhiệm của Ban Tổng Giám đốc
Value: Ban Tổng Giám đốc đảm bảo các số kế toán thích hợp được lưu giữ đầy đủ để phản ánh tính hình tài chính của Công ty với mức độ chính xác hợp lý tại bất kỳ thời điểm nào và các số sách kế toán tuân thủ chế độ kế toán áp dụng. Ban Tổng Giám đốc cũng chịu trách nhiệm quản lý các tài sản của Công ty và do đó thực hiện các biện pháp thích hợp để ngăn chặn và phát hiện các hành vi gian lận và các vi phạm khác.
---
Table: PHẦN ĐẦU BÁO CÁO TÀI CHÍNH
Subheading: Chuẩn mực và chế độ kế toán
Item: Thông tin báo cáo tài chính | Chuẩn mực và chế độ kế toán
Value: Các khoản chi phí và khoản doanh thu do nó tạo ra phải được ghi nhận đồng thời theo nguyên tắc phù hợp. Trong trường hợp nguyên tắc phù hợp xung đột với nguyên tắc thận trọng, chi phí được ghi nhận căn cứ vào bản chất và quy định của các chuẩn mực kế toán để đảm bảo phản ánh giao dịch một cách trung thực, hợp lý.
---
Table: PHẦN ĐẦU BÁO CÁO TÀI CHÍNH
Subheading: Chuẩn mực và chế độ kế toán
Item: Thông tin báo cáo tài chính | Chuẩn mực và chế độ kế toán
Value: Theo quy định tại Chuẩn mực Kế toán Việt Nam số 05 ""Bất động sản đầu tư"", giá trị hợp lý của bất động sản đầu tư tại ngày kết thúc năm tài chính cần phải được trình bày. Tuy nhiên, Công ty hiện chưa xác định được giá trị hợp lý của các bất động sản đầu tư do chưa tìm được công ty định giá phù hợp để thực hiện công việc này.
---
Table: PHẦN ĐẦU BÁO CÁO TÀI CHÍNH
Item: Báo cáo của ban tổng giám đốc
Value: Ban Tổng Giám đốc Công ty Cổ phần Đầu tư Châu Á – Thái Bình Dương (sau đây gọi tắt là “Công ty”) trình bày báo cáo của mình cùng với Báo cáo tài chính riêng của Công ty cho Quý IV năm 2024.",1,,24015,7758,0.8,0.7236063818819846,0.642857142825,0.6666666666666666
13,Phân tích tác động của việc lập báo cáo trên cơ sở hoạt động liên tục đối với các nhà đầu tư.,"Báo cáo tài chính được lập trên cơ sở hoạt động liên tục giúp các nhà đầu tư nhận được thông tin trung thực và hợp lý về tình hình tài chính, kết quả kinh doanh và lưu chuyển tiền tệ của công ty tại thời điểm cuối năm, từ đó đánh giá được khả năng duy trì và phát triển hoạt động trong tương lai.","Việc lập báo cáo tài chính trên cơ sở hoạt động liên tục (going concern basis) có tác động lớn đối với các nhà đầu tư. Nó ngụ ý rằng công ty dự kiến sẽ tiếp tục hoạt động trong tương lai gần mà không có ý định hoặc nhu cầu thanh lý hoặc ngừng hoạt động đáng kể. Đối với nhà đầu tư, đây là một tín hiệu tích cực về sự ổn định và bền vững của doanh nghiệp, làm tăng niềm tin vào khả năng sinh lời và hoàn trả khoản đầu tư của họ. Ngược lại, nếu giả định hoạt động liên tục không phù hợp, điều đó sẽ báo hiệu rủi ro phá sản hoặc tái cơ cấu nghiêm trọng, khiến nhà đầu tư xem xét lại các quyết định đầu tư.",10,"Table: PHẦN ĐẦU BÁO CÁO TÀI CHÍNH
Item: Trách nhiệm của Ban Tổng Giám đốc
Value: Lập Báo cáo tài chính riêng trên cơ sở hoạt động liên tục trừ trường hợp không thể cho rằng Công ty sẽ tiếp tục hoạt động liên tục;
---
Table: PHẦN ĐẦU BÁO CÁO TÀI CHÍNH
Item: Báo cáo của ban tổng giám đốc
Value: Ban Tổng Giám đốc Công ty Cổ phần Đầu tư Châu Á – Thái Bình Dương (sau đây gọi tắt là “Công ty”) trình bày báo cáo của mình cùng với Báo cáo tài chính riêng của Công ty cho Quý IV năm 2024.
---
Table: PHẦN ĐẦU BÁO CÁO TÀI CHÍNH
Item: Trách nhiệm của Ban Tổng Giám đốc
Value: Ban Tổng Giám đốc chịu trách nhiệm lập Báo cáo tài chính riêng phản ánh trung thực và hợp lý tính hình tài chính, kết quả hoạt động kinh doanh và lưu chuyển tiền tệ của Công ty trong kỳ. Trong việc lập Báo cáo tài chính riêng này, Ban Tổng Giám đốc phải:
---
Table: PHẦN ĐẦU BÁO CÁO TÀI CHÍNH
Subheading: Chuẩn mực và chế độ kế toán
Item: Thông tin báo cáo tài chính | Chuẩn mực và chế độ kế toán
Value: Theo ý kiến của Ban Tổng Giám Đốc, Báo cáo tài chính riêng đã phản ánh trung thực và hợp lý tính hình tài chính của Công ty tại thời điểm ngày 31 tháng 12 năm 2024, cũng như kết quả hoạt động kinh doanh và tình hình tài chính kết thúc cùng ngày, phù hợp với các Chuẩn mực Kế toán Việt Nam, Chế độ Kế toán doanh nghiệp Việt Nam và các quy định pháp lý có liên quan đến việc lập và trình bày Báo cáo tài chính.
---
Table: PHẦN ĐẦU BÁO CÁO TÀI CHÍNH
Item: Trách nhiệm của Ban Tổng Giám đốc
Value: Theo ý kiến của Ban Tổng Giám Đốc, Báo cáo tài chính riêng đã phản ánh trung thực và hợp lý tính hình tài chính của Công ty tại thời điểm ngày 31 tháng 12 năm 2024, cũng như kết quả hoạt động kinh doanh và tình hình tài chính kết thúc cùng ngày, phù hợp với các Chuẩn mực Kế toán Việt Nam, Chế độ Kế toán doanh nghiệp Việt Nam và các quy định pháp lý có liên quan đến việc lập và trình bày Báo cáo tài chính.
---
Table: PHẦN ĐẦU BÁO CÁO TÀI CHÍNH
Subheading: Chuẩn mực và chế độ kế toán
Item: Thông tin báo cáo tài chính | Chuẩn mực và chế độ kế toán
Value: Theo quy định tại Chuẩn mực Kế toán Việt Nam số 05 ""Bất động sản đầu tư"", giá trị hợp lý của bất động sản đầu tư tại ngày kết thúc năm tài chính cần phải được trình bày. Tuy nhiên, Công ty hiện chưa xác định được giá trị hợp lý của các bất động sản đầu tư do chưa tìm được công ty định giá phù hợp để thực hiện công việc này.
---
Table: PHẦN ĐẦU BÁO CÁO TÀI CHÍNH
Subheading: Chuẩn mực và chế độ kế toán
Item: Thông tin báo cáo tài chính | Chuẩn mực và chế độ kế toán
Value: 2. Tuyên bố về việc tuân thủ chuẩn mực kế toán và chế độ kế toán Ban Tổng Giám đốc đảm bảo đã tuân thủ yêu cầu của các Chuẩn mực Kế toán Việt Nam, Chế độ Kế toán doanh nghiệp Việt Nam được ban hành theo Thông tư số 200/2014/TT-BTC ngày 22 tháng 12 năm 2014, Thông tư số 53/2016/TT-BTC ngày 21 tháng 03 năm 2016 cũng như các thông tư hướng dẫn thực hiện chuẩn mực kế toán của Bộ Tài chính trong việc lập và trình bày Báo cáo tài chính.
---
Table: PHẦN ĐẦU BÁO CÁO TÀI CHÍNH
Subheading: Chuẩn mực và chế độ kế toán
Item: Thông tin báo cáo tài chính | Chuẩn mực và chế độ kế toán
Value: Ban Tổng Giám đốc đảm bảo các số kế toán thích hợp được lưu giữ đầy đủ để phản ánh tính hình tài chính của Công ty với mức độ chính xác hợp lý tại bất kỳ thời điểm nào và các số sách kế toán tuân thủ chế độ kế toán áp dụng. Ban Tổng Giám đốc cũng chịu trách nhiệm quản lý các tài sản của Công ty và do đó thực hiện các biện pháp thích hợp để ngăn chặn và phát hiện các hành vi gian lận và các vi phạm khác.
---
Table: PHẦN ĐẦU BÁO CÁO TÀI CHÍNH
Subheading: Chuẩn mực và chế độ kế toán
Item: Thông tin báo cáo tài chính | Chuẩn mực và chế độ kế toán
Value: Các khoản chi phí và khoản doanh thu do nó tạo ra phải được ghi nhận đồng thời theo nguyên tắc phù hợp. Trong trường hợp nguyên tắc phù hợp xung đột với nguyên tắc thận trọng, chi phí được ghi nhận căn cứ vào bản chất và quy định của các chuẩn mực kế toán để đảm bảo phản ánh giao dịch một cách trung thực, hợp lý.
---
Table: PHẦN ĐẦU BÁO CÁO TÀI CHÍNH
Subheading: Chuẩn mực và chế độ kế toán
Item: Thông tin báo cáo tài chính | Chuẩn mực và chế độ kế toán
Value: Nêu rõ các chuẩn mực kế toán áp dụng cho Công ty có được tuân thủ hay không và tất cả các sai lệch trong yêu cầu được trình bày và giải thích trong Báo cáo tài chính giữa niên độ;",1,,21057,7554,0.8,0.5439215763888277,0.9999999999,1.0
14,Giải thích vai trò của Ban Giám đốc trong việc ngăn chặn gian lận và sai phạm tài chính.,"- Ban Giám đốc (Ban Tổng Giám đốc) thiết lập và thực hiện hệ thống kiểm soát nội bộ hiệu quả, nhằm hạn chế rủi ro gian lận và sai sót trong việc lập và trình bày Báo cáo tài chính.
- Ban Giám đốc còn đảm bảo các số kế toán được lưu giữ đầy đủ, phản ánh trung thực tình hình tài chính và tuân thủ chuẩn mực, chế độ kế toán, giúp ngăn ngừa các hành vi sai phạm tài chính.","Ban Giám đốc có vai trò then chốt trong việc ngăn chặn gian lận và sai phạm tài chính. Theo báo cáo, Ban Giám đốc chịu trách nhiệm thiết kế và thực hiện hiệu quả hệ thống kiểm soát nội bộ nhằm đảm bảo báo cáo tài chính không có sai sót trọng yếu do gian lận hoặc lỗi. Đồng thời, Ban Giám đốc cam đoan rằng tất cả các sổ kế toán được ghi chép đầy đủ, phản ánh trung thực tình hình tài chính, tuân thủ hệ thống kế toán hiện hành và đã thực hiện các biện pháp thích hợp để quản lý tài sản, ngăn chặn và phát hiện gian lận và các sai phạm khác. Điều này cho thấy trách nhiệm quản lý rủi ro và tuân thủ pháp luật là một phần không thể thiếu trong vai trò của họ.",10,"Table: PHẦN ĐẦU BÁO CÁO TÀI CHÍNH
Item: Trách nhiệm của Ban Tổng Giám đốc
Value: Thiết lập và thực hiện hệ thống kiểm soát nội bộ một cách hữu hiệu nhằm hạn chế rủi ro có sai sót trong yêu cầu do gian lận hoặc nhân lên trong việc lập và trình bày Báo cáo tài chính.
---
Table: PHẦN ĐẦU BÁO CÁO TÀI CHÍNH
Item: Trách nhiệm của Ban Tổng Giám đốc
Value: Ban Tổng Giám đốc đảm bảo các số kế toán thích hợp được lưu giữ đầy đủ để phản ánh tính hình tài chính của Công ty với mức độ chính xác hợp lý tại bất kỳ thời điểm nào và các số sách kế toán tuân thủ chế độ kế toán áp dụng. Ban Tổng Giám đốc cũng chịu trách nhiệm quản lý các tài sản của Công ty và do đó thực hiện các biện pháp thích hợp để ngăn chặn và phát hiện các hành vi gian lận và các vi phạm khác.
---
Table: PHẦN ĐẦU BÁO CÁO TÀI CHÍNH
Subheading: Chuẩn mực và chế độ kế toán
Item: Thông tin báo cáo tài chính | Chuẩn mực và chế độ kế toán
Value: Ban Tổng Giám đốc đảm bảo các số kế toán thích hợp được lưu giữ đầy đủ để phản ánh tính hình tài chính của Công ty với mức độ chính xác hợp lý tại bất kỳ thời điểm nào và các số sách kế toán tuân thủ chế độ kế toán áp dụng. Ban Tổng Giám đốc cũng chịu trách nhiệm quản lý các tài sản của Công ty và do đó thực hiện các biện pháp thích hợp để ngăn chặn và phát hiện các hành vi gian lận và các vi phạm khác.
---
Table: PHẦN ĐẦU BÁO CÁO TÀI CHÍNH
Item: Trách nhiệm của Ban Tổng Giám đốc
Value: Ban Tổng Giám đốc chịu trách nhiệm lập Báo cáo tài chính riêng phản ánh trung thực và hợp lý tính hình tài chính, kết quả hoạt động kinh doanh và lưu chuyển tiền tệ của Công ty trong kỳ. Trong việc lập Báo cáo tài chính riêng này, Ban Tổng Giám đốc phải:
---
Table: PHẦN ĐẦU BÁO CÁO TÀI CHÍNH
Item: Trách nhiệm của Ban Tổng Giám đốc
Value: Ban Tổng Giám đốc cam kết đã tuân thủ các yêu cầu nêu trong việc lập Báo cáo tài chính riêng.
---
Table: PHẦN ĐẦU BÁO CÁO TÀI CHÍNH
Item: Trách nhiệm của Ban Tổng Giám đốc
Value: Nêu rõ các chuẩn mực kế toán áp dụng cho Công ty có được tuân thủ hay không và tất cả các sai lệch trong yêu cầu được trình bày và giải thích trong Báo cáo tài chính giữa niên độ;
---
Table: PHẦN ĐẦU BÁO CÁO TÀI CHÍNH
Subheading: Chuẩn mực và chế độ kế toán
Item: Thông tin báo cáo tài chính | Chuẩn mực và chế độ kế toán
Value: Nêu rõ các chuẩn mực kế toán áp dụng cho Công ty có được tuân thủ hay không và tất cả các sai lệch trong yêu cầu được trình bày và giải thích trong Báo cáo tài chính giữa niên độ;
---
Table: PHẦN ĐẦU BÁO CÁO TÀI CHÍNH
Item: Ban Tổng Giám đốc, Kế toán trưởng | Ông Phạm Văn Dũng
Value: Họ và tên: Ông Phạm Văn Dũng | Chức vụ: Tổng Giám đốc | Ngày bổ nhiệm/miễn nhiệm: Miễn nhiệm ngày 01 tháng 4 năm 2024
---
Table: PHẦN ĐẦU BÁO CÁO TÀI CHÍNH
Subheading: Chuẩn mực và chế độ kế toán
Item: Thông tin báo cáo tài chính | Chuẩn mực và chế độ kế toán
Value: 2. Tuyên bố về việc tuân thủ chuẩn mực kế toán và chế độ kế toán Ban Tổng Giám đốc đảm bảo đã tuân thủ yêu cầu của các Chuẩn mực Kế toán Việt Nam, Chế độ Kế toán doanh nghiệp Việt Nam được ban hành theo Thông tư số 200/2014/TT-BTC ngày 22 tháng 12 năm 2014, Thông tư số 53/2016/TT-BTC ngày 21 tháng 03 năm 2016 cũng như các thông tư hướng dẫn thực hiện chuẩn mực kế toán của Bộ Tài chính trong việc lập và trình bày Báo cáo tài chính.
---
Table: PHẦN ĐẦU BÁO CÁO TÀI CHÍNH
Item: Trách nhiệm của Ban Tổng Giám đốc
Value: Thực hiện các xét đoán và ước tính một cách hợp lý và thận trọng;",1,,25848,7533,0.8333333333333334,0.6271127779098751,0.9472222222103819,0.75
15,Tổng tài sản ngắn hạn cuối kỳ là bao nhiêu VND?,Dữ liệu hiện có không có số liệu tổng tài sản ngắn hạn cuối kỳ.,Tổng tài sản ngắn hạn cuối kỳ là 984.330.724.539 VND.,5,"Table: BẢNG CÂN ĐỐI KẾ TOÁN
Item: Tài sản ngắn hạn khác | Số đầu năm
Value: 16.759.724.289
---
Table: BẢNG CÂN ĐỐI KẾ TOÁN
Item: Tài sản ngắn hạn khác | Số cuối năm
Value: 9.720.712.203
---
Table: BẢNG CÂN ĐỐI KẾ TOÁN
Item: A - TÀI SẢN NGẮN HẠN | Số đầu năm
Value: 1.045.015.266.013
---
Table: BẢNG CÂN ĐỐI KẾ TOÁN
Item: A - TÀI SẢN NGẮN HẠN | Số cuối năm
Value: 984.330.724.539
---
Table: THUYẾT MINH BÁO CÁO TÀI CHÍNH
Subheading: 18a. Vay ngắn hạn
Item: a) Vay ngắn hạn | Trong kỳ
Value: 56.474.900.000",1,,21363,6546,0.0,0.0,0.249999999975,1.0
16,Số dư tiền và các khoản tương đương tiền cuối kỳ là bao nhiêu VND?,Số dư tiền và các khoản tương đương tiền cuối kỳ là 97.964.405.114 VND.,Số dư tiền và các khoản tương đương tiền cuối kỳ là 97.964.405.114 VND.,5,"Table: THUYẾT MINH BÁO CÁO TÀI CHÍNH
Subheading: 1. Tiền và các khoản tương đương tiền
Item: Cộng | Số cuối năm
Value: 97.964.405.114
---
Table: THUYẾT MINH BÁO CÁO TÀI CHÍNH
Subheading: 1. Tiền và các khoản tương đương tiền
Item: Cộng | Số đầu năm
Value: 60.575.342.749
---
Table: THUYẾT MINH BÁO CÁO TÀI CHÍNH
Subheading: 1. Tiền và các khoản tương đương tiền
Item: Các khoản tương đương tiền | Số cuối năm
Value: 80.000.000.000
---
Table: THUYẾT MINH BÁO CÁO TÀI CHÍNH
Subheading: 1. Tiền và các khoản tương đương tiền
Item: Các khoản tương đương tiền | Số đầu năm
Value: 42.000.000.000
---
Table: THUYẾT MINH BÁO CÁO TÀI CHÍNH
Subheading: 1. Tiền và các khoản tương đương tiền
Item: Tiền gửi ngân hàng không kỳ hạn | Số cuối năm
Value: 17.830.416.837",1,,26854,6420,1.0,0.7542016934883087,0.9999999999,1.0
17,So sánh hàng tồn kho cuối kỳ và đầu năm. Mức độ thay đổi là bao nhiêu?,"Dựa trên số liệu hiện có:
- Hàng tồn kho cuối kỳ: 474.117.608.966
- Hàng tồn kho đầu năm: 528.207.406.021
- Thay đổi = cuối kỳ – đầu năm = -54.089.797.055 (giảm)
- Mức độ thay đổi = (-54.089.797.055 / 528.207.406.021) × 100% ≈ -10,24%","Hàng tồn kho cuối kỳ là 474.117.608.966 VND, còn hàng tồn kho đầu năm là 528.207.406.021 VND. Mức độ thay đổi là giảm 54.089.797.055 VND.",5,"Table: THUYẾT MINH BÁO CÁO TÀI CHÍNH
Subheading: 7. Hàng tồn kho
Item: Cộng | Số cuối kỳ
Value: 474.117.608.966
---
Table: THUYẾT MINH BÁO CÁO TÀI CHÍNH
Subheading: 7. Hàng tồn kho
Item: Cộng | Số đầu năm
Value: 528.207.406.021
---
Table: THUYẾT MINH BÁO CÁO TÀI CHÍNH
Subheading: 7. Hàng tồn kho
Item: Hàng hóa | Số cuối kỳ
Value: 12.556.351.760
---
Table: THUYẾT MINH BÁO CÁO TÀI CHÍNH
Subheading: 7. Hàng tồn kho
Item: Hàng hóa | Số đầu năm
Value: 13.506.255.452
---
Table: THUYẾT MINH BÁO CÁO TÀI CHÍNH
Subheading: 7. Hàng tồn kho
Item: Hàng hóa Bất động sản | Số cuối kỳ
Value: 167.636.178.947",1,,22224,8417,1.0,0.8180140033182175,0.0,1.0
18,Tỷ trọng các khoản phải thu ngắn hạn trong tổng tài sản ngắn hạn cuối kỳ là bao nhiêu phần trăm?,"Dựa trên số liệu hiện có:
- Các khoản phải thu ngắn hạn (số cuối năm): 362.793.062.285 VND
- Tổng tài sản ngắn hạn (số cuối năm): 984.330.724.539 VND

Công thức: (Các khoản phải thu ngắn hạn ÷ Tổng tài sản ngắn hạn) × 100%
Kết quả: (362.793.062.285 ÷ 984.330.724.539) × 100% ≈ 36.9%

Vậy tỷ trọng các khoản phải thu ngắn hạn trong tổng tài sản ngắn hạn cuối kỳ là khoảng 36.9%.",Tổng tài sản ngắn hạn cuối kỳ là 984.330.724.539 VND. Các khoản phải thu ngắn hạn cuối kỳ là 362.793.062.285 VND. Tỷ trọng là (362.793.062.285 / 984.330.724.539) * 100% ≈ 36.86%.,7,"Table: BẢNG CÂN ĐỐI KẾ TOÁN
Item: Các khoản phải thu ngắn hạn | Số đầu năm
Value: 401.680.516.983
---
Table: BẢNG CÂN ĐỐI KẾ TOÁN
Item: Các khoản phải thu ngắn hạn | Số cuối năm
Value: 362.793.062.285
---
Table: BẢNG CÂN ĐỐI KẾ TOÁN
Item: Tài sản ngắn hạn khác | Số đầu năm
Value: 16.759.724.289
---
Table: BẢNG CÂN ĐỐI KẾ TOÁN
Item: Tài sản ngắn hạn khác | Số cuối năm
Value: 9.720.712.203
---
Table: BẢNG CÂN ĐỐI KẾ TOÁN
Item: A - TÀI SẢN NGẮN HẠN | Số đầu năm
Value: 1.045.015.266.013
---
Table: BẢNG CÂN ĐỐI KẾ TOÁN
Item: A - TÀI SẢN NGẮN HẠN | Số cuối năm
Value: 984.330.724.539
---
Table: THUYẾT MINH BÁO CÁO TÀI CHÍNH
Subheading: 18a. Vay ngắn hạn
Item: a) Vay ngắn hạn | Trong kỳ
Value: 56.474.900.000",1,,22369,8480,0.4,0.8207495072288374,0.0,1.0
19,Đánh giá xu hướng biến động của các khoản đầu tư tài chính ngắn hạn từ đầu năm đến cuối kỳ.,"Dựa trên số liệu hiện có:

**2. Thanh khoản và an toàn tài chính**
- Đầu tư tài chính ngắn hạn (đầu năm): 37,792,275,971 VND (BẢNG CÂN ĐỐI KẾ TOÁN)
- Đầu tư tài chính ngắn hạn (cuối năm): 39,734,935,971 VND (BẢNG CÂN ĐỐI KẾ TOÁN)
- Thay đổi = 39,734,935,971 – 37,792,275,971 = 1,942,660,000 VND (công thức: cuối – đầu)
- Tăng trưởng % = (1,942,660,000 / 37,792,275,971) × 100% ≈ 5.14% (công thức: (thay đổi / đầu) × 100%)

*Nhận xét*:
- Khoản đầu tư này là tiền gửi ngân hàng có kỳ hạn 6‑12 tháng, ghi sổ ở giá gốc; tăng trưởng chủ yếu phản ánh việc tăng vốn lưu động, không phải lợi nhuận thu được (theo Thuyết minh khoản đầu tư tài chính ngắn hạn, THUYẾT MINH BÁO CÁO TÀI CHÍNH).
- Mức tăng 5% so với đầu năm cho thấy công ty đã bổ sung dự trữ tiền mặt ngắn hạn, hỗ trợ thanh khoản mà không gây áp lực nợ.
- Vì ghi sổ ở giá gốc, số liệu không phản ánh biến động thị trường; do đó, rủi ro giảm giá không được thể hiện trong các con số này.

**Kết luận tổng thể**: Khoản đầu tư tài chính ngắn hạn tăng nhẹ 5.14% trong năm, cải thiện thanh khoản và an toàn tài chính, nhưng cần lưu ý rủi ro thị trường không được phản ánh trong báo cáo.","Các khoản đầu tư tài chính ngắn hạn đã tăng từ 37.792.275.971 VND vào đầu năm lên 39.734.935.971 VND vào cuối kỳ, cho thấy xu hướng tăng nhẹ. Cụ thể, Đầu tư nắm giữ đến ngày đáo hạn tăng từ 36.045.412.278 VND lên 38.025.412.278 VND, trong khi Chứng khoán kinh doanh không đổi và Dự phòng giảm giá chứng khoán kinh doanh tăng.",10,"Table: BẢNG CÂN ĐỐI KẾ TOÁN
Item: Đầu tư tài chính ngắn hạn | Số đầu năm
Value: 37.792.275.971
---
Table: BẢNG CÂN ĐỐI KẾ TOÁN
Item: Đầu tư tài chính ngắn hạn | Số cuối năm
Value: 39.734.935.971
---
Table: THUYẾT MINH BÁO CÁO TÀI CHÍNH
Item: 2b. Đầu tư nắm giữ đến ngày đáo hạn (ngắn hạn)
Value: Là khoản tiền gửi ngân hàng có kỳ hạn từ 6 tháng đến 12 tháng. Các khoản tiền gửi này có giá trị ghi sổ bằng giá gốc.
---
Table: THUYẾT MINH BÁO CÁO TÀI CHÍNH
Item: Thuyết minh 5: Phải thu về cho vay ngắn hạn
Value: Là các khoản cho vay Bên liên quan, bao gồm:
---
Table: THUYẾT MINH BÁO CÁO TÀI CHÍNH
Item: Các khoản đầu tư nắm giữ đến ngày đáo hạn
Value: Khoản đầu tư được phân loại là nắm giữ đến ngày đáo hạn khi Công ty có ý định và khả năng giữ đến ngày đáo hạn. Các khoản đầu tư nắm giữ đến ngày đáo hạn của Công ty chỉ bao gồm các khoản tiền gửi ngân hàng có kỳ hạn. Thu nhập lãi từ các khoản tiền gửi ngân hàng có kỳ hạn được ghi nhận trên Báo cáo kết quả hoạt động kinh doanh trên cơ sở dự thu.
---
Table: THUYẾT MINH BÁO CÁO TÀI CHÍNH
Item: Thuyết minh báo cáo tài chính
Value: Các khoản đầu tư vào công cụ vốn của đơn vị khác Đầu tư vào công cụ vốn của đơn vị khác bao gồm các khoản đầu tư công cụ vốn Công ty không có quyền kiểm soát, đồng kiểm soát hoặc có ảnh hưởng đáng kể đối với bên được đầu tư.
---
Table: THUYẾT MINH BÁO CÁO TÀI CHÍNH
Item: 17a. Phải trả ngắn hạn khác
Value: () Khoản nhận tiền góp vốn của các tổ chức, cá nhân vào các dự án Công ty đang thực hiện để được phân chia sản phẩm là nhà ở của Dự án mà không phải thông qua sàn giao dịch bất động sản. Khi các dự án đủ điều kiện pháp lý để ký hợp đồng mua bán và các bên ký hợp đồng mua bán nhà ở thì toàn bộ tiền vốn góp thực tế sẽ được chuyển thành khoản tiền thanh toán đầu tiên của Giá bán nhà ở.
---
Table: THUYẾT MINH BÁO CÁO TÀI CHÍNH
Item: 17a. Phải trả ngắn hạn khác | Các khoản phải trả ngắn hạn khác
Value: Số cuối kỳ: 3.010.459.022 | Số đầu năm: 35.240.039
---
Table: THUYẾT MINH BÁO CÁO TÀI CHÍNH
Item: 18a. Vay ngắn hạn | Vay ngắn hạn các cá nhân
Value: Khoản mục: Vay ngắn hạn các cá nhân | Số cuối kỳ Giá trị: 17.219.900.000 | Số cuối kỳ Khả năng trả nợ: 17.219.900.000 | Trong kỳ Tăng: 37.050.000.000 | Trong kỳ Giảm: 179.498.200.000 | Số đầu kỳ Giá trị: 159.668.100.000 | Số đầu kỳ Khả năng trả nợ: 159.668.100.000
---
Table: THUYẾT MINH BÁO CÁO TÀI CHÍNH
Item: Thuyết minh 6: Các khoản phải thu khác | Các khoản phải thu ngắn hạn khác
Value: Số cuối kỳ Giá trị: 5.727.143.845 | Số cuối kỳ Dự phòng: - | Số đầu năm Giá trị: 5.659.974.185 | Số đầu năm Dự phòng: -",1,,102126,19597,0.5384615384615384,0.5682791331832948,0.0,0.5
20,Tính toán tỷ lệ thanh toán hiện hành (Current Ratio) dựa trên thông tin tài sản ngắn hạn và nợ ngắn hạn (sẽ có ở chunk sau).,"Dựa trên số liệu hiện có:
- Tài sản ngắn hạn (cuối năm): 984.330.724.539 (BẢNG CÂN ĐỐI KẾ TOÁN)
- Nợ ngắn hạn (cuối năm): 566.994.110.452 (BẢNG CÂN ĐỐI KẾ TOÁN)
- Công thức: Current Ratio = Tài sản ngắn hạn ÷ Nợ ngắn hạn
- Kết quả: Current Ratio ≈ 1.74",Thông tin về nợ ngắn hạn không có trong dữ liệu này. Vui lòng cung cấp dữ liệu về nợ ngắn hạn để tính toán tỷ lệ thanh toán hiện hành.,10,"Table: BẢNG CÂN ĐỐI KẾ TOÁN
Item: Tài sản ngắn hạn khác | Số đầu năm
Value: 16.759.724.289
---
Table: BẢNG CÂN ĐỐI KẾ TOÁN
Item: Tài sản ngắn hạn khác | Số cuối năm
Value: 9.720.712.203
---
Table: BẢNG CÂN ĐỐI KẾ TOÁN
Item: A - TÀI SẢN NGẮN HẠN | Số đầu năm
Value: 1.045.015.266.013
---
Table: BẢNG CÂN ĐỐI KẾ TOÁN
Item: A - TÀI SẢN NGẮN HẠN | Số cuối năm
Value: 984.330.724.539
---
Table: THUYẾT MINH BÁO CÁO TÀI CHÍNH
Subheading: 18a. Vay ngắn hạn
Item: a) Vay ngắn hạn | Trong kỳ
Value: 56.474.900.000
---
Table: BẢNG CÂN ĐỐI KẾ TOÁN
Item: I. Nợ ngắn hạn | Số đầu năm
Value: 895.630.596.406
---
Table: THUYẾT MINH BÁO CÁO TÀI CHÍNH
Item: 18a. Vay ngắn hạn | Chuyển sang nợ vay ngắn hạn
Value: Khoản mục: Chuyển sang nợ vay ngắn hạn | Số cuối kỳ Giá trị: (19.424.900.000) | Số cuối kỳ Khả năng trả nợ: (19.424.900.000) | Trong kỳ Giảm: 19.424.900.000 | Số đầu kỳ Giá trị: - | Số đầu kỳ Khả năng trả nợ: -
---
Table: BẢNG CÂN ĐỐI KẾ TOÁN
Item: I. Nợ ngắn hạn | Số cuối năm
Value: 566.994.110.452
---
Table: THUYẾT MINH BÁO CÁO TÀI CHÍNH
Item: 18a. Vay ngắn hạn | a) Vay ngắn hạn
Value: Khoản mục: a) Vay ngắn hạn | Số cuối kỳ Giá trị: 156.502.422.354 | Số cuối kỳ Khả năng trả nợ: 156.502.422.354 | Trong kỳ Tăng: 56.474.900.000 | Trong kỳ Giảm: 280.448.035.100 | Số đầu kỳ Giá trị: 380.475.557.454 | Số đầu kỳ Khả năng trả nợ: 380.475.557.454
---
Table: THUYẾT MINH BÁO CÁO TÀI CHÍNH
Item: 18a. Vay ngắn hạn | Kết chuyển từ vay và nợ dài hạn
Value: Khoản mục: Kết chuyển từ vay và nợ dài hạn | Số cuối kỳ Giá trị: 19.424.900.000 | Số cuối kỳ Khả năng trả nợ: 19.424.900.000 | Trong kỳ Tăng: 19.424.900.000",1,,29915,9359,0.5,0.5651165215638013,0.5833333333041666,0.0
21,Phân tích rủi ro tiềm ẩn khi dự phòng phải thu ngắn hạn khó đòi tăng lên đáng kể.,"Dựa trên số liệu hiện có:

**1. Khả năng sinh lời** (agent_profitability)
- **Dự phòng phải thu ngắn hạn khó đòi** tăng từ 1 776 021 051 VNĐ năm trước lên 2 905 382 051 VNĐ cuối kỳ (+1 129 361 000 VNĐ) (nguồn: *BÁO CÁO KẾT QUẢ HOẠT ĐỘNG KINH DOANH*).
- **Lợi nhuận sau thuế**: 
  - Q4/2024: (10 849 716 013) VNĐ (lỗ) 
  - Q4/2023: (48 187 112 561) VNĐ (lỗ) (nguồn: *BÁO CÁO KẾT QUẢ HOẠT ĐỘNG KINH DOANH*).
- Dự phòng tăng 1 129 361 000 VNĐ được ghi nhận là **chi phí quản lý doanh nghiệp**, làm giảm lợi nhuận trước và sau thuế.
- Ảnh hưởng trên doanh thu: 1 129 361 000 VNĐ ÷ 209 580 465 103 VNĐ ≈ **0,54 %** của doanh thu bán hàng và cung cấp dịch vụ.
- Đánh giá: Mặc dù mức tăng dự phòng chiếm <1 % doanh thu, nó đã làm giảm lợi nhuận ròng và đóng góp vào ROE âm khoảng **-1,2 %** (lợi nhuận ròng / vốn chủ sở hữu trung bình).

*Nhận xét*:
- Nếu dự phòng tiếp tục tăng, lợi nhuận sẽ chịu áp lực lớn hơn, ảnh hưởng tiêu cực tới khả năng sinh lời và uy tín tín dụng của công ty.

**2. Thanh khoản và an toàn tài chính** (agent_liquidity_solvency)
- **Tiền và các khoản tương đương tiền**: 97 964 405 114 VNĐ (nguồn: *BẢNG CÂN ĐỐI KẾ TOÁN*).
- **Các khoản phải thu ngắn hạn (gộp)**: 362 793 062 285 VNĐ (nguồn: *BẢNG CÂN ĐỐI KẾ TOÁN*).
- **Giá trị thuần phải thu** = 362 793 062 285 − 2 905 382 051 = **359 887 680 234 VNĐ**.
- **Tài sản ngắn hạn ước tính** = Tiền & tương đương + Thuần phải thu ≈ **457 852 085 348 VNĐ**.
- **Nợ ngắn hạn (tổng)**: 566 994 110 452 VNĐ (nguồn: *BẢNG CÂN ĐỐI KẾ TOÁN*).
- **Current Ratio** ≈ 457 852 085 348 / 566 994 110 452 ≈ **0,81** (< 1).
- **Cash Ratio** ≈ 97 964 405 114 / 566 994 110 452 ≈ **0,17**.
- Nếu không trừ dự phòng, Current Ratio chỉ tăng khoảng 0,01 điểm (≈0,82), cho thấy **dự phòng giảm đáng kể khả năng thanh khoản**.

*Nhận xét*:
- Dự phòng tăng **1,129 tỷ VNĐ** (≈63 % so với kỳ trước) phản ánh rủi ro tín dụng tăng.
- Rủi ro tiềm ẩn: 
  - Giảm nguồn tiền thuần từ các khoản phải thu, gây áp lực lên dòng tiền hoạt động.
  - Khả năng vi phạm các covenants tài chính nếu yêu cầu Current Ratio ≥ 1.
  - Có thể phải vay ngắn hạn để bù đắp thiếu hụt thanh khoản, tăng chi phí tài chính.

**Kết luận tổng thể**
- Việc dự phòng phải thu ngắn hạn khó đòi tăng mạnh gây áp lực đồng thời lên lợi nhuận và thanh khoản. Ảnh hưởng tới lợi nhuận dù nhỏ về tỷ lệ doanh thu nhưng làm lợi nhuận sau thuế âm và giảm ROE. Ở mặt thanh khoản, Current Ratio dưới 1 và Cash Ratio rất thấp, cho thấy công ty có nguy cơ khó đáp ứng các nghĩa vụ ngắn hạn nếu xu hướng dự phòng tăng tiếp tục. Cần theo dõi chặt chẽ mức độ nợ khó đòi và cân nhắc các biện pháp cải thiện dòng tiền và cấu trúc tài chính.","Dự phòng phải thu ngắn hạn khó đòi tăng từ 1.776.021.051 VND đầu năm lên 2.905.382.051 VND cuối kỳ, cho thấy sự gia tăng đáng kể. Điều này tiềm ẩn rủi ro tài chính vì nó phản ánh khả năng công ty không thu hồi được các khoản nợ từ khách hàng hoặc các bên khác. Sự gia tăng này có thể cho thấy chất lượng tín dụng của các khoản phải thu đang xấu đi, hoặc chính sách trích lập dự phòng của công ty thận trọng hơn. Nếu các khoản này thực sự trở thành nợ khó đòi, công ty sẽ phải ghi nhận tổn thất, ảnh hưởng đến lợi nhuận và dòng tiền, đồng thời làm giảm tài sản.",43,"Table: THUYẾT MINH BÁO CÁO TÀI CHÍNH
Subheading: 1. Tiền và các khoản tương đương tiền
Item: Cộng | Số cuối năm
Value: 97.964.405.114
---
Table: THUYẾT MINH BÁO CÁO TÀI CHÍNH
Subheading: 1. Tiền và các khoản tương đương tiền
Item: Cộng | Số đầu năm
Value: 60.575.342.749
---
Table: THUYẾT MINH BÁO CÁO TÀI CHÍNH
Subheading: 1. Tiền và các khoản tương đương tiền
Item: Các khoản tương đương tiền | Số cuối năm
Value: 80.000.000.000
---
Table: THUYẾT MINH BÁO CÁO TÀI CHÍNH
Subheading: 1. Tiền và các khoản tương đương tiền
Item: Các khoản tương đương tiền | Số đầu năm
Value: 42.000.000.000
---
Table: THUYẾT MINH BÁO CÁO TÀI CHÍNH
Subheading: 1. Tiền và các khoản tương đương tiền
Item: Tiền gửi ngân hàng không kỳ hạn | Số cuối năm
Value: 17.830.416.837
---
Table: BẢNG CÂN ĐỐI KẾ TOÁN
Item: Các khoản phải thu ngắn hạn | Số đầu năm
Value: 401.680.516.983
---
Table: BẢNG CÂN ĐỐI KẾ TOÁN
Item: Các khoản phải thu ngắn hạn | Số cuối năm
Value: 362.793.062.285
---
Table: THUYẾT MINH BÁO CÁO TÀI CHÍNH
Item: 17a. Phải trả ngắn hạn khác | Các khoản phải trả ngắn hạn khác
Value: Số cuối kỳ: 3.010.459.022 | Số đầu năm: 35.240.039
---
Table: THUYẾT MINH BÁO CÁO TÀI CHÍNH
Subheading: 17a. Phải trả ngắn hạn khác
Item: Các khoản phải trả ngắn hạn khác | Số cuối kỳ
Value: 3.010.459.022
---
Table: THUYẾT MINH BÁO CÁO TÀI CHÍNH
Subheading: 17a. Phải trả ngắn hạn khác
Item: Các khoản phải trả ngắn hạn khác | Số đầu năm
Value: 35.240.039
---
Table: THUYẾT MINH BÁO CÁO TÀI CHÍNH
Item: Thuyết minh 16: Chi phí phải trả ngắn hạn | Các chi phí phải trả ngắn hạn khác
Value: Số cuối kỳ: - | Số đầu năm: 1.767.586.446
---
Table: THUYẾT MINH BÁO CÁO TÀI CHÍNH
Item: Thuyết minh 16: Chi phí phải trả ngắn hạn | Phải trả các tổ chức và cá nhân
Value: Số cuối kỳ: 81.623.567.164 | Số đầu năm: 92.849.850.808
---
Table: BẢNG CÂN ĐỐI KẾ TOÁN
Item: I. Nợ ngắn hạn | Số đầu năm
Value: 895.630.596.406
---
Table: THUYẾT MINH BÁO CÁO TÀI CHÍNH
Item: 18a. Vay ngắn hạn | Chuyển sang nợ vay ngắn hạn
Value: Khoản mục: Chuyển sang nợ vay ngắn hạn | Số cuối kỳ Giá trị: (19.424.900.000) | Số cuối kỳ Khả năng trả nợ: (19.424.900.000) | Trong kỳ Giảm: 19.424.900.000 | Số đầu kỳ Giá trị: - | Số đầu kỳ Khả năng trả nợ: -
---
Table: BẢNG CÂN ĐỐI KẾ TOÁN
Item: I. Nợ ngắn hạn | Số cuối năm
Value: 566.994.110.452
---
Table: THUYẾT MINH BÁO CÁO TÀI CHÍNH
Item: 18a. Vay ngắn hạn | a) Vay ngắn hạn
Value: Khoản mục: a) Vay ngắn hạn | Số cuối kỳ Giá trị: 156.502.422.354 | Số cuối kỳ Khả năng trả nợ: 156.502.422.354 | Trong kỳ Tăng: 56.474.900.000 | Trong kỳ Giảm: 280.448.035.100 | Số đầu kỳ Giá trị: 380.475.557.454 | Số đầu kỳ Khả năng trả nợ: 380.475.557.454
---
Table: THUYẾT MINH BÁO CÁO TÀI CHÍNH
Item: 18a. Vay ngắn hạn | Kết chuyển từ vay và nợ dài hạn
Value: Khoản mục: Kết chuyển từ vay và nợ dài hạn | Số cuối kỳ Giá trị: 19.424.900.000 | Số cuối kỳ Khả năng trả nợ: 19.424.900.000 | Trong kỳ Tăng: 19.424.900.000
---
Table: THUYẾT MINH BÁO CÁO TÀI CHÍNH
Subheading: 19a. Bảng đối chiếu biến động của vốn chủ sở hữu — Kỳ trước
Item: Số đầu năm | Cộng
Value: 943.281.549.873
---
Table: THUYẾT MINH BÁO CÁO TÀI CHÍNH
Subheading: 19a. Bảng đối chiếu biến động của vốn chủ sở hữu — Kỳ trước
Item: Số dư cuối kỳ | Cộng
Value: 895.094.437.312
---
Table: THUYẾT MINH BÁO CÁO TÀI CHÍNH
Subheading: 19a. Bảng đối chiếu biến động của vốn chủ sở hữu — Kỳ này
Item: Số dư cuối kỳ | Cộng
Value: 884.244.721.299
---
Table: THUYẾT MINH BÁO CÁO TÀI CHÍNH
Subheading: 19a. Bảng đối chiếu biến động của vốn chủ sở hữu — Kỳ này
Item: Số dư đầu năm | Cộng
Value: 895.094.437.312
---
Table: THUYẾT MINH BÁO CÁO TÀI CHÍNH
Subheading: 19a. Bảng đối chiếu biến động của vốn chủ sở hữu — Kỳ trước
Item: Lợi nhuận trong kỳ | Cộng
Value: (48.187.112.561)
---
Table: THUYẾT MINH BÁO CÁO TÀI CHÍNH
Item: Thuyết minh 6: Các khoản phải thu khác | Các khoản phải thu ngắn hạn khác
Value: Số cuối kỳ Giá trị: 5.727.143.845 | Số cuối kỳ Dự phòng: - | Số đầu năm Giá trị: 5.659.974.185 | Số đầu năm Dự phòng: -
---
Table: THUYẾT MINH BÁO CÁO TÀI CHÍNH
Item: Thuyết minh 6: Các khoản phải thu khác | a) Ngắn hạn
Value: Số cuối kỳ Giá trị: 184.685.805.476 | Số cuối kỳ Dự phòng: - | Số đầu năm Giá trị: 176.837.852.532 | Số đầu năm Dự phòng: -
---
Table: THUYẾT MINH BÁO CÁO TÀI CHÍNH
Item: Thuyết minh 4: Các khoản phải thu
Value: Tăng, giảm số dư dự phòng nợ phải thu khó đòi cần phải trích lập tại ngày kết thúc năm tài chính được ghi nhận vào chi phí quản lý doanh nghiệp.
---
Table: THUYẾT MINH BÁO CÁO TÀI CHÍNH
Item: Thuyết minh 4: Các khoản phải thu
Value: Dự phòng phải thu khó đòi được lập cho từng khoản nợ phải thu khó đòi căn cứ vào dự kiến mức tổn thất có thể xảy ra.
---
Table: THUYẾT MINH BÁO CÁO TÀI CHÍNH
Item: 3a. Phải thu khách hàng ngắn hạn | Phải thu các khách hàng (Dự án BĐS)
Value: Số cuối kỳ: 60.579.645.168 | Số đầu năm: 65.925.262.843
---
Table: BÁO CÁO KẾT QUẢ HOẠT ĐỘNG KINH DOANH
Item: Lợi nhuận thuần từ hoạt động kinh doanh | Quý IV năm 2024
Value: 12.205.164.159
---
Table: BÁO CÁO KẾT QUẢ HOẠT ĐỘNG KINH DOANH
Item: Lợi nhuận thuần từ hoạt động kinh doanh | Quý IV năm 2023
Value: (29.778.741.081)
---
Table: BÁO CÁO KẾT QUẢ HOẠT ĐỘNG KINH DOANH
Item: Lợi nhuận thuần từ hoạt động kinh doanh | Lũy kế đến quý IV năm 2024
Value: (12.918.933.440)
---
Table: BÁO CÁO KẾT QUẢ HOẠT ĐỘNG KINH DOANH
Item: Lợi nhuận thuần từ hoạt động kinh doanh | Lũy kế đến quý IV năm 2023
Value: (43.531.303.789)
---
Table: THUYẾT MINH BÁO CÁO TÀI CHÍNH
Item: Lợi nhuận sau thuế thu nhập doanh nghiệp | Quý IV năm 2024
Value: 12.090.244.768
---
Table: THUYẾT MINH BÁO CÁO TÀI CHÍNH
Item: Lợi nhuận sau thuế thu nhập doanh nghiệp | Quý IV năm 2023
Value: (33.607.254.235)
---
Table: THUYẾT MINH BÁO CÁO TÀI CHÍNH
Item: Lợi nhuận sau thuế thu nhập doanh nghiệp | Lũy kế đến quý IV năm 2024
Value: (10.849.716.013)
---
Table: THUYẾT MINH BÁO CÁO TÀI CHÍNH
Item: Lợi nhuận sau thuế thu nhập doanh nghiệp | Lũy kế đến quý IV năm 2023
Value: (48.187.112.561)
---
Table: THUYẾT MINH BÁO CÁO TÀI CHÍNH
Item: Thuyết minh 17: Thuế thu nhập doanh nghiệp
Value: Chi phí thuế thu nhập doanh nghiệp chỉ bao gồm thuế thu nhập hiện hành, là khoản thuế được tính dựa trên thu nhập tính thuế. Thu nhập tính thuế chênh lệch so với lợi nhuận kế toán là do điều chỉnh các khoản chênh lệch tạm thời giữa thuế và kế toán, các chi phí không được trừ cũng như điều chỉnh các khoản thu nhập không phải chịu thuế và các khoản lỗ được chuyển.
---
Table: THUYẾT MINH BÁO CÁO TÀI CHÍNH
Subheading: 1. Doanh thu bán hàng và cung cấp dịch vụ
Item: Cộng | Luỹ kế từ đầu năm đến cuối kỳ này
Value: 209.580.465.103
---
Table: THUYẾT MINH BÁO CÁO TÀI CHÍNH
Subheading: 1. Doanh thu bán hàng và cung cấp dịch vụ
Item: Cộng | Luỹ kế từ đầu năm đến cuối kỳ này
Value: 200.062.416.867
---
Table: THUYẾT MINH BÁO CÁO TÀI CHÍNH
Subheading: 1. Doanh thu bán hàng và cung cấp dịch vụ
Item: Doanh thu bán hàng hóa | Luỹ kế từ đầu năm đến cuối kỳ này
Value: 16.668.489.482
---
Table: THUYẾT MINH BÁO CÁO TÀI CHÍNH
Subheading: 1. Doanh thu bán hàng và cung cấp dịch vụ
Item: Doanh thu bán hàng hóa | Luỹ kế từ đầu năm đến cuối kỳ này
Value: 10.481.414.367
---
Table: THUYẾT MINH BÁO CÁO TÀI CHÍNH
Subheading: 1. Doanh thu bán hàng và cung cấp dịch vụ
Item: Doanh thu cung cấp dịch vụ, cho thuê mặt bằng | Luỹ kế từ đầu năm đến cuối kỳ này
Value: 5.168.271.585
---
Table: BẢNG CÂN ĐỐI KẾ TOÁN
Item: Dự phòng phải thu ngắn hạn khó đòi | Số cuối năm
Value: (2.905.382.051)
---
Table: BẢNG CÂN ĐỐI KẾ TOÁN
Item: Dự phòng phải thu ngắn hạn khó đòi | Số đầu năm
Value: (1.776.021.051)",1,,167070,34223,0.2,0.5044053884822075,0.0670194003504997,0.25
22,"Nếu hàng tồn kho tiếp tục giảm như cuối kỳ so với đầu năm, điều này có tác động gì đến hoạt động kinh doanh của công ty?","Dựa trên số liệu hiện có:

**4. Hiệu quả hoạt động**
- Hàng tồn kho: Số đầu năm 528.207.406.021 đ; Số cuối kỳ 474.117.608.966 đ (Thuyết minh V.7, BẢNG CÂN ĐỐI KẾ TOÁN)
- Giảm lượng tồn kho trong năm ≈ 54.09 tỷ đ
- Giá vốn hàng bán (lũy kế đến cuối kỳ): 8.583.372.428 đ (BÁO CÁO KẾT QUẢ HOẠT ĐỘNG KINH DOANH)
- Trung bình tồn kho = (528.207.406.021 + 474.117.608.966) / 2 ≈ 501.162 tỷ đ
- Vòng quay hàng tồn kho = Giá vốn / Trung bình tồn kho = 8.583.372.428 / 501.162 ≈ **0.017 lần/năm**

*Nhận xét*:
- Vòng quay hiện tại rất thấp, cho thấy lượng hàng tồn kho cao so với mức tiêu thụ; giảm 54 tỷ đ sẽ giảm tài sản lưu động bị kẹt, cải thiện hiệu quả sử dụng vốn.
- Giảm tồn kho sẽ giảm chi phí lưu trữ, rủi ro lỗi thời và giảm nhu cầu vay vốn ngắn hạn, góp phần rút ngắn chu kỳ chuyển đổi tiền tệ (CCC).
- Nếu giảm tiếp mà vẫn duy trì mức tiêu thụ, vòng quay sẽ tăng, nhưng nếu giảm quá mức có thể gây thiếu hụt hàng, ảnh hưởng tiêu cực đến doanh thu và lợi nhuận.
- Lợi nhuận thuần từ hoạt động kinh doanh vẫn âm (‑12.918.933.440 đ năm 2024), việc giải phóng vốn bị kẹt trong hàng tồn kho là bước quan trọng để cải thiện thanh khoản và hỗ trợ phục hồi lợi nhuận.

**Kết luận tổng thể**:
Việc tiếp tục giảm hàng tồn kho sẽ cải thiện hiệu quả sử dụng vốn và thanh khoản, nhưng cần cân bằng để tránh thiếu hụt hàng gây ảnh hưởng tiêu cực tới doanh thu và lợi nhuận.","Nếu hàng tồn kho tiếp tục giảm từ 528.207.406.021 VND đầu năm xuống 474.117.608.966 VND cuối kỳ, điều này có thể có cả tác động tích cực và tiêu cực. Tích cực là có thể do công ty bán hàng hiệu quả hơn, giảm chi phí lưu kho và rủi ro lỗi thời. Tuy nhiên, nếu mức giảm này quá nhanh và không được kiểm soát, nó có thể dẫn đến thiếu hàng để bán, mất cơ hội doanh thu, hoặc phải tăng cường sản xuất/mua sắm với chi phí cao hơn. Đối với một công ty kinh doanh bất động sản, việc giảm hàng tồn kho có thể cho thấy các dự án đang được bán tốt, nhưng cũng cần đảm bảo có đủ dự án mới để duy trì hoạt động kinh doanh liên tục.",21,"Table: THUYẾT MINH BÁO CÁO TÀI CHÍNH
Subheading: 7. Hàng tồn kho
Item: Cộng | Số cuối kỳ
Value: 474.117.608.966
---
Table: THUYẾT MINH BÁO CÁO TÀI CHÍNH
Subheading: 7. Hàng tồn kho
Item: Cộng | Số đầu năm
Value: 528.207.406.021
---
Table: THUYẾT MINH BÁO CÁO TÀI CHÍNH
Subheading: 7. Hàng tồn kho
Item: Hàng hóa | Số cuối kỳ
Value: 12.556.351.760
---
Table: THUYẾT MINH BÁO CÁO TÀI CHÍNH
Subheading: 7. Hàng tồn kho
Item: Hàng hóa | Số đầu năm
Value: 13.506.255.452
---
Table: THUYẾT MINH BÁO CÁO TÀI CHÍNH
Subheading: 7. Hàng tồn kho
Item: Hàng hóa Bất động sản | Số cuối kỳ
Value: 167.636.178.947
---
Table: BẢNG CÂN ĐỐI KẾ TOÁN
Item: Hàng tồn kho | Số đầu năm
Value: 528.207.406.021
---
Table: BẢNG CÂN ĐỐI KẾ TOÁN
Item: Hàng tồn kho | Số đầu năm
Value: 528.207.406.021
Note ref: V.7
---
Table: THUYẾT MINH BÁO CÁO TÀI CHÍNH
Subheading: 3. Giá vốn hàng bán
Item: Giá vốn hàng hóa | Luỹ kế từ đầu năm đến cuối kỳ này
Value: 8.583.372.428
---
Table: THUYẾT MINH BÁO CÁO TÀI CHÍNH
Subheading: 3. Giá vốn hàng bán
Item: Giá vốn hàng hóa | Luỹ kế từ đầu năm đến cuối kỳ này
Value: 5.826.158.687
---
Table: THUYẾT MINH BÁO CÁO TÀI CHÍNH
Subheading: 3. Giá vốn hàng bán
Item: Cộng | Luỹ kế từ đầu năm đến cuối kỳ này
Value: 133.703.128.164
---
Table: THUYẾT MINH BÁO CÁO TÀI CHÍNH
Subheading: 3. Giá vốn hàng bán
Item: Cộng | Luỹ kế từ đầu năm đến cuối kỳ này
Value: 130.209.711.138
---
Table: THUYẾT MINH BÁO CÁO TÀI CHÍNH
Subheading: 3. Giá vốn hàng bán
Item: Giá vốn BĐS | Luỹ kế từ đầu năm đến cuối kỳ này
Value: 101.262.100.705
---
Table: BÁO CÁO KẾT QUẢ HOẠT ĐỘNG KINH DOANH
Item: Lợi nhuận thuần từ hoạt động kinh doanh | Quý IV năm 2024
Value: 12.205.164.159
---
Table: BÁO CÁO KẾT QUẢ HOẠT ĐỘNG KINH DOANH
Item: Lợi nhuận thuần từ hoạt động kinh doanh | Quý IV năm 2023
Value: (29.778.741.081)
---
Table: BÁO CÁO KẾT QUẢ HOẠT ĐỘNG KINH DOANH
Item: Lợi nhuận thuần từ hoạt động kinh doanh | Lũy kế đến quý IV năm 2024
Value: (12.918.933.440)
---
Table: BÁO CÁO KẾT QUẢ HOẠT ĐỘNG KINH DOANH
Item: Lợi nhuận thuần từ hoạt động kinh doanh | Lũy kế đến quý IV năm 2023
Value: (43.531.303.789)
---
Table: THUYẾT MINH BÁO CÁO TÀI CHÍNH
Item: Thuyết minh 7: Hàng tồn kho | Chi phí sản xuất, kinh doanh dở dang
Value: Số cuối kỳ: 293.925.078.259 | Số đầu năm: 292.456.128.703
---
Table: THUYẾT MINH BÁO CÁO TÀI CHÍNH
Subheading: 7. Hàng tồn kho
Item: Chi phí sản xuất, kinh doanh dở dang | Số cuối kỳ
Value: 293.925.078.259
---
Table: BÁO CÁO LƯU CHUYỂN TIỀN TỆ
Item: - Tăng, giảm hàng tồn kho | Năm nay
Value: 92.441.475.845
---
Table: BÁO CÁO LƯU CHUYỂN TIỀN TỆ
Item: - Tăng, giảm hàng tồn kho | Năm trước
Value: 98.854.789.486
---
Table: THUYẾT MINH BÁO CÁO TÀI CHÍNH
Item: Thuyết minh 7: Hàng tồn kho | Cộng
Value: Số cuối kỳ: 474.117.608.966 | Số đầu năm: 528.207.406.021",1,,95434,18943,1.0,0.6177134831281383,0.07703081232107843,0.5
23,Tổng tài sản dài hạn cuối kỳ là bao nhiêu VND?,"Tổng tài sản dài hạn cuối kỳ là 678.363.404.324 VND (theo BẢNG CÂN ĐỐI KẾ TOÁN, mục ""B - TÀI SẢN DÀI HẠN | Số cuối năm"").",Tổng tài sản dài hạn cuối kỳ là 678.363.404.324 VND.,5,"Table: BẢNG CÂN ĐỐI KẾ TOÁN
Item: Tài sản dài hạn khác | Số đầu năm
Value: 37.969.276.872
---
Table: BẢNG CÂN ĐỐI KẾ TOÁN
Item: Tài sản dài hạn khác | Số cuối năm
Value: 23.836.203.396
---
Table: BẢNG CÂN ĐỐI KẾ TOÁN
Item: B - TÀI SẢN DÀI HẠN | Số cuối năm
Value: 678.363.404.324
---
Table: BẢNG CÂN ĐỐI KẾ TOÁN
Item: B - TÀI SẢN DÀI HẠN | Số đầu năm
Value: 861.079.208.636
---
Table: BẢNG CÂN ĐỐI KẾ TOÁN
Item: Tài sản dở dang dài hạn | Số đầu năm
Value: 66.493.520.213",1,,22970,6336,1.0,0.8085077652917244,0.3333333333,1.0
24,Giá trị tài sản cố định hữu hình cuối kỳ là bao nhiêu VND?,"Giá trị tài sản cố định hữu hình cuối kỳ là 24.034.952.927 VND (BẢNG CÂN ĐỐI KẾ TOÁN, Nguyên giá | Số cuối năm).",Giá trị tài sản cố định hữu hình cuối kỳ là 16.326.198.818 VND.,5,"Table: BẢNG CÂN ĐỐI KẾ TOÁN
Subheading: Tài sản cố định hữu hình
Item: Nguyên giá | Số đầu năm
Value: 202.406.369.251
---
Table: BẢNG CÂN ĐỐI KẾ TOÁN
Subheading: Tài sản cố định hữu hình
Item: Nguyên giá | Số cuối năm
Value: 24.034.952.927
---
Table: BẢNG CÂN ĐỐI KẾ TOÁN
Subheading: Tài sản cố định hữu hình
Item: Giá trị hao mòn lũy kế | Số cuối năm
Value: (7.708.754.109)
---
Table: BẢNG CÂN ĐỐI KẾ TOÁN
Subheading: Tài sản cố định hữu hình
Item: Giá trị hao mòn lũy kế | Số đầu năm
Value: (12.494.119.719)
---
Table: THUYẾT MINH BÁO CÁO TÀI CHÍNH
Subheading: 9. Tài sản cố định hữu hình — Nguyên giá
Item: Thanh lý | Cộng
Value: (49.989.670)",1,,16477,6487,1.0,0.7272913911920539,0.0,1.0
25,So sánh giá trị bất động sản đầu tư cuối kỳ với đầu năm.,"Giá trị bất động sản đầu tư vào cuối năm là 247.051.384.582 đồng, trong khi vào đầu năm là 107.081.636.718 đồng; giá trị cuối kỳ cao hơn đáng kể so với đầu năm.","Giá trị bất động sản đầu tư cuối kỳ là 234.660.811.747 VND, trong khi đầu năm là 105.856.776.554 VND. Giá trị này đã tăng đáng kể.",5,"Table: BẢNG CÂN ĐỐI KẾ TOÁN
Subheading: Bất động sản đầu tư
Item: Nguyên giá | Số cuối năm
Value: 247.051.384.582
---
Table: BẢNG CÂN ĐỐI KẾ TOÁN
Subheading: Bất động sản đầu tư
Item: Nguyên giá | Số đầu năm
Value: 107.081.636.718
---
Table: BẢNG CÂN ĐỐI KẾ TOÁN
Subheading: Bất động sản đầu tư
Item: Giá trị hao mòn lũy kế | Số cuối năm
Value: (12.390.572.835)
---
Table: BẢNG CÂN ĐỐI KẾ TOÁN
Subheading: Bất động sản đầu tư
Item: Giá trị hao mòn lũy kế | Số đầu năm
Value: (1.224.860.164)
---
Table: THUYẾT MINH BÁO CÁO TÀI CHÍNH
Subheading: Bất động sản đầu tư sử dụng để cho thuê được khấu hao theo phương pháp đường thẳng dựa trên thời gian hữu dụng ước tính. Số năm khấu hao của bất động sản đầu tư như sau:
Item: Shophouse |
Value: 44",1,,20643,6826,1.0,0.7796013573776346,0.3333333333,1.0
26,Tỷ lệ tài sản cố định trên tổng tài sản dài hạn cuối kỳ là bao nhiêu phần trăm?,"Dựa trên số liệu hiện có:
- Nguyên giá tài sản cố định hữu hình (cuối năm): 24.034.952.927 VND
- Giá trị hao mòn lũy kế tài sản cố định hữu hình (cuối năm): (7.708.754.109) VND → tài sản cố định hữu hình ròng = 24.034.952.927 – 7.708.754.109 = 16.326.198.818 VND
- Tổng tài sản dài hạn (cuối năm): 678.363.404.324 VND

Công thức: Tỷ lệ tài sản cố định = (Tài sản cố định ròng) ÷ (Tổng tài sản dài hạn) × 100%
Kết quả: (16.326.198.818 ÷ 678.363.404.324) × 100% ≈ 2.41%

*Lưu ý*: Số liệu về tài sản cố định vô hình ở cuối năm không có trong dữ liệu, vì vậy tỷ lệ trên chỉ tính dựa trên tài sản cố định hữu hình.",Tổng tài sản dài hạn cuối kỳ là 678.363.404.324 VND. Tài sản cố định cuối kỳ là 16.343.765.485 VND. Tỷ lệ là (16.343.765.485 / 678.363.404.324) * 100% ≈ 2.41%.,10,"Table: BẢNG CÂN ĐỐI KẾ TOÁN
Subheading: Tài sản cố định hữu hình
Item: Nguyên giá | Số đầu năm
Value: 202.406.369.251
---
Table: BẢNG CÂN ĐỐI KẾ TOÁN
Subheading: Tài sản cố định hữu hình
Item: Nguyên giá | Số cuối năm
Value: 24.034.952.927
---
Table: BẢNG CÂN ĐỐI KẾ TOÁN
Subheading: Tài sản cố định hữu hình
Item: Giá trị hao mòn lũy kế | Số đầu năm
Value: (12.494.119.719)
---
Table: BẢNG CÂN ĐỐI KẾ TOÁN
Subheading: Tài sản cố định hữu hình
Item: Giá trị hao mòn lũy kế | Số cuối năm
Value: (7.708.754.109)
---
Table: BẢNG CÂN ĐỐI KẾ TOÁN
Subheading: Tài sản cố định vô hình
Item: Nguyên giá | Số đầu năm
Value: 337.728.000
---
Table: BẢNG CÂN ĐỐI KẾ TOÁN
Item: Tài sản dài hạn khác | Số đầu năm
Value: 37.969.276.872
---
Table: BẢNG CÂN ĐỐI KẾ TOÁN
Item: Tài sản dài hạn khác | Số cuối năm
Value: 23.836.203.396
---
Table: BẢNG CÂN ĐỐI KẾ TOÁN
Item: B - TÀI SẢN DÀI HẠN | Số cuối năm
Value: 678.363.404.324
---
Table: BẢNG CÂN ĐỐI KẾ TOÁN
Item: B - TÀI SẢN DÀI HẠN | Số đầu năm
Value: 861.079.208.636
---
Table: BẢNG CÂN ĐỐI KẾ TOÁN
Item: Tài sản dở dang dài hạn | Số đầu năm
Value: 66.493.520.213",1,,25509,8508,0.625,0.7626058023150826,0.4777777777618519,0.3333333333333333
27,Đánh giá sự thay đổi trong nguyên giá và giá trị hao mòn lũy kế của tài sản cố định hữu hình.,"Dựa trên số liệu hiện có:

**4. Hiệu quả hoạt động**
- **Nguyên giá tài sản cố định hữu hình**:
  - Số đầu năm: 202,406,369,251 đồng (BẢNG CÂN ĐỐI KẾ TOÁN)
  - Số cuối năm: 24,034,952,927 đồng (BẢNG CÂN ĐỐI KẾ TOÁN)
  - Thay đổi = -178,371,416,324 đồng (~‑88.1% so với đầu năm)
- **Giá trị hao mòn lũy kế**:
  - Số đầu năm: (12,494,119,719) đồng (BẢNG CÂN ĐỐI KẾ TOÁN)
  - Số cuối năm: (7,708,754,109) đồng (BẢNG CÂN ĐỐI KẾ TOÁN)
  - Thay đổi = +4,785,365,610 đồng (tăng 38.3% so với đầu năm, tức giảm mức hao mòn lũy kế)
- **Thanh lý tài sản cố định hữu hình**: (49,989,670) đồng (THUYẾT MINH BÁO CÁO TÀI CHÍNH)

*Nhận xét*:
- Nguyên giá giảm mạnh (~88%) cho thấy công ty đã thanh lý hoặc chuyển đổi phần lớn tài sản cố định hữu hình trong năm.
- Giá trị hao mòn lũy kế giảm đồng thời với việc giảm nguyên giá, cho thấy phần tài sản còn lại có tuổi thọ ngắn hoặc đã được ghi nhận đầy đủ hao mòn trước khi loại bỏ.
- Khoản thanh lý khoảng 50 triệu đồng là nhỏ so với tổng nguyên giá, nhưng phản ánh việc loại bỏ tài sản.
- Việc giảm tài sản cố định có thể làm giảm năng lực sản xuất, nhưng giảm mức hao mòn sẽ làm giảm chi phí khấu hao trong các kỳ tiếp theo, hỗ trợ lợi nhuận trước thuế nếu không thay thế bằng tài sản mới.

**Kết luận tổng thể**:
Nhìn chung, tài sản cố định hữu hình của công ty đã giảm đáng kể trong kỳ, đồng thời mức hao mòn lũy kế cũng giảm, cho thấy tài sản còn lại ít hơn và có tuổi thọ ngắn. Điều này có thể ảnh hưởng tới năng lực sản xuất, nhưng cũng mang lại lợi thế giảm chi phí khấu hao trong tương lai. Nếu công ty không bổ sung tài sản mới, khả năng duy trì quy mô sản xuất có thể gặp thách thức.","Nguyên giá tài sản cố định hữu hình đã giảm đáng kể từ 202.406.369.251 VND đầu năm xuống còn 24.034.952.927 VND cuối kỳ. Tương ứng, giá trị hao mòn lũy kế cũng giảm từ 12.494.119.719 VND xuống 7.708.754.109 VND. Sự giảm mạnh này cho thấy công ty có thể đã thanh lý hoặc chuyển đổi một lượng lớn tài sản cố định hữu hình sang loại hình khác (ví dụ: hình thành bất động sản đầu tư hoặc bán), làm thay đổi đáng kể cơ cấu tài sản cố định.",11,"Table: BẢNG CÂN ĐỐI KẾ TOÁN
Subheading: Tài sản cố định hữu hình
Item: Nguyên giá | Số đầu năm
Value: 202.406.369.251
---
Table: BẢNG CÂN ĐỐI KẾ TOÁN
Subheading: Tài sản cố định hữu hình
Item: Nguyên giá | Số cuối năm
Value: 24.034.952.927
---
Table: BẢNG CÂN ĐỐI KẾ TOÁN
Subheading: Tài sản cố định hữu hình
Item: Giá trị hao mòn lũy kế | Số cuối năm
Value: (7.708.754.109)
---
Table: BẢNG CÂN ĐỐI KẾ TOÁN
Subheading: Tài sản cố định hữu hình
Item: Giá trị hao mòn lũy kế | Số đầu năm
Value: (12.494.119.719)
---
Table: THUYẾT MINH BÁO CÁO TÀI CHÍNH
Subheading: 9. Tài sản cố định hữu hình — Nguyên giá
Item: Thanh lý | Cộng
Value: (49.989.670)
---
Table: THUYẾT MINH BÁO CÁO TÀI CHÍNH
Item: Thuyết minh 9: Tài sản cố định hữu hình | Giá trị hao mòn
Value: Nguyên giá: Giá trị hao mòn
---
Table: THUYẾT MINH BÁO CÁO TÀI CHÍNH
Subheading: 9. Tài sản cố định hữu hình — Giá trị hao mòn
Item: Số đầu năm | Tài sản cố định khác
Value: 760.514.585
---
Table: THUYẾT MINH BÁO CÁO TÀI CHÍNH
Subheading: 9. Tài sản cố định hữu hình — Giá trị hao mòn
Item: Khấu hao trong năm | Tài sản cố định khác
Value: 366.013.596
---
Table: THUYẾT MINH BÁO CÁO TÀI CHÍNH
Subheading: 9. Tài sản cố định hữu hình — Giá trị hao mòn
Item: Số cuối kỳ | Tài sản cố định khác
Value: 1.126.528.181
---
Table: THUYẾT MINH BÁO CÁO TÀI CHÍNH
Subheading: 9. Tài sản cố định hữu hình — Giá trị hao mòn
Item: Số đầu năm | Cộng
Value: 12.494.119.719
---
Table: THUYẾT MINH BÁO CÁO TÀI CHÍNH
Subheading: 9. Tài sản cố định hữu hình — Giá trị hao mòn
Item: Số cuối kỳ | Cộng
Value: 7.708.754.109",1,,109057,17712,0.5,0.5256686155933225,0.16666666665,0.6666666666666666
28,Phân tích tác động của việc giảm đầu tư vào công ty con đến chiến lược dài hạn của công ty.,"Dựa trên số liệu hiện có:

**1. Khả năng sinh lời** (agent_profitability)
- Giảm đầu tư vào công ty con: từ 355.050.194.016 đ (số đầu năm) xuống 265.354.194.016 đ (số cuối năm) → giảm 89.696.000.000 đ (BẢNG CÂN ĐỐI KẾ TOÁN, THUYẾT MINH BÁO CÁO TÀI CHÍNH).
- Dự phòng tổn thất tăng từ 15.567.613.741 đ đến 40.839.502.596 đ → tăng 25.272.000.000 đ (THUYẾT MINH BÁO CÁO TÀI CHÍNH).
- Vốn đầu tư ròng giảm từ 339.482.580.275 đ xuống 224.514.691.420 đ (≈ 115 tỷ đ) (BẢNG CÂN ĐỐI KẾ TOÁN, thuyết minh V.2c).
- Tổng tài sản giảm từ 1.906.094.474.649 đ (đầu năm) xuống 1.662.694.128.863 đ (cuối năm) → giảm ≈ 243 tỷ đ (BẢNG CÂN ĐỐI KẾ TOÁN).
- Lợi nhuận thuần từ hoạt động kinh doanh Q4 2024: 12.205.164.159 đ (BÁO CÁO KẾ QUẢ HOẠT ĐỘNG KINH DOANH).
- ROA Q4 2024 = 12.205.164.159 / 1.662.694.128.863 ≈ **0.73 %**.
- Lợi nhuận lũy kế (‑12.918.933.440 đ) → ROA lũy kế ≈ **‑0.78 %**.

*Nhận xét*: Giảm đầu tư làm tài sản giảm, tăng một phần ROA nếu lợi nhuận duy trì, nhưng dự phòng tăng và lợi nhuận âm lũy kế khiến tổng khả năng sinh lời vẫn tiêu cực.

**2. Thanh khoản và an toàn tài chính** (agent_liquidity_solvency)
- Tiền và các khoản tương đương tiền: 60.575.342.749 đ (đầu năm) → 97.964.405.114 đ (cuối năm) ↑ 37.389.062.365 đ (BẢNG CÂN ĐỐI KẾ TOÁN).
- Các khoản phải thu ngắn hạn: 401.680.516.983 đ → 362.793.062.285 đ ↓ 38.887.454.698 đ (BẢNG CÂN ĐỐI KẾ TOÁN).
- Nợ ngắn hạn: 895.630.596.406 đ → 566.994.110.452 đ ↓ 328.636.485.954 đ (BẢNG CÂN ĐỐI KẾ TOÁN).
- Tổng tài sản cuối năm: 1.662.694.128.863 đ (BẢNG CÂN ĐỐI KẾ TOÁN).
- Current Ratio (CR) = (Tiền + Phải thu) / Nợ ngắn hạn = (97.964.405.114 + 362.793.062.285) / 566.994.110.452 ≈ **0.81** (cuối năm); **0.52** (đầu năm).
- Debt‑to‑Asset (D/A) = Nợ ngắn hạn / Tổng tài sản = 566.994.110.452 / 1.662.694.128.863 ≈ **0.34** (cuối năm).

*Nhận xét*: Giảm đầu tư đồng thời tăng tiền mặt và giảm nợ ngắn hạn cải thiện CR và D/A, nhưng CR vẫn < 1, cho thấy tài sản lưu động chưa đủ bù đắp nợ ngắn hạn.

**3. Dòng tiền** (agent_cashflow_analysis)
- CFO (lưu chuyển tiền thuần từ hoạt động kinh doanh): 36.158.929.436 đ (BÁO CÁO LƯU CHUYỂN TIỀN TỆ).
- CFI (lưu chuyển tiền thuần từ hoạt động đầu tư): 40.218.532.929 đ (BÁO CÁO LƯU CHUYỂN TIỀN TỆ).
- Tiền chi đầu tư góp vốn vào đơn vị khác: Năm nay 300.000.000 đ, Năm trước 6.486.981.982 đ → giảm ≈ 6.187 tỷ đ (BÁO CÁO LƯU CHUYỂN TIỀN TỆ).
- Đầu tư vào công ty con: 355.050.194.016 đ (số đầu năm) → 265.354.194.016 đ (số cuối kỳ) ↓ 89.696.000.000 đ (BẢNG CÂN ĐỐI KẾ TOÁN).
- Lợi nhuận sau thuế (lũy kế đến Q4 2024): (10.849.716.013) đ (THUYẾT MINH BÁO CÁO TÀI CHÍNH).

*Nhận xét*: CFO dương mạnh dù lợi nhuận sau thuế âm, cho thấy dòng tiền hoạt động vẫn khỏe. Giảm chi đầu tư vào công ty con làm CFI chuyển sang dương, giảm áp lực rút tiền từ hoạt động đầu tư, nhưng tiềm năng sinh lời trong dài hạn có thể bị ảnh hưởng.

**4. Hiệu quả hoạt động** (agent_efficiency)
- Tổng tài sản: 1.906.094.474.649 đ (đầu năm) → 1.662.694.128.863 đ (cuối năm) (BẢNG CÂN ĐỐI KẾ TOÁN).
- Đầu tư vào công ty con giảm 89.696.000.000 đ (THUYẾT MINH BÁO CÁO TÀI CHÍNH).
- Doanh thu bán hàng và cung cấp dịch vụ: 209.580.465.103 đ (BÁO CÁO KẾ QUẢ HOẠT ĐỘNG KINH DOANH).
- Vòng quay tài sản (Asset Turnover) = Revenue / ((TotalAssets_begin + TotalAssets_end)/2) = 209.580.465.103 / 1.784.394.301.756 ≈ **0.12** lần.
- Các khoản phải thu ngắn hạn: 401.680.516.983 đ → 362.793.062.285 đ.
- Vòng quay phải thu (Receivables Turnover) = Revenue / ((AR_begin + AR_end)/2) = 209.580.465.103 / 382.236.789.634 ≈ **0.55** lần.
- DSO = 365 / RT ≈ **665** ngày.
- CCC: không có dữ liệu về hàng tồn kho và các khoản phải trả ngắn hạn → không tính được.

*Nhận xét*: Giảm tài sản (chủ yếu do đầu tư vào công ty con) làm vòng quay tài sản tăng nhẹ, nhưng DSO rất cao, phản ánh thu hồi công nợ chậm; thiếu dữ liệu để đánh giá toàn bộ vòng quay vốn lưu động.

**Kết luận tổng thể**
- Giảm đầu tư vào công ty con mang lại lợi ích ngắn hạn cho thanh khoản và dòng tiền (tăng tiền mặt, giảm nợ ngắn hạn, CFO ổn định, CFI dương).
- Tuy nhiên, việc giảm khoản đầu tư làm tổng tài sản và vốn đầu tư ròng giảm đáng kể, ảnh hưởng tiêu cực đến khả năng sinh lời lâu dài và tiềm năng tăng doanh thu từ các công ty con.
- Để duy trì chiến lược dài hạn, công ty cần cân bằng giữa việc giảm rủi ro đầu tư và duy trì nguồn sinh lợi từ các công ty con, đồng thời cải thiện vòng quay phải thu và giảm DSO.","Đầu tư vào công ty con đã giảm đáng kể từ 355.050.194.016 VND đầu năm xuống 265.354.194.016 VND cuối kỳ. Sự giảm này có thể phản ánh một sự thay đổi trong chiến lược dài hạn của công ty, chẳng hạn như thoái vốn khỏi một số công ty con không hiệu quả, tái cấu trúc danh mục đầu tư, hoặc tập trung nguồn lực vào các hoạt động cốt lõi khác. Tác động có thể là giảm bớt rủi ro liên quan đến các công ty con hoạt động kém, hoặc ngược lại, mất đi cơ hội tăng trưởng và mở rộng thông qua các công ty con. Điều này cần được xem xét cùng với lý do cụ thể của việc giảm đầu tư để đánh giá tác động toàn diện.",44,"Table: BẢNG CÂN ĐỐI KẾ TOÁN
Item: Đầu tư tài chính dài hạn | Số đầu năm
Value: 422.404.832.365
Note ref: V.2c
---
Table: BẢNG CÂN ĐỐI KẾ TOÁN
Item: Đầu tư tài chính dài hạn | Số cuối năm
Value: 306.186.691.420
Note ref: V.2c
---
Table: BẢNG CÂN ĐỐI KẾ TOÁN
Item: Đầu tư tài chính ngắn hạn | Số đầu năm
Value: 37.792.275.971
---
Table: BẢNG CÂN ĐỐI KẾ TOÁN
Item: Đầu tư tài chính ngắn hạn | Số cuối năm
Value: 39.734.935.971
---
Table: THUYẾT MINH BÁO CÁO TÀI CHÍNH
Item: Các khoản đầu tư vào công ty con
Value: ### Công ty con Công ty con là doanh nghiệp chịu sự kiểm soát của Công ty. Việc kiểm soát đạt được khi Công ty có khả năng kiểm soát các chính sách tài chính và hoạt động của doanh nghiệp nhận đầu tư nhằm thu được lợi ích kinh tế từ các hoạt động của doanh nghiệp đó.
---
Table: THUYẾT MINH BÁO CÁO TÀI CHÍNH
Subheading: 2c. Đầu tư góp vốn vào đơn vị khác
Item: Đầu tư vào Công ty con | Số đầu năm
Value: 355.050.194.016
---
Table: THUYẾT MINH BÁO CÁO TÀI CHÍNH
Subheading: 2c. Đầu tư góp vốn vào đơn vị khác
Item: Đầu tư vào Công ty con | Số cuối kỳ
Value: 265.354.194.016
---
Table: THUYẾT MINH BÁO CÁO TÀI CHÍNH
Item: Các khoản đầu tư nắm giữ đến ngày đáo hạn
Value: Khoản đầu tư được phân loại là nắm giữ đến ngày đáo hạn khi Công ty có ý định và khả năng giữ đến ngày đáo hạn. Các khoản đầu tư nắm giữ đến ngày đáo hạn của Công ty chỉ bao gồm các khoản tiền gửi ngân hàng có kỳ hạn. Thu nhập lãi từ các khoản tiền gửi ngân hàng có kỳ hạn được ghi nhận trên Báo cáo kết quả hoạt động kinh doanh trên cơ sở dự thu.
---
Table: THUYẾT MINH BÁO CÁO TÀI CHÍNH
Subheading: 1. Tiền và các khoản tương đương tiền
Item: Cộng | Số cuối năm
Value: 97.964.405.114
---
Table: THUYẾT MINH BÁO CÁO TÀI CHÍNH
Subheading: 1. Tiền và các khoản tương đương tiền
Item: Cộng | Số đầu năm
Value: 60.575.342.749
---
Table: THUYẾT MINH BÁO CÁO TÀI CHÍNH
Subheading: 1. Tiền và các khoản tương đương tiền
Item: Các khoản tương đương tiền | Số cuối năm
Value: 80.000.000.000
---
Table: THUYẾT MINH BÁO CÁO TÀI CHÍNH
Subheading: 1. Tiền và các khoản tương đương tiền
Item: Các khoản tương đương tiền | Số đầu năm
Value: 42.000.000.000
---
Table: THUYẾT MINH BÁO CÁO TÀI CHÍNH
Subheading: 1. Tiền và các khoản tương đương tiền
Item: Tiền gửi ngân hàng không kỳ hạn | Số cuối năm
Value: 17.830.416.837
---
Table: BẢNG CÂN ĐỐI KẾ TOÁN
Item: Các khoản phải thu ngắn hạn | Số đầu năm
Value: 401.680.516.983
---
Table: BẢNG CÂN ĐỐI KẾ TOÁN
Item: Các khoản phải thu ngắn hạn | Số cuối năm
Value: 362.793.062.285
---
Table: BẢNG CÂN ĐỐI KẾ TOÁN
Item: I. Nợ ngắn hạn | Số đầu năm
Value: 895.630.596.406
---
Table: THUYẾT MINH BÁO CÁO TÀI CHÍNH
Item: 18a. Vay ngắn hạn | Chuyển sang nợ vay ngắn hạn
Value: Khoản mục: Chuyển sang nợ vay ngắn hạn | Số cuối kỳ Giá trị: (19.424.900.000) | Số cuối kỳ Khả năng trả nợ: (19.424.900.000) | Trong kỳ Giảm: 19.424.900.000 | Số đầu kỳ Giá trị: - | Số đầu kỳ Khả năng trả nợ: -
---
Table: BẢNG CÂN ĐỐI KẾ TOÁN
Item: I. Nợ ngắn hạn | Số cuối năm
Value: 566.994.110.452
---
Table: THUYẾT MINH BÁO CÁO TÀI CHÍNH
Item: 18a. Vay ngắn hạn | a) Vay ngắn hạn
Value: Khoản mục: a) Vay ngắn hạn | Số cuối kỳ Giá trị: 156.502.422.354 | Số cuối kỳ Khả năng trả nợ: 156.502.422.354 | Trong kỳ Tăng: 56.474.900.000 | Trong kỳ Giảm: 280.448.035.100 | Số đầu kỳ Giá trị: 380.475.557.454 | Số đầu kỳ Khả năng trả nợ: 380.475.557.454
---
Table: THUYẾT MINH BÁO CÁO TÀI CHÍNH
Item: 18a. Vay ngắn hạn | Kết chuyển từ vay và nợ dài hạn
Value: Khoản mục: Kết chuyển từ vay và nợ dài hạn | Số cuối kỳ Giá trị: 19.424.900.000 | Số cuối kỳ Khả năng trả nợ: 19.424.900.000 | Trong kỳ Tăng: 19.424.900.000
---
Table: BẢNG CÂN ĐỐI KẾ TOÁN
Item: TỔNG CỘNG TÀI SẢN | Số cuối năm
Value: 1.662.694.128.863
---
Table: BẢNG CÂN ĐỐI KẾ TOÁN
Item: TỔNG CỘNG TÀI SẢN | Số đầu năm
Value: 1.906.094.474.649
---
Table: BÁO CÁO KẾT QUẢ HOẠT ĐỘNG KINH DOANH
Item: Lợi nhuận thuần từ hoạt động kinh doanh | Quý IV năm 2024
Value: 12.205.164.159
---
Table: BÁO CÁO KẾT QUẢ HOẠT ĐỘNG KINH DOANH
Item: Lợi nhuận thuần từ hoạt động kinh doanh | Quý IV năm 2023
Value: (29.778.741.081)
---
Table: BÁO CÁO KẾT QUẢ HOẠT ĐỘNG KINH DOANH
Item: Lợi nhuận thuần từ hoạt động kinh doanh | Lũy kế đến quý IV năm 2024
Value: (12.918.933.440)
---
Table: BÁO CÁO KẾT QUẢ HOẠT ĐỘNG KINH DOANH
Item: Lợi nhuận thuần từ hoạt động kinh doanh | Lũy kế đến quý IV năm 2023
Value: (43.531.303.789)
---
Table: THUYẾT MINH BÁO CÁO TÀI CHÍNH
Subheading: 1. Doanh thu bán hàng và cung cấp dịch vụ
Item: Cộng | Luỹ kế từ đầu năm đến cuối kỳ này
Value: 209.580.465.103
---
Table: THUYẾT MINH BÁO CÁO TÀI CHÍNH
Subheading: 1. Doanh thu bán hàng và cung cấp dịch vụ
Item: Cộng | Luỹ kế từ đầu năm đến cuối kỳ này
Value: 200.062.416.867
---
Table: THUYẾT MINH BÁO CÁO TÀI CHÍNH
Subheading: 1. Doanh thu bán hàng và cung cấp dịch vụ
Item: Doanh thu bán hàng hóa | Luỹ kế từ đầu năm đến cuối kỳ này
Value: 16.668.489.482
---
Table: THUYẾT MINH BÁO CÁO TÀI CHÍNH
Subheading: 1. Doanh thu bán hàng và cung cấp dịch vụ
Item: Doanh thu bán hàng hóa | Luỹ kế từ đầu năm đến cuối kỳ này
Value: 10.481.414.367
---
Table: THUYẾT MINH BÁO CÁO TÀI CHÍNH
Subheading: 1. Doanh thu bán hàng và cung cấp dịch vụ
Item: Doanh thu cung cấp dịch vụ, cho thuê mặt bằng | Luỹ kế từ đầu năm đến cuối kỳ này
Value: 5.168.271.585
---
Table: THUYẾT MINH BÁO CÁO TÀI CHÍNH
Subheading: 2c. Đầu tư góp vốn vào đơn vị khác
Item: Đầu tư vào Công ty con | Số đầu năm
Value: (15.567.613.741)
---
Table: THUYẾT MINH BÁO CÁO TÀI CHÍNH
Subheading: 2c. Đầu tư góp vốn vào đơn vị khác
Item: Đầu tư vào Công ty con | Số cuối kỳ
Value: (40.839.502.596)
---
Table: BẢNG CÂN ĐỐI KẾ TOÁN
Item: Đầu tư vào công ty con | Số đầu năm
Value: 355.050.194.016
---
Table: BÁO CÁO LƯU CHUYỂN TIỀN TỆ
Item: Tiền chi đầu tư góp vốn vào đơn vị khác | Năm nay
Value: (300.000.000)
---
Table: BÁO CÁO LƯU CHUYỂN TIỀN TỆ
Item: Tiền chi đầu tư góp vốn vào đơn vị khác | Năm trước
Value: (6.486.981.982)
---
Table: BÁO CÁO LƯU CHUYỂN TIỀN TỆ
Item: Lưu chuyển tiền thuần từ hoạt động kinh doanh | Năm nay
Value: 36.158.929.436
---
Table: BÁO CÁO LƯU CHUYỂN TIỀN TỆ
Item: Lưu chuyển tiền thuần từ hoạt động kinh doanh | Năm trước
Value: (4.379.663.565)
---
Table: BÁO CÁO LƯU CHUYỂN TIỀN TỆ
Item: Lưu chuyển tiền thuần từ hoạt động đầu tư | Năm nay
Value: 40.218.532.929
---
Table: BÁO CÁO LƯU CHUYỂN TIỀN TỆ
Item: Lưu chuyển tiền thuần từ hoạt động đầu tư | Năm trước
Value: 87.211.618.301
---
Table: THUYẾT MINH BÁO CÁO TÀI CHÍNH
Item: 2c. Đầu tư góp vốn vào đơn vị khác | Đầu tư vào Công ty con
Value: Số cuối kỳ Giá gốc: 265.354.194.016 | Số cuối kỳ Dự phòng: (40.839.502.596) | Số đầu năm Giá gốc: 355.050.194.016 | Số đầu năm Dự phòng: (15.567.613.741)
---
Table: THUYẾT MINH BÁO CÁO TÀI CHÍNH
Item: Thuyết minh báo cáo tài chính | Công ty Cổ phần Đầu tư Apec Thái Nguyên
Value: Số cuối kỳ Giá trị: 19.158.137.730 | Số cuối kỳ Dự phòng: - | Số đầu năm Giá trị: 19.158.137.730 | Số đầu năm Dự phòng: -
---
Table: THUYẾT MINH BÁO CÁO TÀI CHÍNH
Item: Thuyết minh báo cáo tài chính
Value: Dự phòng tổn thất cho các khoản đầu tư vào công ty con Dự phòng tổn thất cho các khoản đầu tư vào công ty con được trích lập khi công ty con bị lỗ, với mức trích lập bằng chênh lệch giữa vốn đầu tư thực tế của các bên tại công ty con và vốn chủ sở hữu thực có tại ngày kết thúc năm tài chính nhân với tỷ lệ sở hữu vốn điều lệ thực góp của Công ty tại công ty con.
---
Table: THUYẾT MINH BÁO CÁO TÀI CHÍNH
Item: Thuyết minh báo cáo tài chính
Value: Tăng, giảm số dư dự phòng tổn thất đầu tư vào công ty con cần phải trích lập tại ngày kết thúc năm tài chính được ghi nhận vào chi phí tài chính.",1,,258593,94865,0.9591836734693877,0.6852759601120032,0.32625155660526184,1.0
29,Dự báo rủi ro nếu giá trị hao mòn lũy kế của bất động sản đầu tư tiếp tục tăng nhanh chóng.,"Dựa trên số liệu hiện có:

**1. Khả năng sinh lời** (agent_profitability)
- Hao mòn lũy kế bất động sản đầu tư cuối năm 2024: **12.390.572.835 đ** (BẢNG CÂN ĐỐI KẾ TOÁN & BÁO CÁO KẾT QUẢ HOẠT ĐỘNG KINH DOANH).
- Hao mòn lũy kế đầu năm 2024: **1.224.860.164 đ** (BẢNG CÂN ĐỐI KẾ TOÁN).
- Chi phí hao mòn trong năm 2024: **11.165.712.671 đ** (tính bằng hiệu).
- Lợi nhuận thuần từ hoạt động kinh doanh quý IV 2024: **12.205.164.159 đ** (BÁO CÁO KẾT QUẢ HOẠT ĐỘNG KINH DOANH).
- Tỷ trọng hao mòn vào lợi nhuận: **≈ 91.5 %** (Chi phí hao mòn / Lợi nhuận × 100). 

*Nhận xét*:
- Hao mòn chiếm gần toàn bộ lợi nhuận quý IV, nên nếu tốc độ tăng hao mòn duy trì, lợi nhuận dễ bị «ăn sạch» và có khả năng chuyển sang lỗ, làm suy giảm khả năng sinh lời và các chỉ số ROA/ROE.

**2. Thanh khoản và an toàn tài chính** (agent_liquidity_solvency)
- Giá trị sách bất động sản đầu tư (cuối kỳ): **234.660.811.747 đ** (BẢNG CÂN ĐỐI KẾ TOÁN).
- Giá trị sách bất động sản đầu tư (đầu kỳ): **105.856.776.554 đ** (BẢNG CÂN ĐỐI KẾ TOÁN).
- Tăng hao mòn lũy kế trong năm: **11.165.712.671 đ**.
- Tổng nợ cuối kỳ: **778.449.407.564 đ** (Nợ ngắn hạn + Nợ dài hạn, BẢNG CÂN ĐỐI KẾ TOÁN).
- Vốn chủ sở hữu cuối kỳ: **884.244.721.299 đ** (Bảng đối chiếu vốn).
- Hệ số nợ trên vốn (Debt/Equity): **≈ 0,88**.
- Hệ số nợ trên tổng nguồn vốn (Debt/(Debt+Equity)): **≈ 0,47**.

*Nhận xét*:
- Hao mòn làm giảm giá trị tài sản và vốn chủ sở hữu, do đó hệ số đòn bẩy sẽ tăng nếu nợ không giảm tương ứng, tạo áp lực lên khả năng trả nợ và có thể vi phạm các cam kết vay vốn.
- Thiếu dữ liệu tài sản ngắn hạn (tiền, phải thu, hàng tồn kho) nên không tính được Current Ratio, Quick Ratio, Cash Ratio; cũng thiếu EBIT và chi phí lãi vay để tính Interest Coverage, vì vậy mức độ rủi ro thanh khoản không thể đánh giá chi tiết.

**3. Dòng tiền** (agent_cashflow_analysis)
- Hao mòn lũy kế cuối kỳ: **12.390.572.835 đ** (BẢNG CÂN ĐỐI KẾ TOÁN).
- Hao mòn lũy kế đầu kỳ: **1.224.860.164 đ** (BẢNG CÂN ĐỐI KẾ TOÁN).
- Tăng hao mòn trong kỳ: **≈ 11.165.712.671 đ**.

*Nhận xét*:
- Hao mòn là chi phí phi tiền mặt, vì vậy **không ảnh hưởng trực tiếp tới lưu chuyển tiền thuần từ hoạt động kinh doanh (CFO)**. Tuy nhiên, khi tài sản được bán, giá trị sổ sách giảm sẽ làm giảm tiền thu về từ giao dịch bán tài sản (CFI).
- Do thiếu số liệu về CFO và lợi nhuận thuần, không thể định lượng mức độ ảnh hưởng của hao mòn tới dòng tiền thực tế.

**Kết luận tổng thể**
- Nếu tốc độ tăng hao mòn lũy kế bất động sản đầu tư tiếp tục nhanh, lợi nhuận hiện tại có nguy cơ bị giảm mạnh hoặc chuyển sang lỗ, làm suy yếu khả năng sinh lời.
- Đồng thời, giá trị tài sản và vốn chủ sở hữu giảm sẽ làm tăng hệ số nợ trên vốn, tạo áp lực tài chính và tiềm ẩn vi phạm covenants vay vốn.
- Dòng tiền hoạt động chưa bị ảnh hưởng trực tiếp, nhưng giảm giá trị tài sản có thể làm giảm tiền thu về khi bán tài sản, gây rủi ro gián tiếp cho thanh khoản.
- **Cần bổ sung dữ liệu về tài sản ngắn hạn, CFO và EBIT/chi phí lãi vay** để đánh giá chi tiết hơn các rủi ro thanh khoản và khả năng chịu lãi vay.","Giá trị hao mòn lũy kế của bất động sản đầu tư tăng rất nhanh từ 1.224.860.164 VND đầu năm lên 12.390.572.835 VND cuối kỳ. Nếu xu hướng này tiếp tục, rủi ro dự báo là giá trị sổ sách của bất động sản đầu tư sẽ giảm nhanh chóng. Điều này có thể dẫn đến việc giảm lợi nhuận từ hoạt động cho thuê (do chi phí khấu hao cao hơn), giảm giá trị tài sản ròng của công ty, và có thể ảnh hưởng đến khả năng vay vốn dựa trên tài sản. Mức độ tăng nhanh của khấu hao cũng có thể đặt câu hỏi về tuổi thọ hữu ích ước tính hoặc chất lượng của các tài sản này.",37,"Table: BẢNG CÂN ĐỐI KẾ TOÁN
Subheading: Bất động sản đầu tư
Item: Nguyên giá | Số cuối năm
Value: 247.051.384.582
---
Table: BẢNG CÂN ĐỐI KẾ TOÁN
Subheading: Bất động sản đầu tư
Item: Nguyên giá | Số đầu năm
Value: 107.081.636.718
---
Table: BẢNG CÂN ĐỐI KẾ TOÁN
Subheading: Bất động sản đầu tư
Item: Giá trị hao mòn lũy kế | Số cuối năm
Value: (12.390.572.835)
---
Table: BẢNG CÂN ĐỐI KẾ TOÁN
Subheading: Bất động sản đầu tư
Item: Giá trị hao mòn lũy kế | Số đầu năm
Value: (1.224.860.164)
---
Table: THUYẾT MINH BÁO CÁO TÀI CHÍNH
Subheading: Bất động sản đầu tư sử dụng để cho thuê được khấu hao theo phương pháp đường thẳng dựa trên thời gian hữu dụng ước tính. Số năm khấu hao của bất động sản đầu tư như sau:
Item: Shophouse |
Value: 44
---
Table: THUYẾT MINH BÁO CÁO TÀI CHÍNH
Item: 18a. Vay ngắn hạn | Kết chuyển từ vay và nợ dài hạn
Value: Khoản mục: Kết chuyển từ vay và nợ dài hạn | Số cuối kỳ Giá trị: 19.424.900.000 | Số cuối kỳ Khả năng trả nợ: 19.424.900.000 | Trong kỳ Tăng: 19.424.900.000
---
Table: BẢNG CÂN ĐỐI KẾ TOÁN
Item: II. Nợ dài hạn | Số cuối năm
Value: 211.455.297.112
---
Table: BẢNG CÂN ĐỐI KẾ TOÁN
Item: II. Nợ dài hạn | Số đầu năm
Value: 115.369.440.931
---
Table: THUYẾT MINH BÁO CÁO TÀI CHÍNH
Item: 18a. Vay ngắn hạn | b) Vay dài hạn
Value: Khoản mục: b) Vay dài hạn | Số cuối kỳ Giá trị: 165.014.900.000 | Số cuối kỳ Khả năng trả nợ: 165.014.900.000 | Trong kỳ Tăng: 114.959.800.000 | Trong kỳ Giảm: 19.424.900.000 | Số đầu kỳ Giá trị: 69.480.000.000 | Số đầu kỳ Khả năng trả nợ: 69.480.000.000
---
Table: THUYẾT MINH BÁO CÁO TÀI CHÍNH
Subheading: 18a. Vay ngắn hạn
Item: Kết chuyển từ vay và nợ dài hạn | Trong kỳ
Value: 19.424.900.000
---
Table: BẢNG CÂN ĐỐI KẾ TOÁN
Item: I. Nợ ngắn hạn | Số đầu năm
Value: 895.630.596.406
---
Table: THUYẾT MINH BÁO CÁO TÀI CHÍNH
Item: 18a. Vay ngắn hạn | Chuyển sang nợ vay ngắn hạn
Value: Khoản mục: Chuyển sang nợ vay ngắn hạn | Số cuối kỳ Giá trị: (19.424.900.000) | Số cuối kỳ Khả năng trả nợ: (19.424.900.000) | Trong kỳ Giảm: 19.424.900.000 | Số đầu kỳ Giá trị: - | Số đầu kỳ Khả năng trả nợ: -
---
Table: BẢNG CÂN ĐỐI KẾ TOÁN
Item: I. Nợ ngắn hạn | Số cuối năm
Value: 566.994.110.452
---
Table: THUYẾT MINH BÁO CÁO TÀI CHÍNH
Item: 18a. Vay ngắn hạn | a) Vay ngắn hạn
Value: Khoản mục: a) Vay ngắn hạn | Số cuối kỳ Giá trị: 156.502.422.354 | Số cuối kỳ Khả năng trả nợ: 156.502.422.354 | Trong kỳ Tăng: 56.474.900.000 | Trong kỳ Giảm: 280.448.035.100 | Số đầu kỳ Giá trị: 380.475.557.454 | Số đầu kỳ Khả năng trả nợ: 380.475.557.454
---
Table: THUYẾT MINH BÁO CÁO TÀI CHÍNH
Subheading: 19a. Bảng đối chiếu biến động của vốn chủ sở hữu — Kỳ trước
Item: Số đầu năm | Cộng
Value: 943.281.549.873
---
Table: THUYẾT MINH BÁO CÁO TÀI CHÍNH
Subheading: 19a. Bảng đối chiếu biến động của vốn chủ sở hữu — Kỳ trước
Item: Số dư cuối kỳ | Cộng
Value: 895.094.437.312
---
Table: THUYẾT MINH BÁO CÁO TÀI CHÍNH
Subheading: 19a. Bảng đối chiếu biến động của vốn chủ sở hữu — Kỳ này
Item: Số dư cuối kỳ | Cộng
Value: 884.244.721.299
---
Table: THUYẾT MINH BÁO CÁO TÀI CHÍNH
Subheading: 19a. Bảng đối chiếu biến động của vốn chủ sở hữu — Kỳ này
Item: Số dư đầu năm | Cộng
Value: 895.094.437.312
---
Table: THUYẾT MINH BÁO CÁO TÀI CHÍNH
Subheading: 19a. Bảng đối chiếu biến động của vốn chủ sở hữu — Kỳ trước
Item: Lợi nhuận trong kỳ | Cộng
Value: (48.187.112.561)
---
Table: THUYẾT MINH BÁO CÁO TÀI CHÍNH
Item: Thuyết minh 9: Bất động sản đầu tư
Value: Khi bất động sản đầu tư được bán, nguyên giá và giá trị hao mòn lũy kế được xóa sổ và lãi, lỗ nào phát sinh được hạch toán vào thu nhập hay chi phí trong năm.
---
Table: THUYẾT MINH BÁO CÁO TÀI CHÍNH
Item: Thuyết minh 9: Bất động sản đầu tư
Value: Bất động sản đầu tư là các căn hộ khách sạn, shophouse thuộc sở hữu của Công ty. Bất động sản đầu tư cho thuê được thể hiện theo nguyên giá trừ hao mòn lũy kế. Nguyên giá của bất động sản đầu tư là toàn bộ các chi phí mà Công ty phải bỏ ra hoặc giá trị hợp lý của các khoản đưa ra để trao đổi nhằm có được bất động sản đầu tư tính đến thời điểm mua hoặc xây dựng hoàn thành.
---
Table: THUYẾT MINH BÁO CÁO TÀI CHÍNH
Item: Thuyết minh 9: Bất động sản đầu tư
Value: Bất động sản đầu tư sử dụng để cho thuê được khấu hao theo phương pháp đường thẳng dựa trên thời gian hữu dụng ước tính. Số năm khấu hao của bất động sản đầu tư như sau:
---
Table: THUYẾT MINH BÁO CÁO TÀI CHÍNH
Item: Thuyết minh 9: Tài sản cố định hữu hình | Chuyển sang bất động sản đầu tư
Value: Nguyên giá: Chuyển sang bất động sản đầu tư | Nhà cửa, vật kiến trúc: (178.321.426.654) | Phương tiện vận tải, truyền dẫn: - | Thiết bị, dụng cụ quản lý: - | Cộng: (178.321.426.654)
---
Table: BÁO CÁO KẾT QUẢ HOẠT ĐỘNG KINH DOANH
Item: Lợi nhuận thuần từ hoạt động kinh doanh | Quý IV năm 2024
Value: 12.205.164.159
---
Table: BÁO CÁO KẾT QUẢ HOẠT ĐỘNG KINH DOANH
Item: Lợi nhuận thuần từ hoạt động kinh doanh | Quý IV năm 2023
Value: (29.778.741.081)
---
Table: BÁO CÁO KẾT QUẢ HOẠT ĐỘNG KINH DOANH
Item: Lợi nhuận thuần từ hoạt động kinh doanh | Lũy kế đến quý IV năm 2024
Value: (12.918.933.440)
---
Table: BÁO CÁO KẾT QUẢ HOẠT ĐỘNG KINH DOANH
Item: Lợi nhuận thuần từ hoạt động kinh doanh | Lũy kế đến quý IV năm 2023
Value: (43.531.303.789)
---
Table: THUYẾT MINH BÁO CÁO TÀI CHÍNH
Subheading: 1. Tiền và các khoản tương đương tiền
Item: Cộng | Số cuối năm
Value: 97.964.405.114
---
Table: THUYẾT MINH BÁO CÁO TÀI CHÍNH
Subheading: 1. Tiền và các khoản tương đương tiền
Item: Các khoản tương đương tiền | Số cuối năm
Value: 80.000.000.000
---
Table: THUYẾT MINH BÁO CÁO TÀI CHÍNH
Item: Thuyết minh 1: Tiền và các khoản tương đương tiền | Các khoản tương đương tiền
Value: Số cuối năm: 80.000.000.000 | Số đầu năm: 42.000.000.000
---
Table: THUYẾT MINH BÁO CÁO TÀI CHÍNH
Item: Thuyết minh 1: Tiền và các khoản tương đương tiền | Cộng
Value: Số cuối năm: 97.964.405.114 | Số đầu năm: 60.575.342.749
---
Table: THUYẾT MINH BÁO CÁO TÀI CHÍNH
Subheading: 1. Tiền và các khoản tương đương tiền
Item: Tiền gửi ngân hàng không kỳ hạn | Số cuối năm
Value: 17.830.416.837
---
Table: THUYẾT MINH BÁO CÁO TÀI CHÍNH
Item: Thuyết minh báo cáo tài chính
Value: 11. Các khoản nợ phải trả và chi phí phải trả Các khoản nợ phải trả và chi phí phải trả được ghi nhận cho số tiền phải trả trong tương lai liên quan đến hàng hóa và dịch vụ đã nhận được. Chi phí phải trả được ghi nhận dựa trên các ước tính hợp lý về số tiền phải trả. Việc phân loại các khoản phải trả là phải trả người bán, chi phí phải trả, và phải trả khác được thực hiện theo nguyên tắc sau: Phải trả người bán phản ánh các khoản phải trả mang tính chất thương mại phát sinh từ giao dịch mua hàng hóa, dịch vụ, tài sản và người bán là đơn vị độc lập với Công ty. Chi phí phải trả phản ánh các khoản phải trả cho hàng hóa, dịch vụ đã nhận được từ người bán hoặc đã cung cấp cho người mua nhưng chưa chi trả do chưa có hóa đơn hoặc chưa đủ hồ sơ, tài liệu kế toán và các khoản phải trả cho người lao động về tiền lương nghỉ phép, các khoản chi phí sản xuất, kinh doanh phải trích trước. Phải trả khác phản ánh các khoản phải trả không có tính thương mại, không liên quan đến giao dịch mua, bán, cung cấp hàng hóa dịch vụ. Các khoản nợ phải trả và chi phí phải trả được phân loại ngắn hạn và dài hạn trên Bảng cân đối kế toán căn cứ theo kỳ hạn còn lại tại ngày kết thúc năm tài chính.
---
Table: THUYẾT MINH BÁO CÁO TÀI CHÍNH
Subheading: 4. Trả trước cho người bán ngắn hạn
Item: Trả trước cho nhà cung cấp | Số cuối kỳ
Value: 11.748.605.329
---
Table: THUYẾT MINH BÁO CÁO TÀI CHÍNH
Subheading: 4. Trả trước cho người bán ngắn hạn
Item: Trả trước cho nhà cung cấp | Số đầu năm
Value: 17.709.353.952
---
Table: THUYẾT MINH BÁO CÁO TÀI CHÍNH
Item: Thuyết minh 1: Doanh thu bán hàng và cung cấp dịch vụ | Doanh thu cung cấp dịch vụ, cho thuê mặt bằng
Value: Luỹ kế từ đầu năm đến cuối kỳ này Năm nay: 5.168.271.585 | Luỹ kế từ đầu năm đến cuối kỳ này Năm trước: 7.582.607.948
---
Table: THUYẾT MINH BÁO CÁO TÀI CHÍNH
Item: Thuyết minh 1: Doanh thu bán hàng và cung cấp dịch vụ | Doanh thu bán hàng hóa
Value: Luỹ kế từ đầu năm đến cuối kỳ này Năm nay: 16.668.489.482 | Luỹ kế từ đầu năm đến cuối kỳ này Năm trước: 10.481.414.367",1,,151490,42981,0.627906976744186,0.6249180749374018,0.26668058570471215,1.0
30,Đánh giá hiệu quả quản lý chi phí xây dựng cơ bản dở dang khi giá trị không thay đổi qua các kỳ.,"Dựa trên số liệu hiện có:
- **Chi phí xây dựng cơ bản dở dang**: 66.493.520.213 VND (Số đầu năm) = 66.493.520.213 VND (Số cuối năm) (Nguồn: BẢNG CÂN ĐỐI KẾ TOÁN)
- **Tổng tài sản**: 1.906.094.474.649 VND (Số đầu năm), 1.662.694.128.863 VND (Số cuối năm) (Nguồn: BẢNG CÂN ĐỐI KẾ TOÁN)
- **Tỷ trọng chi phí dở dang / tổng tài sản**:
  - Đầu kỳ: 66.493.520.213 ÷ 1.906.094.474.649 ≈ 3.5 %
  - Cuối kỳ: 66.493.520.213 ÷ 1.662.694.128.863 ≈ 4.0 %
- **Thay đổi giá trị chi phí dở dang**: 66.493.520.213 – 66.493.520.213 = 0 (không tăng, không giảm)
- **Thuyết minh**: ""Chi phí xây dựng cơ bản dở dang phản ánh các chi phí liên quan trực tiếp (bao gồm cả chi phí lãi vay…) đến các tài sản đang trong quá trình xây dựng, máy móc thiết bị đang lắp đặt để phục vụ cho mục đích sản xuất, cho thuê và quản lý"" (Thuyết minh 10).

*Nhận xét*:
- Giá trị không thay đổi cho thấy **không có tiến độ xây dựng mới** trong kỳ, vốn đầu tư vào công trình đang bị **đóng băng**, gây áp lực lên vốn lưu động.
- Mặc dù tỷ trọng so với tổng tài sản tăng nhẹ (từ 3.5 % lên 4.0 %), đây chỉ là hệ quả của **giảm tổng tài sản**, không phản ánh cải thiện hiệu quả.
- Việc duy trì mức chi phí dở dang cao mà không giảm hoặc biến thành tài sản cố định có thể dẫn tới **rủi ro hao mòn tài sản, tốn kém tài chính và giảm khả năng tạo doanh thu**.
- Công ty cần **đánh giá lại tiến độ dự án**, tăng tốc hoàn thiện để chuyển chi phí dở dang thành tài sản cố định và giải phóng vốn, nâng cao hiệu quả sử dụng nguồn lực.
- Nếu xu hướng này tiếp tục, chu kỳ chuyển đổi tiền (CCC) sẽ kéo dài do tài sản chưa thu hồi lợi nhuận vẫn nằm trong vòng quay tài sản.

**Kết luận tổng thể**:
Việc chi phí xây dựng cơ bản dở dang không thay đổi qua các kỳ cho thấy tiến độ dự án trì trệ, dẫn đến việc vốn bị khóa và tỷ trọng chi phí dở dang trên tổng tài sản tăng nhẹ. Đây là điểm yếu cần cải thiện bằng cách đẩy nhanh hoàn thiện dự án để chuyển chi phí dở dang thành tài sản cố định, giảm áp lực lên vốn lưu động và nâng cao hiệu quả tài chính.","Giá trị chi phí xây dựng cơ bản dở dang không thay đổi qua các kỳ, duy trì ở mức 66.493.520.213 VND. Việc giá trị này không thay đổi có thể cho thấy hoạt động xây dựng đang bị đình trệ hoặc không có sự tiến triển đáng kể trong năm. Nếu đây là trường hợp đình trệ, nó phản ánh hiệu quả quản lý kém vì nguồn vốn bị mắc kẹt trong các dự án chưa hoàn thành, không tạo ra doanh thu hoặc lợi nhuận. Điều này cũng có thể dẫn đến chi phí phát sinh bổ sung do trì hoãn và giảm khả năng sinh lời của các dự án.",7,"Table: BẢNG CÂN ĐỐI KẾ TOÁN
Item: Chi phí xây dựng cơ bản dở dang | Số đầu năm
Value: 66.493.520.213
Note ref: V.12
---
Table: BẢNG CÂN ĐỐI KẾ TOÁN
Item: Chi phí xây dựng cơ bản dở dang | Số cuối năm
Value: 66.493.520.213
Note ref: V.12
---
Table: THUYẾT MINH BÁO CÁO TÀI CHÍNH
Item: Thuyết minh 10: Chi phí xây dựng cơ bản dở dang
Value: Chi phí xây dựng cơ bản dở dang phản ánh các chi phí liên quan trực tiếp (bao gồm cả chi phí lãi vay có liên quan phù hợp với chính sách kế toán của Công ty) đến các tài sản đang trong quá trình xây dựng, máy móc thiết bị đang lắp đặt để phục vụ cho mục đích sản xuất, cho thuê và quản lý cũng
---
Table: THUYẾT MINH BÁO CÁO TÀI CHÍNH
Item: Thuyết minh 10: Chi phí xây dựng cơ bản dở dang
Value: CÔNG TY CỔ PHẦN ĐẦU TƯ CHÂU Á – THÁI BÌNH DƯƠNG QUÝ IV/2024
---
Table: THUYẾT MINH BÁO CÁO TÀI CHÍNH
Item: Thuyết minh 7: Hàng tồn kho | Chi phí sản xuất, kinh doanh dở dang
Value: Số cuối kỳ: 293.925.078.259 | Số đầu năm: 292.456.128.703
---
Table: THUYẾT MINH BÁO CÁO TÀI CHÍNH
Item: Thuyết minh báo cáo tài chính
Value: 12. Chi phí xây dựng cơ bản dở dang
---
Table: THUYẾT MINH BÁO CÁO TÀI CHÍNH
Item: Thuyết minh báo cáo tài chính
Value: 15. Chi phí đi vay Chi phí đi vay bao gồm lãi tiền vay và các chi phí khác phát sinh liên quan trực tiếp đến các khoản vay. Chi phí đi vay được ghi nhận vào chi phí khi phát sinh. Trường hợp chi phí đi vay liên quan trực tiếp đến việc đầu tư xây dựng hoặc sản xuất tài sản dở dang cần có một thời gian đủ dài (trên 12 tháng) để có thể đưa vào sử dụng theo mục đích định trước hoặc bán thì chi phí đi vay này được tính vào giá trị của tài sản đó. Đối với khoản vay riêng phục vụ việc xây dựng tài sản cố định, bất động sản đầu tư, lãi vay được vốn hóa kể cả khi thời gian xây dựng dưới 12 tháng. Các khoản thu nhập phát sinh từ việc đầu tư tạm thời các khoản vay được ghi giảm nguyên giá tài sản có liên quan. Đối với các khoản vốn vay chung trong đó có sử dụng cho mục đích đầu tư xây dựng hoặc sản xuất tài sản dở dang thì chi phí đi vay vốn hóa được xác định theo tỷ lệ vốn hóa đối với chi phí lũy kế bình quân gia quyền phát sinh cho việc đầu tư xây dựng cơ bản hoặc sản xuất tài sản đó. Tỷ lệ vốn hóa được tính theo tỷ lệ lãi suất bình quân gia quyền của các khoản vay chưa trả trong năm, ngoại trừ các khoản vay riêng biệt phục vụ cho mục đích hình thành một tài sản cụ thể.",1,,109257,25744,0.1935483870967742,0.572961925126327,0.9166666666361111,1.0
