id,question,answer,ground_truth,retrieved_contexts_n,retrieved_contexts,seed_contexts_n,errors,runtime,tokens,faithfulness,answer_relevancy,context_precision,context_recall
181,So sánh nguyên giá tổng cộng tài sản cố định hữu hình cuối kỳ và đầu năm. Mức độ thay đổi là bao nhiêu?,Dựa trên số liệu hiện có:\n- Nguyên giá tài sản cố định hữu hình đầu năm: 202.406.369.251 (Bảng Cân Đối Kế Toán)\n- Nguyên giá tài sản cố định hữu hình cuối kỳ: 24.034.952.927 (Bảng Cân Đối Kế Toán)\n- Thay đổi (Cuối kỳ - Đầu năm) = 24.034.952.927 - 202.406.369.251 = -178.371.416.324\n- Mức độ thay đổi (%) = (-178.371.416.324 / 202.406.369.251) × 100% ≈ -88.15%,"Nguyên giá tổng cộng tài sản cố định hữu hình cuối kỳ là 24.034.952.927 VND, trong khi đầu năm là 202.406.369.251 VND. Mức độ thay đổi là giảm 178.371.416.324 VND.",5,"Table: BẢNG CÂN ĐỐI KẾ TOÁN
Subheading: Tài sản cố định hữu hình
Item: Nguyên giá | Số đầu năm
Period: đầu
Value: 202.406.369.251
---
Table: BẢNG CÂN ĐỐI KẾ TOÁN
Subheading: Tài sản cố định hữu hình
Item: Nguyên giá | Số cuối năm
Period: cuối
Value: 24.034.952.927
---
Table: THUYẾT MINH BÁO CÁO TÀI CHÍNH
Subheading: 9. Tài sản cố định hữu hình — Nguyên giá
Item: Số đầu năm | Cộng
Value: 202.406.369.251
Note ref: V.9
---
Table: THUYẾT MINH BÁO CÁO TÀI CHÍNH
Subheading: 9. Tài sản cố định hữu hình — Nguyên giá
Item: Số cuối kỳ | Cộng
Value: 24.034.952.927
Note ref: V.9
---
Table: THUYẾT MINH BÁO CÁO TÀI CHÍNH
Subheading: 9. Tài sản cố định hữu hình — Nguyên giá
Item: Số đầu năm | Tài sản cố định khác
Value: 3.539.232.509
Note ref: V.9",1,,63898,9817,0.3333333333333333,0.8057955373211408,0.0,1.0
182,Khoản mục nào có giá trị còn lại thuần giảm mạnh nhất từ đầu năm đến cuối kỳ?,"Dựa trên số liệu hiện có:\n- **Nhà cửa, vật kiến trúc**:\n  - Giá trị còn lại đầu năm = 186,239,615,752 VND (BẢNG CÂN ĐỐI KẾ TOÁN, Số đầu năm)\n  - Giá trị còn lại cuối kỳ = 13,223,266,430 VND (BẢNG CÂN ĐỐI KẾ TOÁN, Số cuối kỳ)\n  - **Giảm mạnh = 173,016,349,322 VND**\n\n*Nhận xét*:\n- Khoản mục \""Nhà cửa, vật kiến trúc\"" giảm giá trị còn lại thuần khoảng **173 tỷ VND**, lớn nhất so với các khoản mục khác trong bảng cân đối kế toán.\n- Sự sụt giảm này phản ánh khả năng ghi giảm giá trị tài sản do hao mòn, giảm giá, hoặc bán tháo tài sản, có thể ảnh hưởng đáng kể đến vốn lưu động và khả năng sử dụng tài sản dài hạn của doanh nghiệp.",Khoản mục Nhà cửa và vật kiến trúc có giá trị còn lại thuần giảm mạnh nhất từ 186.239.615.752 VND đầu năm xuống 13.223.266.430 VND cuối kỳ.,41,"Table: THUYẾT MINH BÁO CÁO TÀI CHÍNH
Subheading: Giá trị còn lại
Item: Số cuối kỳ | Tài sản cố định khác
Value: 2.412.704.328
Note ref: V.9
---
Table: THUYẾT MINH BÁO CÁO TÀI CHÍNH
Subheading: 10. Tài sản cố định vô hình — Là chương trình phần mềm, chi tiết như sau:
Item: Số cuối kỳ | Giá trị còn lại
Value: 17.566.667
Note ref: V.10
---
Table: THUYẾT MINH BÁO CÁO TÀI CHÍNH
Subheading: Giá trị còn lại
Item: Số đầu năm | Tài sản cố định khác
Value: 2.778.717.924
Note ref: V.9
---
Table: THUYẾT MINH BÁO CÁO TÀI CHÍNH
Subheading: 10. Tài sản cố định vô hình — Là chương trình phần mềm, chi tiết như sau:
Item: Số đầu năm | Giá trị còn lại
Value: 51.732.022
Note ref: V.10
---
Table: BẢNG CÂN ĐỐI KẾ TOÁN
Subheading: Tài sản cố định hữu hình
Item: Giá trị hao mòn lũy kế | Số cuối năm
Period: cuối
Value: (7.708.754.109)
---
Table: THUYẾT MINH BÁO CÁO TÀI CHÍNH
Subheading: 9. Tài sản cố định hữu hình — Nguyên giá
Item: Số đầu năm | Cộng
Value: 202.406.369.251
Note ref: V.9
---
Table: THUYẾT MINH BÁO CÁO TÀI CHÍNH
Subheading: 9. Tài sản cố định hữu hình — Nguyên giá
Item: Số cuối kỳ | Cộng
Value: 24.034.952.927
Note ref: V.9
---
Table: THUYẾT MINH BÁO CÁO TÀI CHÍNH
Subheading: 9. Tài sản cố định hữu hình — Giá trị hao mòn
Item: Số đầu năm | Cộng
Value: 12.494.119.719
Note ref: V.9
---
Table: BẢNG CÂN ĐỐI KẾ TOÁN
Subheading: Tài sản cố định hữu hình
Item: Nguyên giá | Số đầu năm
Period: đầu
Value: 202.406.369.251
---
Table: THUYẾT MINH BÁO CÁO TÀI CHÍNH
Subheading: 9. Tài sản cố định hữu hình — Giá trị hao mòn
Item: Số cuối kỳ | Cộng
Value: 7.708.754.109
Note ref: V.9
---
Table: THUYẾT MINH BÁO CÁO TÀI CHÍNH
Subheading: 11. Bất động sản đầu tư cho thuê — Là chương trình phần mềm, chi tiết như sau: — Giá trị còn lại
Item: Số cuối kỳ | Cộng
Value: 234.660.811.747
Note ref: V.11
---
Table: THUYẾT MINH BÁO CÁO TÀI CHÍNH
Subheading: 11. Bất động sản đầu tư cho thuê — Là chương trình phần mềm, chi tiết như sau: — Giá trị còn lại
Item: Số cuối kỳ | Cơ sở hạ tầng
Value: 168.281.943.951
Note ref: V.11
---
Table: THUYẾT MINH BÁO CÁO TÀI CHÍNH
Subheading: 11. Bất động sản đầu tư cho thuê — Là chương trình phần mềm, chi tiết như sau: — Giá trị còn lại
Item: Số cuối kỳ | Nhà
Value: 66.378.867.796
Note ref: V.11
---
Table: THUYẾT MINH BÁO CÁO TÀI CHÍNH
Subheading: 11. Bất động sản đầu tư cho thuê — Là chương trình phần mềm, chi tiết như sau: — Giá trị còn lại
Item: Số đầu năm | Nhà
Value: 105.856.776.554
Note ref: V.11
---
Table: THUYẾT MINH BÁO CÁO TÀI CHÍNH
Subheading: 11. Bất động sản đầu tư cho thuê — Là chương trình phần mềm, chi tiết như sau: — Giá trị còn lại
Item: Số đầu năm | Cộng
Value: 105.856.776.554
Note ref: V.11
---
Table: BẢNG CÂN ĐỐI KẾ TOÁN
Item: Đầu tư tài chính dài hạn | Số đầu năm
Period: đầu
Value: 422.404.832.365
Note ref: V.2c
---
Table: BẢNG CÂN ĐỐI KẾ TOÁN
Item: Đầu tư tài chính dài hạn | Số cuối năm
Period: cuối
Value: 306.186.691.420
Note ref: V.2c
---
Table: BẢNG CÂN ĐỐI KẾ TOÁN
Item: Đầu tư tài chính ngắn hạn | Số đầu năm
Period: đầu
Value: 37.792.275.971
---
Table: BẢNG CÂN ĐỐI KẾ TOÁN
Item: Đầu tư tài chính ngắn hạn | Số cuối năm
Period: cuối
Value: 39.734.935.971
---
Table: THUYẾT MINH BÁO CÁO TÀI CHÍNH
Subheading: 7. Hàng tồn kho
Item: Cộng | Số cuối kỳ
Period: cuối
Value: 474.117.608.966
Note ref: V.7
---
Table: THUYẾT MINH BÁO CÁO TÀI CHÍNH
Subheading: 7. Hàng tồn kho
Item: Cộng | Số đầu năm
Period: đầu
Value: 528.207.406.021
Note ref: V.7
---
Table: THUYẾT MINH BÁO CÁO TÀI CHÍNH
Subheading: 7. Hàng tồn kho
Item: Hàng hóa | Số cuối kỳ
Period: cuối
Value: 12.556.351.760
Note ref: V.7
---
Table: THUYẾT MINH BÁO CÁO TÀI CHÍNH
Subheading: 7. Hàng tồn kho
Item: Hàng hóa | Số đầu năm
Period: đầu
Value: 13.506.255.452
Note ref: V.7
---
Table: THUYẾT MINH BÁO CÁO TÀI CHÍNH
Subheading: 7. Hàng tồn kho
Item: Hàng hóa Bất động sản | Số cuối kỳ
Period: cuối
Value: 167.636.178.947
Note ref: V.7
---
Table: BẢNG CÂN ĐỐI KẾ TOÁN
Item: Các khoản phải thu ngắn hạn | Số đầu năm
Period: đầu
Value: 401.680.516.983
---
Table: BẢNG CÂN ĐỐI KẾ TOÁN
Item: Các khoản phải thu ngắn hạn | Số cuối năm
Period: cuối
Value: 362.793.062.285
---
Table: THUYẾT MINH BÁO CÁO TÀI CHÍNH
Subheading: Giá trị còn lại
Item: Số đầu năm | Nhà cửa, vật kiến trúc
Value: 186.239.615.752
Note ref: V.9
---
Table: THUYẾT MINH BÁO CÁO TÀI CHÍNH
Subheading: Giá trị còn lại
Item: Số cuối kỳ | Nhà cửa, vật kiến trúc
Value: 13.223.266.430
Note ref: V.9
---
Table: THUYẾT MINH BÁO CÁO TÀI CHÍNH
Subheading: Giá trị còn lại
Item: Số đầu năm | Phương tiện vận tải, truyền dẫn
Value: 858.636.853
Note ref: V.9
---
Table: THUYẾT MINH BÁO CÁO TÀI CHÍNH
Subheading: Giá trị còn lại
Item: Số đầu năm | Cộng
Value: 189.912.249.532
Note ref: V.9
---
Table: THUYẾT MINH BÁO CÁO TÀI CHÍNH
Subheading: Giá trị còn lại
Item: Số cuối kỳ | Cộng
Value: 16.326.198.818
Note ref: V.9
---
Table: THUYẾT MINH BÁO CÁO TÀI CHÍNH
Subheading: Giá trị còn lại
Item: Số đầu năm | Thiết bị, dụng cụ quản lý
Value: 35.279.003
Note ref: V.9
---
Table: THUYẾT MINH BÁO CÁO TÀI CHÍNH
Item: Thuyết minh báo cáo tài chính | Giá trị còn lại
Value: Nguyên giá: Giá trị còn lại
---
Table: THUYẾT MINH BÁO CÁO TÀI CHÍNH
Subheading: Giá trị còn lại
Item: Số cuối kỳ | Thiết bị, dụng cụ quản lý
Value: 10.415.879
Note ref: V.9
---
Table: THUYẾT MINH BÁO CÁO TÀI CHÍNH
Subheading: Giá trị còn lại
Item: Số cuối kỳ | Phương tiện vận tải, truyền dẫn
Value: 679.812.181
Note ref: V.9
---
Table: THUYẾT MINH BÁO CÁO TÀI CHÍNH
Subheading: 3. Giá vốn hàng bán
Item: Giá vốn cho thuê lại đất | Luỹ kế từ đầu năm đến cuối kỳ này Năm trước
Value: 2.655.204.689
Note ref: V.3
---
Table: THUYẾT MINH BÁO CÁO TÀI CHÍNH
Subheading: 3. Giá vốn hàng bán
Item: Giá vốn BĐS | Luỹ kế từ đầu năm đến cuối kỳ này Năm nay
Value: 101.262.100.705
Note ref: V.3
---
Table: THUYẾT MINH BÁO CÁO TÀI CHÍNH
Subheading: 3. Giá vốn hàng bán
Item: Giá vốn BĐS | Luỹ kế từ đầu năm đến cuối kỳ này Năm trước
Value: 95.490.061.807
Note ref: V.3
---
Table: THUYẾT MINH BÁO CÁO TÀI CHÍNH
Subheading: 3. Giá vốn hàng bán
Item: Giá vốn hàng hóa | Luỹ kế từ đầu năm đến cuối kỳ này Năm nay
Value: 8.583.372.428
Note ref: V.3
---
Table: THUYẾT MINH BÁO CÁO TÀI CHÍNH
Subheading: 3. Giá vốn hàng bán
Item: Giá vốn hàng hóa | Luỹ kế từ đầu năm đến cuối kỳ này Năm trước
Value: 5.826.158.687
Note ref: V.3
---
Table: THUYẾT MINH BÁO CÁO TÀI CHÍNH
Subheading: 3. Giá vốn hàng bán
Item: Cộng | Luỹ kế từ đầu năm đến cuối kỳ này Năm nay
Value: 133.703.128.164
Note ref: V.3",1,,795165,23009,0.5714285714285714,0.5480937207166939,0.0,1.0
183,Đánh giá tác động của việc hình thành bất động sản đến nguyên giá và khấu hao lũy kế của tài sản cố định hữu hình.,"Dựa trên số liệu hiện có (BẢNG CÂN ĐỐI KẾ TOÁN):

**1. Hiệu quả hoạt động**
- **Nguyên giá tài sản cố định hữu hình**:
  - Số đầu năm: 202.406.369.251 đ
  - Số cuối kỳ: 24.034.952.927 đ
  - Giảm do chuyển sang bất động sản đầu tư: 178.321.426.654 đ (Cộng)
  - **% giảm** ≈ 88,2 %
- **Giá trị hao mòn lũy kế tài sản cố định hữu hình**:
  - Số đầu năm: 12.494.119.719 đ
  - Số cuối kỳ: 7.708.754.109 đ
  - Giảm do chuyển sang bất động sản đầu tư: 4.785.365.610 đ
  - **% giảm** ≈ 38,3 %

*Nhận xét*:
- Việc chuyển đổi tài sản sang bất động sản đầu tư đã làm giảm mạnh (~ 88 %) nguyên giá của tài sản cố định hữu hình, do phần lớn tài sản vật lí (nhà cửa, vật kiến trúc) được xóa khỏi nhóm này.
- Giá trị hao mòn lũy kế đồng thời giảm nhưng chỉ khoảng 38 %, cho thấy phần tài sản được chuyển sang có tỷ lệ hao mòn chưa cao so với nguyên giá.
- Cấu trúc tài sản cố định hữu hình còn lại có nguyên giá thấp hơn, trong khi mức hao mòn còn lại tương đối cao, có thể ảnh hưởng đến các chỉ số vòng quay tài sản.
- Thuyết minh V.9 chỉ rõ việc chuyển tài sản không làm thay đổi nguyên giá hay giá trị còn lại của bất động sản đầu tư tại thời điểm chuyển đổi, nên tác động này phản ánh việc “đánh giá lại” cấu trúc tài sản cố định của công ty.

**Kết luận tổng thể**:
- Hình thành bất động sản đầu tư đã gây suy giảm đáng kể nguyên giá tài sản cố định hữu hình (≈ 88 %) và giảm vừa hao mòn lũy kế (≈ 38 %). Điều này cho thấy công ty đã tái cấu trúc tài sản cố định, giảm khối lượng tài sản vật lí nhưng vẫn duy trì một phần hao mòn đáng kể, ảnh hưởng tới hiệu quả sử dụng tài sản trong kỳ.
- Tuy nhiên, dữ liệu hiện có chỉ cung cấp mức giảm tổng thể và không chi tiết từng loại tài sản được chuyển, vì vậy phân tích chi tiết hơn về ảnh hưởng tới các chỉ số tài chính khác cần thêm thông tin.","Việc 'Hình thành bất động sản' có tác động lớn đến nguyên giá và khấu hao lũy kế của tài sản cố định hữu hình. Cụ thể, một lượng lớn nguyên giá (178.321.426.654 VND) và khấu hao lũy kế (6.217.026.740 VND) đã được chuyển ra khỏi nhóm 'Nhà cửa và vật kiến trúc' để hình thành bất động sản (có thể là bất động sản đầu tư hoặc hàng tồn kho). Điều này làm giảm đáng kể quy mô tài sản cố định hữu hình của công ty. Tác động là chuyển đổi các tài sản dùng cho hoạt động sản xuất hoặc quản lý sang tài sản có mục đích khác, thường là để bán hoặc cho thuê. Điều này phản ánh sự thay đổi trong chiến lược sử dụng tài sản của công ty, có thể là để tối ưu hóa danh mục đầu tư hoặc tập trung vào mảng kinh doanh cốt lõi là bất động sản.",23,"Table: BẢNG CÂN ĐỐI KẾ TOÁN
Subheading: Tài sản cố định hữu hình
Item: Nguyên giá | Số đầu năm
Period: đầu
Value: 202.406.369.251
---
Table: THUYẾT MINH BÁO CÁO TÀI CHÍNH
Subheading: 9. Tài sản cố định hữu hình — Nguyên giá
Item: Số đầu năm | Cộng
Value: 202.406.369.251
Note ref: V.9
---
Table: BẢNG CÂN ĐỐI KẾ TOÁN
Subheading: Tài sản cố định hữu hình
Item: Nguyên giá | Số cuối năm
Period: cuối
Value: 24.034.952.927
---
Table: THUYẾT MINH BÁO CÁO TÀI CHÍNH
Subheading: 9. Tài sản cố định hữu hình — Nguyên giá
Item: Số cuối kỳ | Cộng
Value: 24.034.952.927
Note ref: V.9
---
Table: BẢNG CÂN ĐỐI KẾ TOÁN
Subheading: Tài sản cố định hữu hình
Item: Giá trị hao mòn lũy kế | Số cuối năm
Period: cuối
Value: (7.708.754.109)
---
Table: BẢNG CÂN ĐỐI KẾ TOÁN
Subheading: Bất động sản đầu tư
Item: Nguyên giá | Số cuối năm
Period: cuối
Value: 247.051.384.582
---
Table: BẢNG CÂN ĐỐI KẾ TOÁN
Subheading: Bất động sản đầu tư
Item: Giá trị hao mòn lũy kế | Số cuối năm
Period: cuối
Value: (12.390.572.835)
---
Table: BẢNG CÂN ĐỐI KẾ TOÁN
Subheading: Bất động sản đầu tư
Item: Giá trị hao mòn lũy kế | Số đầu năm
Period: đầu
Value: (1.224.860.164)
---
Table: BẢNG CÂN ĐỐI KẾ TOÁN
Subheading: Bất động sản đầu tư
Item: Nguyên giá | Số đầu năm
Period: đầu
Value: 107.081.636.718
---
Table: THUYẾT MINH BÁO CÁO TÀI CHÍNH
Subheading: 9. Bất động sản đầu tư — Bất động sản đầu tư sử dụng để cho thuê được khấu hao theo phương pháp đường thẳng dựa trên thời gian hữu dụng ước tính. Số năm khấu hao của bất động sản đầu tư như sau:
Item: Shophouse |
Value: 44
Note ref: V.9
---
Table: BẢNG CÂN ĐỐI KẾ TOÁN
Subheading: Tài sản cố định hữu hình
Item: Giá trị hao mòn lũy kế | Số đầu năm
Period: đầu
Value: (12.494.119.719)
---
Table: THUYẾT MINH BÁO CÁO TÀI CHÍNH
Subheading: 9. Tài sản cố định hữu hình — Giá trị hao mòn
Item: Số cuối kỳ | Cộng
Value: 7.708.754.109
Note ref: V.9
---
Table: THUYẾT MINH BÁO CÁO TÀI CHÍNH
Subheading: 9. Tài sản cố định hữu hình — Giá trị hao mòn — Khấu hao trong kỳ
Item: Khấu hao trong năm | Tài sản cố định khác
Value: 366.013.596
Note ref: V.9
---
Table: THUYẾT MINH BÁO CÁO TÀI CHÍNH
Subheading: 9. Tài sản cố định hữu hình — Giá trị hao mòn — Khấu hao trong kỳ
Item: Khấu hao trong năm | Cộng
Value: 1.481.650.800
Note ref: V.9
---
Table: THUYẾT MINH BÁO CÁO TÀI CHÍNH
Subheading: 9. Tài sản cố định hữu hình — Nguyên giá
Item: Chuyển sang bất động sản đầu tư | Cộng
Value: (178.321.426.654)
Note ref: V.9
---
Table: THUYẾT MINH BÁO CÁO TÀI CHÍNH
Subheading: 9. Tài sản cố định hữu hình — Nguyên giá
Item: Chuyển sang bất động sản đầu tư | Nhà cửa, vật kiến trúc
Value: (178.321.426.654)
Note ref: V.9
---
Table: THUYẾT MINH BÁO CÁO TÀI CHÍNH
Item: Thuyết minh 9: Bất động sản đầu tư
Value: Bất động sản đầu tư là các căn hộ khách sạn, shophouse thuộc sở hữu của Công ty. Bất động sản đầu tư cho thuê được thể hiện theo nguyên giá trừ hao mòn lũy kế. Nguyên giá của bất động sản đầu tư là toàn bộ các chi phí mà Công ty phải bỏ ra hoặc giá trị hợp lý của các khoản đưa ra để trao đổi nhằm có được bất động sản đầu tư tính đến thời điểm mua hoặc xây dựng hoàn thành.
---
Table: THUYẾT MINH BÁO CÁO TÀI CHÍNH
Item: Thuyết minh 9: Tài sản cố định hữu hình | Chuyển sang bất động sản đầu tư
Value: Nguyên giá: Chuyển sang bất động sản đầu tư | Nhà cửa, vật kiến trúc: (178.321.426.654) | Phương tiện vận tải, truyền dẫn: - | Thiết bị, dụng cụ quản lý: - | Cộng: (178.321.426.654)
---
Table: THUYẾT MINH BÁO CÁO TÀI CHÍNH
Subheading: 11. Bất động sản đầu tư cho thuê — Là chương trình phần mềm, chi tiết như sau: — Nguyên giá
Item: Chuyển từ tài sản cố định hữu hình | Cộng
Value: 178.321.426.654
Note ref: V.11
---
Table: THUYẾT MINH BÁO CÁO TÀI CHÍNH
Subheading: 11. Bất động sản đầu tư cho thuê — Là chương trình phần mềm, chi tiết như sau: — Nguyên giá
Item: Chuyển từ tài sản cố định hữu hình | Cơ sở hạ tầng
Value: 178.321.426.654
Note ref: V.11
---
Table: THUYẾT MINH BÁO CÁO TÀI CHÍNH
Subheading: 11. Bất động sản đầu tư cho thuê — Là chương trình phần mềm, chi tiết như sau: — Nguyên giá
Item: Số đầu năm | Nhà
Value: 107.081.636.718
Note ref: V.11
---
Table: THUYẾT MINH BÁO CÁO TÀI CHÍNH
Subheading: 11. Bất động sản đầu tư cho thuê — Là chương trình phần mềm, chi tiết như sau: — Nguyên giá
Item: Số đầu năm | Cộng
Value: 107.081.636.718
Note ref: V.11
---
Table: THUYẾT MINH BÁO CÁO TÀI CHÍNH
Item: Thuyết minh 9: Bất động sản đầu tư
Value: Việc chuyển từ bất động sản chủ sở hữu sử dụng hoặc hàng tồn kho thành bất động sản đầu tư chỉ khi chủ sở hữu chấm dứt sử dụng tài sản đó và bắt đầu cho bên khác thuê hoạt động hoặc khi kết thúc giai đoạn xây dựng. Việc chuyển từ bất động sản đầu tư sang bất động sản chủ sở hữu sử dụng hay hàng tồn kho chỉ khi chủ sở hữu bắt đầu sử dụng tài sản này hoặc bắt đầu triển khai cho mục đích bán. Việc chuyển từ bất động sản đầu tư sang bất động sản chủ sở hữu sử dụng hoặc hàng tồn kho không làm thay đổi nguyên giá hay giá trị còn lại của bất động sản tại ngày chuyển đổi.",1,,293296,22278,1.0,0.43535915501945815,0.18193115363864779,0.6
184,Phân tích lý do và hậu quả của việc thanh lý thiết bị văn phòng đối với tài sản của công ty.,"Dựa trên số liệu hiện có:

**1. Khả năng sinh lời** (agent_profitability)
- Số tiền thanh lý thiết bị, dụng cụ quản lý: **49.989.670 VNĐ** (Bảng Cân Đối Kế Toán – mục *Thanh lý | Thiết bị, dụng cụ quản lý*). 
- Nguyên giá đầu năm: 518.475.186 VNĐ; Nguyên giá cuối kỳ: 468.485.516 VNĐ → **giảm 49.989.670 VNĐ**.
- Hao mòn đầu năm: 483.196.183 VNĐ (Bảng Cân Đối Kế Toán – mục *Giá trị hao mòn*).
- *Nhận xét*: Thanh lý làm giảm nguyên giá tài sản cố định hữu hình khoảng 50 triệu đồng. Theo chuẩn mực kế toán (Note V.9), lãi/lỗ phát sinh sẽ ghi vào **lợi nhuận khác**, nhưng **không có số liệu cụ thể** về lợi nhuận hoặc lỗ từ giao dịch này trong bộ dữ liệu.

**2. Thanh khoản và an toàn tài chính** (agent_cashflow_analysis)
- Giá trị nguyên gốc thanh lý: **49.989.670 VNĐ** (cùng mục như trên).
- Báo cáo lưu chuyển tiền tệ có mục *Thanh lý | Thiết bị, dụng cụ quản lý* với giá trị 49.989.670 VNĐ, nhưng **không có thông tin về tiền thu được** từ thanh lý (tiền thu từ thanh lý, nhượng bán tài sản cố định). 
- *Nhận xét*: Nếu có tiền thu dương tính, sẽ tạo lưu chuyển tiền thuần từ hoạt động đầu tư; hiện không thể xác định tác động thực tế đến dòng tiền vì dữ liệu này thiếu.

**3. Hiệu quả hoạt động** (agent_efficiency)
- Giảm nguyên giá thiết bị văn phòng: 49.989.670 VNĐ (tương tự mục trên).
- Hao mòn liên quan được xóa sổ khi thanh lý, vì vậy giá trị sổ còn lại của tài sản này gần bằng 0.
- *Nhận xét*: Giảm tổng tài sản cố định khoảng 50 triệu đồng có thể **tăng tỷ lệ vòng quay tài sản cố định** nếu doanh thu không giảm, tuy nhiên **không có số liệu doanh thu** để tính toán. Thanh lý tài sản đã khấu hao hết (giá trị hao mòn = nguyên giá) nên không tạo ra lãi/lỗ thực tế trên sổ sách, chỉ ảnh hưởng tới cấu trúc tài sản.

**4. Lý do thanh lý**
- Các tài liệu thuyết minh (Note V.9) đề cập đến việc **bán hoặc thanh lý tài sản cố định khi tài sản lạc hậu, nhu cầu giảm hoặc để tái cấu trúc**, nhưng **chi tiết cụ thể về nguyên nhân của lần thanh lý này không có trong dữ liệu hiện có**.

**Kết luận tổng thể**
- Việc thanh lý thiết bị văn phòng đã làm giảm nguyên giá tài sản cố định hữu hình khoảng 50 triệu VNĐ và xóa sổ hao mòn liên quan, dẫn đến **giảm tổng tài sản cố định**. 
- Do thiếu thông tin về **tiền thu được** và **lãi/lỗ thực tế** từ giao dịch, không thể đánh giá đầy đủ ảnh hưởng tới **lợi nhuận** và **dòng tiền**. 
- Nếu tài sản đã được khấu hao hết, thanh lý chủ yếu là **giảm chi phí bảo trì** và **tối ưu cấu trúc tài sản**, nhưng cần dữ liệu bổ sung về thu nhập từ thanh lý để xác định tác động tài chính cuối cùng.","Việc thanh lý thiết bị văn phòng với nguyên giá 49.989.670 VND và giá trị hao mòn lũy kế tương ứng 49.989.670 VND cho thấy công ty đã loại bỏ một số thiết bị đã hết khấu hao hoặc không còn sử dụng được. Lý do có thể là do thiết bị đã cũ, hỏng, không còn phù hợp với nhu cầu hoạt động, hoặc công ty muốn nâng cấp. Hậu quả là tổng nguyên giá và khấu hao lũy kế của tài sản cố định hữu hình giảm đi một lượng tương ứng. Vì giá trị còn lại thuần của các tài sản này là 0 tại thời điểm thanh lý (khấu hao lũy kế bằng nguyên giá), việc thanh lý không tạo ra lãi hoặc lỗ đáng kể về mặt giá trị sổ sách ngay lập tức, nhưng nó giúp tối ưu hóa việc sử dụng tài sản và có thể giảm chi phí bảo trì, vận hành trong tương lai.",29,"Table: THUYẾT MINH BÁO CÁO TÀI CHÍNH
Subheading: 9. Tài sản cố định hữu hình — Nguyên giá
Item: Số đầu năm | Cộng
Value: 202.406.369.251
Note ref: V.9
---
Table: THUYẾT MINH BÁO CÁO TÀI CHÍNH
Subheading: 9. Tài sản cố định hữu hình — Nguyên giá
Item: Số cuối kỳ | Cộng
Value: 24.034.952.927
Note ref: V.9
---
Table: BẢNG CÂN ĐỐI KẾ TOÁN
Subheading: Tài sản cố định hữu hình
Item: Nguyên giá | Số đầu năm
Period: đầu
Value: 202.406.369.251
---
Table: THUYẾT MINH BÁO CÁO TÀI CHÍNH
Subheading: 9. Tài sản cố định hữu hình — Nguyên giá
Item: Thanh lý | Thiết bị, dụng cụ quản lý
Value: (49.989.670)
Note ref: V.9
---
Table: THUYẾT MINH BÁO CÁO TÀI CHÍNH
Subheading: 9. Tài sản cố định hữu hình — Nguyên giá
Item: Số đầu năm | Thiết bị, dụng cụ quản lý
Value: 518.475.186
Note ref: V.9
---
Table: THUYẾT MINH BÁO CÁO TÀI CHÍNH
Subheading: 9. Tài sản cố định hữu hình — Nguyên giá
Item: Số cuối kỳ | Thiết bị, dụng cụ quản lý
Value: 468.485.516
Note ref: V.9
---
Table: THUYẾT MINH BÁO CÁO TÀI CHÍNH
Subheading: 9. Tài sản cố định hữu hình — Giá trị hao mòn
Item: Số đầu năm | Thiết bị, dụng cụ quản lý
Value: 483.196.183
Note ref: V.9
---
Table: THUYẾT MINH BÁO CÁO TÀI CHÍNH
Item: Thuyết minh 7: Chi phí quản lý doanh nghiệp | Chi phí đồ dùng văn phòng
Value: Luỹ kế từ đầu năm đến cuối kỳ này Năm nay: 32.796.725 | Luỹ kế từ đầu năm đến cuối kỳ này Năm trước: 70.084.168
---
Table: THUYẾT MINH BÁO CÁO TÀI CHÍNH
Item: Thuyết minh 8: Tài sản cố định vô hình
Value: Nguyên giá tài sản cố định vô hình bao gồm toàn bộ các chi phí mà Công ty phải bỏ ra để có được tài sản cố định tính đến thời điểm đưa tài sản đó vào trạng thái sẵn sàng sử dụng. Chi phí liên quan đến tài sản cố định vô hình phát sinh sau khi ghi nhận ban đầu được ghi nhận là chi phí sản xuất, kinh doanh trong kỳ trừ khi các chi phí này gắn liền với một tài sản cố định vô hình cụ thể và làm tăng lợi ích kinh tế từ các tài sản này.
---
Table: THUYẾT MINH BÁO CÁO TÀI CHÍNH
Item: Thuyết minh 8: Tài sản cố định vô hình
Value: Tài sản cố định vô hình được thể hiện theo nguyên giá trừ hao mòn lũy kế.
---
Table: THUYẾT MINH BÁO CÁO TÀI CHÍNH
Item: Thuyết minh 8: Tài sản cố định vô hình
Value: Khi tài sản cố định vô hình được bán hay thanh lý, nguyên giá và giá trị hao mòn lũy kế được xóa sổ và lãi, lỗ phát sinh do thanh lý được ghi nhận vào thu nhập hay chi phí trong năm.
---
Table: THUYẾT MINH BÁO CÁO TÀI CHÍNH
Item: Thuyết minh báo cáo tài chính
Value: 7. Tài sản cố định hữu hình Tài sản cố định hữu hình được thể hiện theo nguyên giá trừ hao mòn lũy kế. Nguyên giá tài sản cố định hữu hình bao gồm toàn bộ các chi phí mà Công ty phải bỏ ra để có được tài sản cố định tính đến thời điểm đưa tài sản đó vào trạng thái sẵn sàng sử dụng. Các chi phí phát sinh sau ghi nhận ban đầu chỉ được ghi tăng nguyên giá tài sản cố định nếu các chi phí này chắc chắn làm tăng lợi ích kinh tế trong tương lai do sử dụng tài sản đó. Các chi phí phát sinh không thỏa mãn điều kiện trên được ghi nhận là chi phí sản xuất, kinh doanh trong năm.
---
Table: THUYẾT MINH BÁO CÁO TÀI CHÍNH
Item: Thuyết minh báo cáo tài chính
Value: Tài sản cố định hữu hình được khấu hao theo phương pháp đường thẳng dựa trên thời gian hữu dụng ước tính. Số năm khấu hao của các loại tài sản cố định hữu hình như sau:
---
Table: THUYẾT MINH BÁO CÁO TÀI CHÍNH
Item: Thuyết minh 9: Tài sản cố định hữu hình | Thanh lý
Value: Nguyên giá: Thanh lý | Thiết bị, dụng cụ quản lý: (49.989.670) | Cộng: (49.989.670)
---
Table: THUYẾT MINH BÁO CÁO TÀI CHÍNH
Item: Thuyết minh 9: Tài sản cố định hữu hình | Thanh lý
Value: Nguyên giá: Thanh lý | Nhà cửa, vật kiến trúc: - | Phương tiện vận tải, truyền dẫn: - | Thiết bị, dụng cụ quản lý: (49.989.670) | Cộng: (49.989.670)
---
Table: THUYẾT MINH BÁO CÁO TÀI CHÍNH
Item: Thuyết minh báo cáo tài chính
Value: Khi tài sản cố định hữu hình được bán hay thanh lý, nguyên giá và giá trị hao mòn lũy kế được xóa sổ và lãi, lỗ phát sinh do thanh lý được ghi nhận vào thu nhập hay chi phí trong năm.
---
Table: THUYẾT MINH BÁO CÁO TÀI CHÍNH
Item: Thuyết minh báo cáo tài chính | Thanh lý, nhượng bán
Value: Nguyên giá: Thanh lý, nhượng bán | Nhà: (38.351.678.790) | Cộng: (38.351.678.790)
---
Table: THUYẾT MINH BÁO CÁO TÀI CHÍNH
Item: Thuyết minh báo cáo tài chính | Thanh lý, nhượng bán
Value: Nguyên giá: Thanh lý, nhượng bán | Nhà: (949.108.506) | Cơ sở hạ tầng: - | Cộng: (949.108.506)
---
Table: BÁO CÁO KẾT QUẢ HOẠT ĐỘNG KINH DOANH
Item: Lợi nhuận khác | Lũy kế đến quý IV năm 2024
Period: cuối
Value: 3.112.941.361
---
Table: BÁO CÁO KẾT QUẢ HOẠT ĐỘNG KINH DOANH
Item: Lợi nhuận khác | Quý IV năm 2024
Period: cuối
Value: 928.804.543
---
Table: BÁO CÁO KẾT QUẢ HOẠT ĐỘNG KINH DOANH
Item: Lợi nhuận khác | Lũy kế đến quý IV năm 2023
Period: đầu
Value: (4.655.808.772)
---
Table: BÁO CÁO KẾT QUẢ HOẠT ĐỘNG KINH DOANH
Item: Lợi nhuận khác | Quý IV năm 2023
Period: đầu
Value: (4.884.962.434)
---
Table: THUYẾT MINH BÁO CÁO TÀI CHÍNH
Subheading: 9. Tài sản cố định hữu hình — Giá trị hao mòn
Item: Thanh lý | Thiết bị, dụng cụ quản lý
Value: (49.989.670)
Note ref: V.9
---
Table: THUYẾT MINH BÁO CÁO TÀI CHÍNH
Item: Thuyết minh 8: Tài sản cố định vô hình
Value: Tài sản cố định vô hình của Công ty là chương trình phần mềm máy tính. Chi phí liên quan đến các chương trình phần mềm máy tính không phải là một bộ phận gắn kết với phần cứng có liên quan được vốn hóa. Nguyên giá của phần mềm máy tính là toàn bộ các chi phí mà Công ty đã chi ra tính đến thời điểm đưa phần mềm vào sử dụng. Phần mềm máy tính được khấu hao theo phương pháp đường thẳng trong 3 - 5 năm.
---
Table: PHẦN ĐẦU BÁO CÁO TÀI CHÍNH
Subheading: Chuẩn mực và chế độ kế toán
Item: Thông tin báo cáo tài chính | Chuẩn mực và chế độ kế toán
Value: ## III. CHUẨN MỰC VÀ CHẾ ĐỘ KẾ TOÁN ÁP DỤNG
---
Table: PHẦN ĐẦU BÁO CÁO TÀI CHÍNH
Subheading: Chuẩn mực và chế độ kế toán
Item: Thông tin báo cáo tài chính | Chuẩn mực và chế độ kế toán
Value: 2. Tuyên bố về việc tuân thủ chuẩn mực kế toán và chế độ kế toán Ban Tổng Giám đốc đảm bảo đã tuân thủ yêu cầu của các Chuẩn mực Kế toán Việt Nam, Chế độ Kế toán doanh nghiệp Việt Nam được ban hành theo Thông tư số 200/2014/TT-BTC ngày 22 tháng 12 năm 2014, Thông tư số 53/2016/TT-BTC ngày 21 tháng 03 năm 2016 cũng như các thông tư hướng dẫn thực hiện chuẩn mực kế toán của Bộ Tài chính trong việc lập và trình bày Báo cáo tài chính.
---
Table: PHẦN ĐẦU BÁO CÁO TÀI CHÍNH
Subheading: Chuẩn mực và chế độ kế toán
Item: Thông tin báo cáo tài chính | Chuẩn mực và chế độ kế toán
Value: Ban Tổng Giám đốc đảm bảo các số kế toán thích hợp được lưu giữ đầy đủ để phản ánh tính hình tài chính của Công ty với mức độ chính xác hợp lý tại bất kỳ thời điểm nào và các số sách kế toán tuân thủ chế độ kế toán áp dụng. Ban Tổng Giám đốc cũng chịu trách nhiệm quản lý các tài sản của Công ty và do đó thực hiện các biện pháp thích hợp để ngăn chặn và phát hiện các hành vi gian lận và các vi phạm khác.
---
Table: THUYẾT MINH BÁO CÁO TÀI CHÍNH
Item: Thuyết minh 10: Chi phí xây dựng cơ bản dở dang
Value: Chi phí xây dựng cơ bản dở dang phản ánh các chi phí liên quan trực tiếp (bao gồm cả chi phí lãi vay có liên quan phù hợp với chính sách kế toán của Công ty) đến các tài sản đang trong quá trình xây dựng, máy móc thiết bị đang lắp đặt để phục vụ cho mục đích sản xuất, cho thuê và quản lý cũng
---
Table: PHẦN ĐẦU BÁO CÁO TÀI CHÍNH
Subheading: Chuẩn mực và chế độ kế toán
Item: Thông tin báo cáo tài chính | Chuẩn mực và chế độ kế toán
Value: Nêu rõ các chuẩn mực kế toán áp dụng cho Công ty có được tuân thủ hay không và tất cả các sai lệch trong yêu cầu được trình bày và giải thích trong Báo cáo tài chính giữa niên độ;",1,,325318,52565,0.6060606060606061,0.8184978616176536,0.2828876609892098,0.6
185,Tính toán tỷ lệ khấu hao trong năm trên nguyên giá đầu năm cho từng loại tài sản cố định hữu hình.,Không có số liệu hao mòn trong năm (giá trị hao mòn tăng thêm) cho từng loại tài sản cố định hữu hình trong dữ liệu; do đó không thể tính tỷ lệ khấu hao trong năm trên nguyên giá đầu năm.,Tỷ lệ khấu hao trong năm trên nguyên giá đầu năm cho từng loại tài sản cố định hữu hình:\n-   **Nhà cửa và vật kiến trúc:** (911.949.408 VND / 196.560.414.828 VND) * 100% ≈ 0.46%\n-   **Phương tiện vận tải:** (178.824.672 VND / 1.788.246.728 VND) * 100% ≈ 10.00%\n-   **Thiết bị văn phòng:** (24.863.124 VND / 518.475.186 VND) * 100% ≈ 4.80%\n-   **Tài sản cố định khác:** (366.013.596 VND / 3.539.232.509 VND) * 100% ≈ 10.34%,5,"Table: BẢNG CÂN ĐỐI KẾ TOÁN
Subheading: Tài sản cố định hữu hình
Item: Nguyên giá | Số đầu năm
Period: đầu
Value: 202.406.369.251
---
Table: THUYẾT MINH BÁO CÁO TÀI CHÍNH
Subheading: 9. Tài sản cố định hữu hình — Nguyên giá
Item: Số đầu năm | Tài sản cố định khác
Value: 3.539.232.509
Note ref: V.9
---
Table: THUYẾT MINH BÁO CÁO TÀI CHÍNH
Subheading: 9. Tài sản cố định hữu hình — Nguyên giá
Item: Số đầu năm | Cộng
Value: 202.406.369.251
Note ref: V.9
---
Table: BẢNG CÂN ĐỐI KẾ TOÁN
Subheading: Tài sản cố định hữu hình
Item: Giá trị hao mòn lũy kế | Số đầu năm
Period: đầu
Value: (12.494.119.719)
---
Table: THUYẾT MINH BÁO CÁO TÀI CHÍNH
Subheading: 9. Tài sản cố định hữu hình — Giá trị hao mòn
Item: Số đầu năm | Tài sản cố định khác
Value: 760.514.585
Note ref: V.9",1,,28133,9619,1.0,0.0,0.0,0.0
186,Đánh giá hiệu quả sử dụng tài sản cố định hữu hình dựa trên sự biến động của giá trị còn lại thuần.,"Dựa trên số liệu hiện có:
- Nguyên giá tài sản cố định hữu hình:
  - Số đầu năm: 202.406.369.251 (BẢNG CÂN ĐỐI KẾ TOÁN)
  - Số cuối kỳ: 24.034.952.927 (BẢNG CÂN ĐỐI KẾ TOÁN)
- Khấu hao trong năm (cộng): 1.481.650.800 (BẢNG CÂN ĐỐI KẾ TOÁN)

*Nhận xét*:
- Dữ liệu chỉ cung cấp nguyên giá và khấu hao trong năm, chưa có số ""Giá trị còn lại"" (net book value) ở đầu và cuối kỳ. Do thiếu thông tin này, không thể tính được mức thay đổi giá trị còn lại thuần cũng như không thể xác định tỷ lệ quay vòng tài sản cố định hữu hình (Turnover = Doanh thu thuần / Giá trị còn lại trung bình).

**Kết luận tổng thể**:
- Hiện chỉ có thông tin về nguyên giá và khấu hao, vì vậy chưa đủ để đánh giá hiệu quả sử dụng tài sản cố định hữu hình dựa trên biến động giá trị còn lại thuần. Cần bổ sung giá trị còn lại đầu kỳ và cuối kỳ để thực hiện phân tích.","Giá trị còn lại thuần của tổng tài sản cố định hữu hình đã giảm mạnh từ 189.912.249.532 VND đầu năm xuống 16.326.198.818 VND cuối kỳ. Sự sụt giảm chủ yếu do 'Nhà cửa và vật kiến trúc' giảm mạnh (từ 186.239.615.752 VND xuống 13.223.266.430 VND), một phần lớn là do 'Hình thành bất động sản'. Điều này cho thấy công ty đã chuyển đổi một lượng lớn tài sản cố định hữu hình sang mục đích khác (có thể là bất động sản đầu tư hoặc hàng tồn kho).  \n\nNếu việc chuyển đổi này là một chiến lược tái cơ cấu tài sản hiệu quả, nhằm tối ưu hóa danh mục đầu tư và tập trung vào các hoạt động có khả năng sinh lời cao hơn (ví dụ, bán bất động sản), thì đây có thể là một dấu hiệu tích cực. Tuy nhiên, nếu sự giảm giá trị còn lại thuần không đi kèm với việc tạo ra tài sản mới hoặc tăng cường hiệu quả ở các mảng khác, nó có thể cho thấy sự thu hẹp quy mô hoạt động hoặc việc bán bớt tài sản để đáp ứng nhu cầu tài chính. Để đánh giá hiệu quả thực sự, cần xem xét các khoản mục tài sản mới được hình thành và lợi nhuận từ các hoạt động mới này.",14,"Table: THUYẾT MINH BÁO CÁO TÀI CHÍNH
Subheading: 9. Tài sản cố định hữu hình — Nguyên giá
Item: Số đầu năm | Cộng
Value: 202.406.369.251
Note ref: V.9
---
Table: THUYẾT MINH BÁO CÁO TÀI CHÍNH
Subheading: 9. Tài sản cố định hữu hình — Nguyên giá
Item: Số cuối kỳ | Cộng
Value: 24.034.952.927
Note ref: V.9
---
Table: BẢNG CÂN ĐỐI KẾ TOÁN
Subheading: Tài sản cố định hữu hình
Item: Nguyên giá | Số đầu năm
Period: đầu
Value: 202.406.369.251
---
Table: BẢNG CÂN ĐỐI KẾ TOÁN
Subheading: Tài sản cố định hữu hình
Item: Nguyên giá | Số cuối năm
Period: cuối
Value: 24.034.952.927
---
Table: THUYẾT MINH BÁO CÁO TÀI CHÍNH
Subheading: 9. Tài sản cố định hữu hình — Nguyên giá
Item: Thanh lý | Cộng
Value: (49.989.670)
Note ref: V.9
---
Table: THUYẾT MINH BÁO CÁO TÀI CHÍNH
Subheading: 10. Tài sản cố định vô hình — Là chương trình phần mềm, chi tiết như sau:
Item: Số đầu năm | Giá trị còn lại
Value: 51.732.022
Note ref: V.10
---
Table: THUYẾT MINH BÁO CÁO TÀI CHÍNH
Subheading: 10. Tài sản cố định vô hình — Là chương trình phần mềm, chi tiết như sau:
Item: Số cuối kỳ | Giá trị còn lại
Value: 17.566.667
Note ref: V.10
---
Table: THUYẾT MINH BÁO CÁO TÀI CHÍNH
Subheading: Giá trị còn lại
Item: Số đầu năm | Tài sản cố định khác
Value: 2.778.717.924
Note ref: V.9
---
Table: THUYẾT MINH BÁO CÁO TÀI CHÍNH
Subheading: Giá trị còn lại
Item: Số cuối kỳ | Tài sản cố định khác
Value: 2.412.704.328
Note ref: V.9
---
Table: THUYẾT MINH BÁO CÁO TÀI CHÍNH
Subheading: 9. Tài sản cố định hữu hình — Giá trị hao mòn — Khấu hao trong kỳ
Item: Khấu hao trong năm | Cộng
Value: 1.481.650.800
Note ref: V.9
---
Table: THUYẾT MINH BÁO CÁO TÀI CHÍNH
Item: Thuyết minh 9: Tài sản cố định hữu hình | Số cuối kỳ
Value: Nguyên giá: Số cuối kỳ | Nhà cửa, vật kiến trúc: 18.238.988.174 | Phương tiện vận tải, truyền dẫn: 1.788.246.728 | Thiết bị, dụng cụ quản lý: 468.485.516 | Tài sản cố định khác: 3.539.232.509 | Cộng: 24.034.952.927
---
Table: THUYẾT MINH BÁO CÁO TÀI CHÍNH
Item: Thuyết minh 8: Tài sản cố định vô hình
Value: Tài sản cố định vô hình của Công ty là chương trình phần mềm máy tính. Chi phí liên quan đến các chương trình phần mềm máy tính không phải là một bộ phận gắn kết với phần cứng có liên quan được vốn hóa. Nguyên giá của phần mềm máy tính là toàn bộ các chi phí mà Công ty đã chi ra tính đến thời điểm đưa phần mềm vào sử dụng. Phần mềm máy tính được khấu hao theo phương pháp đường thẳng trong 3 - 5 năm.
---
Table: THUYẾT MINH BÁO CÁO TÀI CHÍNH
Item: Thuyết minh báo cáo tài chính
Value: 7. Tài sản cố định hữu hình Tài sản cố định hữu hình được thể hiện theo nguyên giá trừ hao mòn lũy kế. Nguyên giá tài sản cố định hữu hình bao gồm toàn bộ các chi phí mà Công ty phải bỏ ra để có được tài sản cố định tính đến thời điểm đưa tài sản đó vào trạng thái sẵn sàng sử dụng. Các chi phí phát sinh sau ghi nhận ban đầu chỉ được ghi tăng nguyên giá tài sản cố định nếu các chi phí này chắc chắn làm tăng lợi ích kinh tế trong tương lai do sử dụng tài sản đó. Các chi phí phát sinh không thỏa mãn điều kiện trên được ghi nhận là chi phí sản xuất, kinh doanh trong năm.
---
Table: THUYẾT MINH BÁO CÁO TÀI CHÍNH
Item: Thuyết minh 9: Tài sản cố định hữu hình | Số đầu năm
Value: Nguyên giá: Số đầu năm | Nhà cửa, vật kiến trúc: 196.560.414.828 | Phương tiện vận tải, truyền dẫn: 1.788.246.728 | Thiết bị, dụng cụ quản lý: 518.475.186 | Tài sản cố định khác: 3.539.232.509 | Cộng: 202.406.369.251",1,,263443,20023,0.9230769230769231,0.8173701677129274,0.11688311687727272,0.0
187,Giá trị còn lại thuần của tài sản cố định vô hình cuối kỳ là bao nhiêu VND?,Giá trị còn lại thuần của tài sản cố định vô hình vào cuối kỳ là 17.566.667 VND.,Giá trị còn lại thuần của tài sản cố định vô hình cuối kỳ là 17.566.667 VND.,5,"Table: THUYẾT MINH BÁO CÁO TÀI CHÍNH
Subheading: 10. Tài sản cố định vô hình — Là chương trình phần mềm, chi tiết như sau:
Item: Số cuối kỳ | Giá trị còn lại
Value: 17.566.667
Note ref: V.10
---
Table: THUYẾT MINH BÁO CÁO TÀI CHÍNH
Subheading: 10. Tài sản cố định vô hình — Là chương trình phần mềm, chi tiết như sau:
Item: Số đầu năm | Giá trị còn lại
Value: 51.732.022
Note ref: V.10
---
Table: BẢNG CÂN ĐỐI KẾ TOÁN
Subheading: Tài sản cố định vô hình
Item: Nguyên giá | Số cuối năm
Period: cuối
Value: 337.728.000
---
Table: BẢNG CÂN ĐỐI KẾ TOÁN
Subheading: Tài sản cố định vô hình
Item: Giá trị hao mòn lũy kế | Số cuối năm
Period: cuối
Value: (320.161.333)
---
Table: THUYẾT MINH BÁO CÁO TÀI CHÍNH
Subheading: 10. Tài sản cố định vô hình — Là chương trình phần mềm, chi tiết như sau:
Item: Số cuối kỳ | Giá trị hao mòn
Value: (320.161.333)
Note ref: V.10",1,,16151,7330,1.0,0.8864130150938845,0.9999999999,1.0
188,Nguyên giá bất động sản đầu tư cuối kỳ là bao nhiêu VND?,Nguyên giá bất động sản đầu tư cuối kỳ là 247.051.384.582 VND.,Nguyên giá bất động sản đầu tư cuối kỳ là 247.051.384.582 VND.,5,"Table: BẢNG CÂN ĐỐI KẾ TOÁN
Subheading: Bất động sản đầu tư
Item: Nguyên giá | Số cuối năm
Period: cuối
Value: 247.051.384.582
---
Table: THUYẾT MINH BÁO CÁO TÀI CHÍNH
Subheading: 11. Bất động sản đầu tư cho thuê — Là chương trình phần mềm, chi tiết như sau: — Nguyên giá
Item: Số cuối kỳ | Nhà
Value: 68.729.957.928
Note ref: V.11
---
Table: THUYẾT MINH BÁO CÁO TÀI CHÍNH
Subheading: 11. Bất động sản đầu tư cho thuê — Là chương trình phần mềm, chi tiết như sau: — Nguyên giá
Item: Số cuối kỳ | Cộng
Value: 247.051.384.582
Note ref: V.11
---
Table: THUYẾT MINH BÁO CÁO TÀI CHÍNH
Subheading: 11. Bất động sản đầu tư cho thuê — Là chương trình phần mềm, chi tiết như sau: — Nguyên giá
Item: Số cuối kỳ | Cơ sở hạ tầng
Value: 178.321.426.654
Note ref: V.11
---
Table: THUYẾT MINH BÁO CÁO TÀI CHÍNH
Subheading: 11. Bất động sản đầu tư cho thuê — Là chương trình phần mềm, chi tiết như sau: — Nguyên giá
Item: Thanh lý, nhượng bán | Nhà
Value: (38.351.678.790)
Note ref: V.11",1,,14270,7348,1.0,0.9636002821322404,0.8333333332916666,1.0
189,Khấu hao trong năm của tài sản cố định vô hình là bao nhiêu VND?,Khấu hao trong năm của tài sản cố định vô hình là 34.165.355 VND.,Khấu hao trong năm của tài sản cố định vô hình là 34.165.355 VND.,5,"Table: BẢNG CÂN ĐỐI KẾ TOÁN
Subheading: Tài sản cố định vô hình
Item: Giá trị hao mòn lũy kế | Số cuối năm
Period: cuối
Value: (320.161.333)
---
Table: BẢNG CÂN ĐỐI KẾ TOÁN
Subheading: Tài sản cố định vô hình
Item: Giá trị hao mòn lũy kế | Số đầu năm
Period: đầu
Value: (285.995.978)
---
Table: THUYẾT MINH BÁO CÁO TÀI CHÍNH
Subheading: 10. Tài sản cố định vô hình — Là chương trình phần mềm, chi tiết như sau:
Item: Khấu hao trong kỳ | Giá trị hao mòn
Value: (34.165.355)
Note ref: V.10
---
Table: THUYẾT MINH BÁO CÁO TÀI CHÍNH
Subheading: 10. Tài sản cố định vô hình — Là chương trình phần mềm, chi tiết như sau:
Item: Khấu hao trong kỳ | Giá trị còn lại
Value: (34.165.355)
Note ref: V.10
---
Table: THUYẾT MINH BÁO CÁO TÀI CHÍNH
Subheading: 10. Tài sản cố định vô hình — Là chương trình phần mềm, chi tiết như sau:
Item: Số đầu năm | Giá trị hao mòn
Value: (285.995.978)
Note ref: V.10",1,,13630,7279,1.0,0.9761642217659215,0.4166666666458333,1.0
190,So sánh giá trị còn lại thuần của bất động sản đầu tư đầu năm và cuối kỳ. Sự thay đổi là bao nhiêu?,"Giá trị còn lại thuần của bất động sản đầu tư ở đầu năm là 105.856.776.554 đồng, cuối kỳ là 234.660.811.747 đồng; sự thay đổi tăng thêm 128.804.035.193 đồng.",Giá trị còn lại thuần của bất động sản đầu tư đầu năm là 105.856.776.554 VND. Giá trị còn lại thuần cuối kỳ là 234.660.811.747 VND. Sự thay đổi là tăng 128.804.035.193 VND.,5,"Table: THUYẾT MINH BÁO CÁO TÀI CHÍNH
Subheading: 11. Bất động sản đầu tư cho thuê — Là chương trình phần mềm, chi tiết như sau: — Giá trị còn lại
Item: Số cuối kỳ | Nhà
Value: 66.378.867.796
Note ref: V.11
---
Table: THUYẾT MINH BÁO CÁO TÀI CHÍNH
Subheading: 11. Bất động sản đầu tư cho thuê — Là chương trình phần mềm, chi tiết như sau: — Giá trị còn lại
Item: Số cuối kỳ | Cộng
Value: 234.660.811.747
Note ref: V.11
---
Table: THUYẾT MINH BÁO CÁO TÀI CHÍNH
Subheading: 11. Bất động sản đầu tư cho thuê — Là chương trình phần mềm, chi tiết như sau: — Giá trị còn lại
Item: Số cuối kỳ | Cơ sở hạ tầng
Value: 168.281.943.951
Note ref: V.11
---
Table: THUYẾT MINH BÁO CÁO TÀI CHÍNH
Subheading: 11. Bất động sản đầu tư cho thuê — Là chương trình phần mềm, chi tiết như sau: — Giá trị còn lại
Item: Số đầu năm | Nhà
Value: 105.856.776.554
Note ref: V.11
---
Table: THUYẾT MINH BÁO CÁO TÀI CHÍNH
Subheading: 11. Bất động sản đầu tư cho thuê — Là chương trình phần mềm, chi tiết như sau: — Giá trị còn lại
Item: Số đầu năm | Cộng
Value: 105.856.776.554
Note ref: V.11",1,,30902,9645,1.0,0.9172649125053128,0.5333333333155555,1.0
191,Đánh giá tầm quan trọng của việc xác định giá trị hợp lý của bất động sản đầu tư theo Chuẩn mực kế toán Việt Nam số 05.,Dữ liệu hiện có chỉ cung cấp các giá trị hợp lý của bất động sản đầu tư cho một số thực thể và không chứa thông tin đánh giá tầm quan trọng của việc xác định giá trị hợp lý theo Chuẩn mực kế toán Việt Nam số 05.,"Việc xác định giá trị hợp lý của bất động sản đầu tư theo Chuẩn mực kế toán Việt Nam số 05 là cực kỳ quan trọng đối với tính minh bạch và độ tin cậy của báo cáo tài chính. Giá trị hợp lý cung cấp một cái nhìn thực tế và cập nhật hơn về giá trị thị trường của tài sản, giúp các nhà đầu tư và phân tích đưa ra quyết định tốt hơn. Nếu công ty không xác định được giá trị hợp lý (như trường hợp này do chưa tìm được công ty định giá phù hợp), thông tin tài chính có thể không phản ánh đúng giá trị thực của tài sản trong môi trường thị trường biến động, có thể làm giảm tính hữu ích của báo cáo đối với người sử dụng.",5,"Table: THUYẾT MINH BÁO CÁO TÀI CHÍNH
Item: Ngân hàng TMCP Việt Nam Thịnh Vượng | Số đầu năm Giá trị hợp lý
Period: đầu
Value: 1.939.200
Note ref: V.2a
---
Table: THUYẾT MINH BÁO CÁO TÀI CHÍNH
Item: Công ty Cổ phần Đầu tư và Xuất nhập khẩu Foodinco | Số đầu năm Giá trị hợp lý
Period: đầu
Value: 494.034.493
Note ref: V.2a
---
Table: THUYẾT MINH BÁO CÁO TÀI CHÍNH
Item: Cổ phiếu không niêm yết | Số đầu năm Giá trị hợp lý
Period: đầu
Value: 494.034.493
Note ref: V.2a
---
Table: THUYẾT MINH BÁO CÁO TÀI CHÍNH
Item: Ngân hàng TMCP Việt Nam Thịnh Vượng | Số cuối năm Giá trị hợp lý
Period: cuối
Value: 1.939.200
Note ref: V.2a
---
Table: THUYẾT MINH BÁO CÁO TÀI CHÍNH
Item: Công ty Cổ phần Đầu tư và Xuất nhập khẩu Foodinco | Số cuối năm Giá trị hợp lý
Period: cuối
Value: 494.034.493
Note ref: V.2a",1,,69819,8246,0.5,0.818830393116896,0.9999999999,0.0
192,Phân tích tác động của việc không xác định được giá trị hợp lý của bất động sản đầu tư đến tính minh bạch của báo cáo tài chính.,"- Theo Chuẩn mực Kế toán Việt Nam số 05, giá trị hợp lý của bất động sản đầu tư phải được trình bày vào ngày kết thúc năm tài chính, nhưng công ty chưa xác định được giá trị này, dẫn tới việc không công khai thông tin giá trị hợp lý trong báo cáo tài chính, làm giảm tính minh bạch và khả năng so sánh của báo cáo.
- Bất động sản đầu tư chỉ được ghi nhận ở nguyên giá trừ hao mòn lũy kế, vì chưa có giá trị hợp lý, nên người đọc không thể đánh giá đúng giá trị thực tế và rủi ro liên quan.","Việc không xác định được giá trị hợp lý của bất động sản đầu tư có tác động tiêu cực đến tính minh bạch của báo cáo tài chính. Mặc dù công ty trình bày tài sản theo nguyên giá trừ khấu hao lũy kế, nhưng Chuẩn mực kế toán Việt Nam số 05 yêu cầu thuyết minh giá trị hợp lý. Khi thông tin này thiếu, các nhà đầu tư và phân tích không thể đánh giá được giá trị thị trường hiện tại của các bất động sản đầu tư, điều này có thể dẫn đến việc họ không nắm bắt được giá trị thực sự của tài sản trong bối cảnh thị trường. Điều này làm giảm tính hữu ích và khả năng so sánh của báo cáo tài chính, và có thể khiến công ty bị đánh giá thấp hoặc cao hơn giá trị thực.",24,"Table: THUYẾT MINH BÁO CÁO TÀI CHÍNH
Item: Cổ phiếu không niêm yết | Số đầu năm Giá trị hợp lý
Period: đầu
Value: 494.034.493
Note ref: V.2a
---
Table: THUYẾT MINH BÁO CÁO TÀI CHÍNH
Item: Công ty Cổ phần Đầu tư và Xuất nhập khẩu Foodinco | Số đầu năm Giá trị hợp lý
Period: đầu
Value: 494.034.493
Note ref: V.2a
---
Table: THUYẾT MINH BÁO CÁO TÀI CHÍNH
Item: Thuyết minh báo cáo tài chính
Value: Theo quy định tại Chuẩn mực Kế toán Việt Nam số 05 ""Bất động sản đầu tư"", giá trị hợp lý của bất động sản đầu tư tại ngày kết thúc năm tài chính cần phải được trình bày. Tuy nhiên, Công ty hiện chưa xác định được giá trị hợp lý của các bất động sản đầu tư do chưa tìm được công ty định giá phù hợp để thực hiện công việc này.
---
Table: THUYẾT MINH BÁO CÁO TÀI CHÍNH
Item: Ngân hàng TMCP Việt Nam Thịnh Vượng | Số đầu năm Giá trị hợp lý
Period: đầu
Value: 1.939.200
Note ref: V.2a
---
Table: THUYẾT MINH BÁO CÁO TÀI CHÍNH
Item: Thuyết minh 9: Bất động sản đầu tư
Value: Bất động sản đầu tư là các căn hộ khách sạn, shophouse thuộc sở hữu của Công ty. Bất động sản đầu tư cho thuê được thể hiện theo nguyên giá trừ hao mòn lũy kế. Nguyên giá của bất động sản đầu tư là toàn bộ các chi phí mà Công ty phải bỏ ra hoặc giá trị hợp lý của các khoản đưa ra để trao đổi nhằm có được bất động sản đầu tư tính đến thời điểm mua hoặc xây dựng hoàn thành.
---
Table: THUYẾT MINH BÁO CÁO TÀI CHÍNH
Item: Thuyết minh 9: Tài sản cố định hữu hình | Chuyển sang bất động sản đầu tư
Value: Nguyên giá: Chuyển sang bất động sản đầu tư | Nhà cửa, vật kiến trúc: (178.321.426.654) | Phương tiện vận tải, truyền dẫn: - | Thiết bị, dụng cụ quản lý: - | Cộng: (178.321.426.654)
---
Table: THUYẾT MINH BÁO CÁO TÀI CHÍNH
Item: Công ty Cổ phần Đầu tư và Xuất nhập khẩu Foodinco | Số cuối năm Giá trị hợp lý
Period: cuối
Value: 494.034.493
Note ref: V.2a
---
Table: THUYẾT MINH BÁO CÁO TÀI CHÍNH
Item: Thuyết minh báo cáo tài chính
Value: 15. Chi phí đi vay Chi phí đi vay bao gồm lãi tiền vay và các chi phí khác phát sinh liên quan trực tiếp đến các khoản vay. Chi phí đi vay được ghi nhận vào chi phí khi phát sinh. Trường hợp chi phí đi vay liên quan trực tiếp đến việc đầu tư xây dựng hoặc sản xuất tài sản dở dang cần có một thời gian đủ dài (trên 12 tháng) để có thể đưa vào sử dụng theo mục đích định trước hoặc bán thì chi phí đi vay này được tính vào giá trị của tài sản đó. Đối với khoản vay riêng phục vụ việc xây dựng tài sản cố định, bất động sản đầu tư, lãi vay được vốn hóa kể cả khi thời gian xây dựng dưới 12 tháng. Các khoản thu nhập phát sinh từ việc đầu tư tạm thời các khoản vay được ghi giảm nguyên giá tài sản có liên quan. Đối với các khoản vốn vay chung trong đó có sử dụng cho mục đích đầu tư xây dựng hoặc sản xuất tài sản dở dang thì chi phí đi vay vốn hóa được xác định theo tỷ lệ vốn hóa đối với chi phí lũy kế bình quân gia quyền phát sinh cho việc đầu tư xây dựng cơ bản hoặc sản xuất tài sản đó. Tỷ lệ vốn hóa được tính theo tỷ lệ lãi suất bình quân gia quyền của các khoản vay chưa trả trong năm, ngoại trừ các khoản vay riêng biệt phục vụ cho mục đích hình thành một tài sản cụ thể.
---
Table: THUYẾT MINH BÁO CÁO TÀI CHÍNH
Item: Cổ phiếu không niêm yết | Số cuối năm Giá trị hợp lý
Period: cuối
Value: 494.034.493
Note ref: V.2a
---
Table: THUYẾT MINH BÁO CÁO TÀI CHÍNH
Item: Thuyết minh 9: Bất động sản đầu tư
Value: Việc chuyển từ bất động sản chủ sở hữu sử dụng hoặc hàng tồn kho thành bất động sản đầu tư chỉ khi chủ sở hữu chấm dứt sử dụng tài sản đó và bắt đầu cho bên khác thuê hoạt động hoặc khi kết thúc giai đoạn xây dựng. Việc chuyển từ bất động sản đầu tư sang bất động sản chủ sở hữu sử dụng hay hàng tồn kho chỉ khi chủ sở hữu bắt đầu sử dụng tài sản này hoặc bắt đầu triển khai cho mục đích bán. Việc chuyển từ bất động sản đầu tư sang bất động sản chủ sở hữu sử dụng hoặc hàng tồn kho không làm thay đổi nguyên giá hay giá trị còn lại của bất động sản tại ngày chuyển đổi.
---
Table: THUYẾT MINH BÁO CÁO TÀI CHÍNH
Item: Thuyết minh báo cáo tài chính
Value: Dự phòng tổn thất cho các khoản đầu tư vào công cụ vốn của đơn vị khác được trích lập như sau: Đối với khoản đầu tư vào cổ phiếu niêm yết hoặc giá trị hợp lý khoản đầu tư được xác định tin cậy, việc lập dự phòng dựa trên giá trị thị trường của cổ phiếu. Đối với khoản đầu tư không xác định được giá trị hợp lý tại thời điểm báo cáo, việc lập dự phòng được thực hiện căn cứ vào khoản lỗ của bên được đầu tư với mức trích lập bằng chênh lệch giữa vốn đầu tư thực tế của các chủ sở hữu và vốn chủ sở hữu tại ngày kết thúc năm tài chính nhân với tỷ lệ vốn điều lệ của Công ty so với tổng vốn điều lệ thực góp tại đơn vị khác.
---
Table: THUYẾT MINH BÁO CÁO TÀI CHÍNH
Subheading: 2a. Chứng khoán kinh doanh
Item: Cổ phiếu niêm yết | Số đầu năm Giá trị hợp lý
Period: đầu
Value: 1.252.829.200
Note ref: V.2a
---
Table: THUYẾT MINH BÁO CÁO TÀI CHÍNH
Subheading: 2a. Chứng khoán kinh doanh
Item: Công ty Cổ phần Chứng khoán Châu Á - Thái Bình Dương | Số đầu năm Giá trị hợp lý
Period: đầu
Value: 1.250.890.000
Note ref: V.2a
---
Table: THUYẾT MINH BÁO CÁO TÀI CHÍNH
Item: Ngân hàng TMCP Việt Nam Thịnh Vượng | Số cuối năm Giá trị hợp lý
Period: cuối
Value: 1.939.200
Note ref: V.2a
---
Table: THUYẾT MINH BÁO CÁO TÀI CHÍNH
Subheading: 2a. Chứng khoán kinh doanh
Item: Cổ phiếu niêm yết | Số cuối năm Giá trị hợp lý
Period: cuối
Value: 1.215.489.200
Note ref: V.2a
---
Table: THUYẾT MINH BÁO CÁO TÀI CHÍNH
Subheading: 2a. Chứng khoán kinh doanh
Item: Công ty Cổ phần Chứng khoán Châu Á - Thái Bình Dương | Số cuối năm Giá trị hợp lý
Period: cuối
Value: 1.213.550.000
Note ref: V.2a
---
Table: THUYẾT MINH BÁO CÁO TÀI CHÍNH
Item: Thuyết minh báo cáo tài chính
Value: 11. Các khoản nợ phải trả và chi phí phải trả Các khoản nợ phải trả và chi phí phải trả được ghi nhận cho số tiền phải trả trong tương lai liên quan đến hàng hóa và dịch vụ đã nhận được. Chi phí phải trả được ghi nhận dựa trên các ước tính hợp lý về số tiền phải trả. Việc phân loại các khoản phải trả là phải trả người bán, chi phí phải trả, và phải trả khác được thực hiện theo nguyên tắc sau: Phải trả người bán phản ánh các khoản phải trả mang tính chất thương mại phát sinh từ giao dịch mua hàng hóa, dịch vụ, tài sản và người bán là đơn vị độc lập với Công ty. Chi phí phải trả phản ánh các khoản phải trả cho hàng hóa, dịch vụ đã nhận được từ người bán hoặc đã cung cấp cho người mua nhưng chưa chi trả do chưa có hóa đơn hoặc chưa đủ hồ sơ, tài liệu kế toán và các khoản phải trả cho người lao động về tiền lương nghỉ phép, các khoản chi phí sản xuất, kinh doanh phải trích trước. Phải trả khác phản ánh các khoản phải trả không có tính thương mại, không liên quan đến giao dịch mua, bán, cung cấp hàng hóa dịch vụ. Các khoản nợ phải trả và chi phí phải trả được phân loại ngắn hạn và dài hạn trên Bảng cân đối kế toán căn cứ theo kỳ hạn còn lại tại ngày kết thúc năm tài chính.
---
Table: THUYẾT MINH BÁO CÁO TÀI CHÍNH
Item: Thuyết minh báo cáo tài chính
Value: Doanh thu cho thuê tài sản hoạt động Doanh thu cho thuê tài sản hoạt động được ghi nhận theo phương pháp đường thẳng trong suốt thời gian cho thuê. Trường hợp thời gian cho thuê chiếm trên 90% thời gian sử dụng hữu ích của tài sản, doanh thu được ghi nhận một lần đối với toàn bộ số tiền cho thuê nhận trước nếu thỏa mãn đồng thời các điều kiện sau: Bên đi thuê không có quyền hủy ngang hợp đồng thuê và Công ty không có nghĩa vụ phải trả lại số tiền đã nhận trước trong mọi trường hợp và dưới mọi hình thức. Số tiền nhận trước từ việc cho thuê không nhỏ hơn 90% tổng số tiền cho thuê dự kiến thu được theo hợp đồng trong suốt thời hạn cho thuê và bên đi thuê phải thanh toán toàn bộ số tiền thuê trong vòng 12 tháng kể từ thời điểm khởi đầu thuê tài sản. Hầu như toàn bộ rủi ro và lợi ích gắn liền với quyền sở hữu tài sản thuê đã chuyển giao cho bên đi thuê. Giá vốn của hoạt động cho thuê được ước tính tương đối đầy đủ.
---
Table: THUYẾT MINH BÁO CÁO TÀI CHÍNH
Item: Thuyết minh báo cáo tài chính
Value: Giá gốc hàng tồn kho được xác định như sau: Chi phí sản xuất kinh doanh dở dang của các dự án bất động sản: bao gồm các chi phí thuê nhà thầu thực hiện các hạng mục của dự án bất động sản và các chi phí có liên quan trực tiếp khác. Hàng hóa bất động sản (là các bất động sản được xây dựng để bán trong quá trình hoạt động bình thường của Công ty): bao gồm chi phí quyền sử dụng đất, các chi phí trực tiếp và các chi phí chung có liên quan phát sinh trong quá trình đầu tư xây dựng bất động sản. Hàng hóa khác: bao gồm chi phí mua và các chi phí liên quan trực tiếp khác phát sinh để có được hàng tồn kho ở địa điểm và trạng thái hiện tại.
---
Table: THUYẾT MINH BÁO CÁO TÀI CHÍNH
Item: Thuyết minh báo cáo tài chính
Value: như chi phí liên quan đến việc sửa chữa tài sản cố định đang thực hiện. Các tài sản này được ghi nhận theo giá gốc và không được tính khấu hao.
---
Table: THUYẾT MINH BÁO CÁO TÀI CHÍNH
Item: Thuyết minh báo cáo tài chính
Value: Đối với chứng khoán niêm yết trên thị trường chứng khoán: giá đóng cửa tại ngày gần nhất có giao dịch tính đến thời điểm kết thúc năm tài chính. Đối với cổ phiếu đã đăng ký giao dịch trên thị trường giao dịch của các công ty đại chúng chưa niêm yết (UPCOM): giá tham chiếu bình quân trong 30 ngày giao dịch liền kề gần nhất trước thời điểm kết thúc năm tài chính do Sở Giao dịch chứng khoán công bố. Trường hợp cổ phiếu đã niêm yết trên thị trường chứng khoán hoặc cổ phiếu của công ty cổ phần đã đăng ký giao dịch trên thị trường Upcom không có giao dịch trong vòng 30 ngày trước ngày trích lập dự phòng, cổ phiếu đã niêm yết bị hủy niêm yết, bị đình chỉ giao dịch, bị ngừng giao dịch: việc lập dự phòng được thực hiện căn cứ vào khoản lỗ của công ty được đầu tư mức trích lập bằng chênh lệch giữa vốn đầu tư thực tế của các chủ sở hữu và vốn chủ sở hữu tại ngày kết thúc năm tài chính nhân với tỷ lệ sở hữu vốn điều lệ của Công ty so với tổng số vốn điều lệ thực góp.
---
Table: THUYẾT MINH BÁO CÁO TÀI CHÍNH
Item: Thuyết minh báo cáo tài chính
Value: Dự phòng giảm giá chứng khoán kinh doanh được lập cho từng loại chứng khoán được mua bán trên thị trường và có giá trị hợp lý thấp hơn giá gốc. Giá trị hợp lý của chứng khoán kinh doanh được xác định như sau:
---
Table: THUYẾT MINH BÁO CÁO TÀI CHÍNH
Item: Thuyết minh báo cáo tài chính | Công ty Cổ phần Quản lý Vận hành Bất động sản Mandala
Value: Số cuối kỳ Số lượng CP: 150.000 | Số cuối kỳ Tỷ lệ sở hữu: 19,00% | Số đầu năm Số lượng CP: 150.000 | Số đầu năm Tỷ lệ sở hữu: 19,00%
---
Table: THUYẾT MINH BÁO CÁO TÀI CHÍNH
Item: Thuyết minh báo cáo tài chính | Công ty Cổ phần Quản lý Vận hành Bất động sản Mandala
Value: Công ty: Công ty Cổ phần Quản lý Vận hành Bất động sản Mandala | Số vốn Công ty cam kết góp: 19.000.000.000 | Số đã góp tại 31/12/2024: 1.500.000.000 | Số còn phải góp: 17.500.000.000",1,,94059,10235,0.375,0.6341226283872253,0.41111111109740744,0.25
193,Giải thích sự chênh lệch giữa giá trị còn lại thuần của nhà ở và cơ sở hạ tầng trong bất động sản đầu tư cuối kỳ.,"Dựa trên số liệu hiện có:
- Giá trị còn lại thuần cuối kỳ của Nhà ở: 66.378.867.796 (Thuyết minh Báo cáo tài chính)
- Giá trị còn lại thuần cuối kỳ của Cơ sở hạ tầng: 168.281.943.951 (Thuyết minh Báo cáo tài chính)

*Nhận xét*:
- Giá trị cơ sở hạ tầng cao hơn khoảng 101.903.076.155, do nguyên giá của cơ sở hạ tầng lớn hơn (178.321.426.654) so với nhà ở (68.729.957.928) và mức hao mòn tương đối thấp.
- Khoản hao mòn của cơ sở hạ tầng (10.039.482.703) chiếm tỷ lệ nhỏ hơn so với nguyên giá so với nhà ở (2.351.090.132), dẫn tới giá trị còn lại cao hơn.

**Kết luận tổng thể**: Sự chênh lệch chủ yếu xuất phát từ quy mô đầu tư lớn hơn và mức hao mòn thấp hơn của cơ sở hạ tầng so với nhà ở.","Sự chênh lệch lớn giữa giá trị còn lại thuần của nhà ở (66.378.867.796 VND) và cơ sở hạ tầng (168.281.943.951 VND) trong bất động sản đầu tư cuối kỳ phản ánh sự thay đổi đáng kể trong cơ cấu của khoản mục này. Cụ thể, nguyên giá nhà ở đã giảm do thanh lý và có thể chuyển đổi, trong khi một lượng lớn giá trị (178.321.426.654 VND) đã 'Hình thành bất động sản' dưới dạng cơ sở hạ tầng. Điều này cho thấy công ty đang tăng cường đầu tư vào phát triển cơ sở hạ tầng hoặc các dự án mới, làm cho tỷ trọng cơ sở hạ tầng trong bất động sản đầu tư tăng lên đáng kể. Sự chênh lệch cũng được thể hiện qua khấu hao lũy kế: khấu hao cơ sở hạ tầng tăng mạnh hơn nhiều so với nhà ở, phản ánh việc ghi nhận các tài sản mới và quá trình khấu hao của chúng.",10,"Table: THUYẾT MINH BÁO CÁO TÀI CHÍNH
Subheading: 11. Bất động sản đầu tư cho thuê — Là chương trình phần mềm, chi tiết như sau: — Giá trị còn lại
Item: Số cuối kỳ | Cơ sở hạ tầng
Value: 168.281.943.951
Note ref: V.11
---
Table: THUYẾT MINH BÁO CÁO TÀI CHÍNH
Subheading: 11. Bất động sản đầu tư cho thuê — Là chương trình phần mềm, chi tiết như sau: — Giá trị còn lại
Item: Số cuối kỳ | Nhà
Value: 66.378.867.796
Note ref: V.11
---
Table: THUYẾT MINH BÁO CÁO TÀI CHÍNH
Subheading: 11. Bất động sản đầu tư cho thuê — Là chương trình phần mềm, chi tiết như sau: — Giá trị còn lại
Item: Số cuối kỳ | Cộng
Value: 234.660.811.747
Note ref: V.11
---
Table: THUYẾT MINH BÁO CÁO TÀI CHÍNH
Subheading: Giá trị còn lại
Item: Số cuối kỳ | Cộng
Value: 16.326.198.818
Note ref: V.9
---
Table: THUYẾT MINH BÁO CÁO TÀI CHÍNH
Subheading: Giá trị còn lại
Item: Số cuối kỳ | Nhà cửa, vật kiến trúc
Value: 13.223.266.430
Note ref: V.9
---
Table: THUYẾT MINH BÁO CÁO TÀI CHÍNH
Subheading: 11. Bất động sản đầu tư cho thuê — Là chương trình phần mềm, chi tiết như sau: — Giá trị hao mòn
Item: Số cuối kỳ | Cơ sở hạ tầng
Value: 10.039.482.703
Note ref: V.11
---
Table: THUYẾT MINH BÁO CÁO TÀI CHÍNH
Subheading: 11. Bất động sản đầu tư cho thuê — Là chương trình phần mềm, chi tiết như sau: — Nguyên giá
Item: Số cuối kỳ | Cơ sở hạ tầng
Value: 178.321.426.654
Note ref: V.11
---
Table: THUYẾT MINH BÁO CÁO TÀI CHÍNH
Item: Thuyết minh báo cáo tài chính | Số cuối kỳ
Value: Nguyên giá: Số cuối kỳ | Nhà: 68.729.957.928 | Cơ sở hạ tầng: 178.321.426.654 | Cộng: 247.051.384.582
---
Table: THUYẾT MINH BÁO CÁO TÀI CHÍNH
Item: Thuyết minh báo cáo tài chính | Số cuối kỳ
Value: Nguyên giá: Số cuối kỳ | Nhà: 2.351.090.132 | Cơ sở hạ tầng: 10.039.482.703 | Cộng: 12.390.572.835
---
Table: THUYẾT MINH BÁO CÁO TÀI CHÍNH
Item: Thuyết minh báo cáo tài chính | Số cuối kỳ
Value: Nguyên giá: Số cuối kỳ | Nhà: 66.378.867.796 | Cơ sở hạ tầng: 168.281.943.951 | Cộng: 234.660.811.747",1,,50013,12447,0.5714285714285714,0.8308494268960568,0.7321428571245535,0.5
194,"Nếu Công ty tìm được công ty định giá và giá trị hợp lý thấp hơn giá trị ghi sổ, điều này sẽ ảnh hưởng như thế nào đến báo cáo tài chính?","Nếu giá trị hợp lý của tài sản (ví dụ chứng khoán kinh doanh) thấp hơn giá trị ghi sổ, công ty phải lập dự phòng giảm giá cho tài sản đó, giảm giá trị ghi sổ của tài sản và ghi nhận khoản lỗ giảm giá vào lợi nhuận kỳ, dẫn đến giảm lợi nhuận và giảm vốn chủ sở hữu.","Nếu Công ty tìm được công ty định giá và giá trị hợp lý của bất động sản đầu tư thấp hơn giá trị ghi sổ (nguyên giá trừ khấu hao lũy kế), điều này sẽ có tác động đáng kể đến báo cáo tài chính. Công ty sẽ phải ghi nhận khoản lỗ do giảm giá trị tài sản (impairment loss). Khoản lỗ này sẽ được ghi nhận vào báo cáo kết quả hoạt động kinh doanh, làm giảm lợi nhuận trước và sau thuế trong kỳ. Đồng thời, giá trị ghi sổ của bất động sản đầu tư trên bảng cân đối kế toán sẽ được điều chỉnh giảm xuống bằng giá trị hợp lý. Điều này phản ánh một cách trung thực hơn giá trị thực của tài sản và tuân thủ nguyên tắc thận trọng, nhưng cũng cho thấy một sự suy giảm trong giá trị đầu tư của công ty.",24,"Table: THUYẾT MINH BÁO CÁO TÀI CHÍNH
Item: Công ty Cổ phần Đầu tư và Xuất nhập khẩu Foodinco | Số đầu năm Giá trị hợp lý
Period: đầu
Value: 494.034.493
Note ref: V.2a
---
Table: THUYẾT MINH BÁO CÁO TÀI CHÍNH
Item: Công ty Cổ phần Đầu tư và Xuất nhập khẩu Foodinco | Số cuối năm Giá trị hợp lý
Period: cuối
Value: 494.034.493
Note ref: V.2a
---
Table: THUYẾT MINH BÁO CÁO TÀI CHÍNH
Item: Cổ phiếu không niêm yết | Số cuối năm Giá trị hợp lý
Period: cuối
Value: 494.034.493
Note ref: V.2a
---
Table: THUYẾT MINH BÁO CÁO TÀI CHÍNH
Item: Cổ phiếu không niêm yết | Số đầu năm Giá trị hợp lý
Period: đầu
Value: 494.034.493
Note ref: V.2a
---
Table: THUYẾT MINH BÁO CÁO TÀI CHÍNH
Item: Ngân hàng TMCP Việt Nam Thịnh Vượng | Số cuối năm Giá trị hợp lý
Period: cuối
Value: 1.939.200
Note ref: V.2a
---
Table: THUYẾT MINH BÁO CÁO TÀI CHÍNH
Item: Thuyết minh báo cáo tài chính
Value: Dự phòng giảm giá chứng khoán kinh doanh được lập cho từng loại chứng khoán được mua bán trên thị trường và có giá trị hợp lý thấp hơn giá gốc. Giá trị hợp lý của chứng khoán kinh doanh được xác định như sau:
---
Table: THUYẾT MINH BÁO CÁO TÀI CHÍNH
Item: Ngân hàng TMCP Việt Nam Thịnh Vượng | Số đầu năm Giá trị hợp lý
Period: đầu
Value: 1.939.200
Note ref: V.2a
---
Table: THUYẾT MINH BÁO CÁO TÀI CHÍNH
Item: Thuyết minh báo cáo tài chính
Value: Dự phòng tổn thất cho các khoản đầu tư vào công cụ vốn của đơn vị khác được trích lập như sau: Đối với khoản đầu tư vào cổ phiếu niêm yết hoặc giá trị hợp lý khoản đầu tư được xác định tin cậy, việc lập dự phòng dựa trên giá trị thị trường của cổ phiếu. Đối với khoản đầu tư không xác định được giá trị hợp lý tại thời điểm báo cáo, việc lập dự phòng được thực hiện căn cứ vào khoản lỗ của bên được đầu tư với mức trích lập bằng chênh lệch giữa vốn đầu tư thực tế của các chủ sở hữu và vốn chủ sở hữu tại ngày kết thúc năm tài chính nhân với tỷ lệ vốn điều lệ của Công ty so với tổng vốn điều lệ thực góp tại đơn vị khác.
---
Table: THUYẾT MINH BÁO CÁO TÀI CHÍNH
Subheading: 2a. Chứng khoán kinh doanh
Item: Công ty Cổ phần Chứng khoán Châu Á - Thái Bình Dương | Số cuối năm Giá trị hợp lý
Period: cuối
Value: 1.213.550.000
Note ref: V.2a
---
Table: THUYẾT MINH BÁO CÁO TÀI CHÍNH
Item: Thuyết minh báo cáo tài chính
Value: Theo quy định tại Chuẩn mực Kế toán Việt Nam số 05 ""Bất động sản đầu tư"", giá trị hợp lý của bất động sản đầu tư tại ngày kết thúc năm tài chính cần phải được trình bày. Tuy nhiên, Công ty hiện chưa xác định được giá trị hợp lý của các bất động sản đầu tư do chưa tìm được công ty định giá phù hợp để thực hiện công việc này.
---
Table: THUYẾT MINH BÁO CÁO TÀI CHÍNH
Item: Thuyết minh báo cáo tài chính
Value: Khi tài sản cố định hữu hình được bán hay thanh lý, nguyên giá và giá trị hao mòn lũy kế được xóa sổ và lãi, lỗ phát sinh do thanh lý được ghi nhận vào thu nhập hay chi phí trong năm.
---
Table: THUYẾT MINH BÁO CÁO TÀI CHÍNH
Subheading: 2a. Chứng khoán kinh doanh
Item: Công ty Cổ phần Chứng khoán Châu Á - Thái Bình Dương | Số đầu năm Giá trị hợp lý
Period: đầu
Value: 1.250.890.000
Note ref: V.2a
---
Table: THUYẾT MINH BÁO CÁO TÀI CHÍNH
Subheading: 2a. Chứng khoán kinh doanh
Item: Cổ phiếu niêm yết | Số cuối năm Giá trị hợp lý
Period: cuối
Value: 1.215.489.200
Note ref: V.2a
---
Table: THUYẾT MINH BÁO CÁO TÀI CHÍNH
Subheading: 2a. Chứng khoán kinh doanh
Item: Cổ phiếu niêm yết | Số đầu năm Giá trị hợp lý
Period: đầu
Value: 1.252.829.200
Note ref: V.2a
---
Table: THUYẾT MINH BÁO CÁO TÀI CHÍNH
Item: Thuyết minh báo cáo tài chính
Value: 15. Chi phí đi vay Chi phí đi vay bao gồm lãi tiền vay và các chi phí khác phát sinh liên quan trực tiếp đến các khoản vay. Chi phí đi vay được ghi nhận vào chi phí khi phát sinh. Trường hợp chi phí đi vay liên quan trực tiếp đến việc đầu tư xây dựng hoặc sản xuất tài sản dở dang cần có một thời gian đủ dài (trên 12 tháng) để có thể đưa vào sử dụng theo mục đích định trước hoặc bán thì chi phí đi vay này được tính vào giá trị của tài sản đó. Đối với khoản vay riêng phục vụ việc xây dựng tài sản cố định, bất động sản đầu tư, lãi vay được vốn hóa kể cả khi thời gian xây dựng dưới 12 tháng. Các khoản thu nhập phát sinh từ việc đầu tư tạm thời các khoản vay được ghi giảm nguyên giá tài sản có liên quan. Đối với các khoản vốn vay chung trong đó có sử dụng cho mục đích đầu tư xây dựng hoặc sản xuất tài sản dở dang thì chi phí đi vay vốn hóa được xác định theo tỷ lệ vốn hóa đối với chi phí lũy kế bình quân gia quyền phát sinh cho việc đầu tư xây dựng cơ bản hoặc sản xuất tài sản đó. Tỷ lệ vốn hóa được tính theo tỷ lệ lãi suất bình quân gia quyền của các khoản vay chưa trả trong năm, ngoại trừ các khoản vay riêng biệt phục vụ cho mục đích hình thành một tài sản cụ thể.
---
Table: THUYẾT MINH BÁO CÁO TÀI CHÍNH
Item: Thuyết minh báo cáo tài chính
Value: 13. Phân phối lợi nhuận Lợi nhuận sau thuế thu nhập doanh nghiệp được phân phối cho các cổ đông sau khi đã trích lập các quỹ theo Điều lệ của Công ty cũng như các quy định của pháp luật và đã được Đại hội đồng cổ đông phê duyệt. Việc phân phối lợi nhuận cho các cổ đông được cân nhắc đến các khoản mục phi tiền tệ nằm trong lợi nhuận sau thuế chưa phân phối có thể ảnh hưởng đến luồng tiền và khả năng chi trả cổ tức như lãi do đánh giá lại tài sản mang đi góp vốn, lãi do đánh giá lại các khoản mục tiền tệ, các công cụ tài chính và các khoản mục phi tiền tệ khác. Cổ tức được ghi nhận là nợ phải trả khi được Đại hội đồng cổ đông phê duyệt.
---
Table: THUYẾT MINH BÁO CÁO TÀI CHÍNH
Item: Thuyết minh báo cáo tài chính
Value: Thặng dư vốn cổ phần Thặng dư vốn cổ phần được ghi nhận theo số chênh lệch giữa giá phát hành và mệnh giá cổ phiếu khi phát hành lần đầu hoặc phát hành bổ sung, chênh lệch giữa giá tái phát hành và giá trị sổ sách của cổ phiếu quỹ và cấu phần vốn của trái phiếu chuyển đổi khi đáo hạn. Chi phí trực tiếp liên quan đến việc phát hành bổ sung cổ phiếu và tái phát hành cổ phiếu quỹ được ghi giảm thặng dư vốn cổ phần.
---
Table: THUYẾT MINH BÁO CÁO TÀI CHÍNH
Item: Thuyết minh báo cáo tài chính
Value: Doanh thu cho thuê tài sản hoạt động Doanh thu cho thuê tài sản hoạt động được ghi nhận theo phương pháp đường thẳng trong suốt thời gian cho thuê. Trường hợp thời gian cho thuê chiếm trên 90% thời gian sử dụng hữu ích của tài sản, doanh thu được ghi nhận một lần đối với toàn bộ số tiền cho thuê nhận trước nếu thỏa mãn đồng thời các điều kiện sau: Bên đi thuê không có quyền hủy ngang hợp đồng thuê và Công ty không có nghĩa vụ phải trả lại số tiền đã nhận trước trong mọi trường hợp và dưới mọi hình thức. Số tiền nhận trước từ việc cho thuê không nhỏ hơn 90% tổng số tiền cho thuê dự kiến thu được theo hợp đồng trong suốt thời hạn cho thuê và bên đi thuê phải thanh toán toàn bộ số tiền thuê trong vòng 12 tháng kể từ thời điểm khởi đầu thuê tài sản. Hầu như toàn bộ rủi ro và lợi ích gắn liền với quyền sở hữu tài sản thuê đã chuyển giao cho bên đi thuê. Giá vốn của hoạt động cho thuê được ước tính tương đối đầy đủ.
---
Table: THUYẾT MINH BÁO CÁO TÀI CHÍNH
Item: Thuyết minh báo cáo tài chính
Value: như chi phí liên quan đến việc sửa chữa tài sản cố định đang thực hiện. Các tài sản này được ghi nhận theo giá gốc và không được tính khấu hao.
---
Table: THUYẾT MINH BÁO CÁO TÀI CHÍNH
Item: Thuyết minh báo cáo tài chính
Value: 11. Các khoản nợ phải trả và chi phí phải trả Các khoản nợ phải trả và chi phí phải trả được ghi nhận cho số tiền phải trả trong tương lai liên quan đến hàng hóa và dịch vụ đã nhận được. Chi phí phải trả được ghi nhận dựa trên các ước tính hợp lý về số tiền phải trả. Việc phân loại các khoản phải trả là phải trả người bán, chi phí phải trả, và phải trả khác được thực hiện theo nguyên tắc sau: Phải trả người bán phản ánh các khoản phải trả mang tính chất thương mại phát sinh từ giao dịch mua hàng hóa, dịch vụ, tài sản và người bán là đơn vị độc lập với Công ty. Chi phí phải trả phản ánh các khoản phải trả cho hàng hóa, dịch vụ đã nhận được từ người bán hoặc đã cung cấp cho người mua nhưng chưa chi trả do chưa có hóa đơn hoặc chưa đủ hồ sơ, tài liệu kế toán và các khoản phải trả cho người lao động về tiền lương nghỉ phép, các khoản chi phí sản xuất, kinh doanh phải trích trước. Phải trả khác phản ánh các khoản phải trả không có tính thương mại, không liên quan đến giao dịch mua, bán, cung cấp hàng hóa dịch vụ. Các khoản nợ phải trả và chi phí phải trả được phân loại ngắn hạn và dài hạn trên Bảng cân đối kế toán căn cứ theo kỳ hạn còn lại tại ngày kết thúc năm tài chính.
---
Table: THUYẾT MINH BÁO CÁO TÀI CHÍNH
Item: Thuyết minh báo cáo tài chính
Value: Doanh thu cung cấp dịch vụ Doanh thu của giao dịch về cung cấp dịch vụ được ghi nhận khi kết quả của giao dịch đó được xác định một cách đáng tin cậy. Trường hợp giao dịch về cung cấp dịch vụ liên quan nhiều kỳ thì doanh thu được ghi nhận trong kỳ theo kết quả phần công việc đã hoàn thành tại ngày của Bảng cân đối kế toán của kỳ đó. Kết quả của giao dịch cung cấp dịch vụ được xác định khi thỏa mãn tất cả bốn (4) điều kiện sau: Doanh thu được xác định tương đối chắc chắn Có khả năng thu được lợi ích kinh tế từ giao dịch cung cấp dịch vụ đó. Xác định được phần công việc đã hoàn thành tại ngày của Bảng cân đối kế toán; và Xác định được chi phí phát sinh cho giao dịch và chi phí để hoàn thành giao dịch cung cấp dịch vụ đó.
---
Table: THUYẾT MINH BÁO CÁO TÀI CHÍNH
Item: Thuyết minh báo cáo tài chính | Chuyển từ tài sản cố định hữu hình
Value: Nguyên giá: Chuyển từ tài sản cố định hữu hình | Cơ sở hạ tầng: 178.321.426.654 | Cộng: 178.321.426.654
---
Table: THUYẾT MINH BÁO CÁO TÀI CHÍNH
Item: Thuyết minh báo cáo tài chính | Chuyển từ tài sản cố định hữu hình
Value: Nguyên giá: Chuyển từ tài sản cố định hữu hình | Nhà: 2.075.338.474 | Cơ sở hạ tầng: 3.822.455.963 | Cộng: 5.897.794.437
---
Table: THUYẾT MINH BÁO CÁO TÀI CHÍNH
Item: Thuyết minh báo cáo tài chính
Value: Hàng tồn kho được ghi nhận theo giá thấp hơn giữa giá gốc và giá trị thuần có thể thực hiện được.",1,,48742,10903,0.3333333333333333,0.7565519066111349,0.23888888888092594,0.0
195,Tổng chi phí xây dựng cơ bản dở dang cuối kỳ là bao nhiêu VND?,"Tổng chi phí xây dựng cơ bản dở dang cuối kỳ là 66.493.520.213 VND (theo mục ""Cộng | Số cuối kỳ"" trong BẢNG CÂN ĐỐI KẾ TOÁN).",Tổng chi phí xây dựng cơ bản dở dang cuối kỳ là 66.493.520.213 VND.,4,"Table: THUYẾT MINH BÁO CÁO TÀI CHÍNH
Subheading: 12. Chi phí xây dựng cơ bản dở dang — Là chương trình phần mềm, chi tiết như sau:
Item: Cộng | Số cuối kỳ
Period: cuối
Value: 66.493.520.213
Note ref: V.12
---
Table: THUYẾT MINH BÁO CÁO TÀI CHÍNH
Subheading: 12. Chi phí xây dựng cơ bản dở dang — Là chương trình phần mềm, chi tiết như sau:
Item: Các dự án khác | Số cuối kỳ
Period: cuối
Value: 7.792.882.942
Note ref: V.12
---
Table: THUYẾT MINH BÁO CÁO TÀI CHÍNH
Subheading: 12. Chi phí xây dựng cơ bản dở dang — Là chương trình phần mềm, chi tiết như sau:
Item: Dự án Trung tâm thương mại Thái Nguyên | Số cuối kỳ
Period: cuối
Value: 58.700.637.271
Note ref: V.12
---
Table: THUYẾT MINH BÁO CÁO TÀI CHÍNH
Subheading: 7. Hàng tồn kho
Item: Chi phí sản xuất, kinh doanh dở dang | Số cuối kỳ
Period: cuối
Value: 293.925.078.259
Note ref: V.7",1,,16111,8991,0.5,0.9669116947329993,0.9999999999,1.0
196,Tổng phải trả người bán ngắn hạn cuối kỳ là bao nhiêu VND?,Tổng phải trả người bán ngắn hạn cuối kỳ là 71.005.972.408 VND.,Tổng phải trả người bán ngắn hạn cuối kỳ là 71.005.972.408 VND.,5,"Table: THUYẾT MINH BÁO CÁO TÀI CHÍNH
Subheading: 13. Phải trả người bán ngắn hạn
Item: Cộng | Số cuối kỳ
Period: cuối
Value: 71.005.972.408
Note ref: V.13
---
Table: THUYẾT MINH BÁO CÁO TÀI CHÍNH
Subheading: 13. Phải trả người bán ngắn hạn
Item: Phải trả các bên liên quan | Số cuối kỳ
Period: cuối
Value: 44.740.534.882
Note ref: V.13
---
Table: THUYẾT MINH BÁO CÁO TÀI CHÍNH
Subheading: 13. Phải trả người bán ngắn hạn
Item: Phải trả các nhà cung cấp khác | Số cuối kỳ
Period: cuối
Value: 26.265.437.526
Note ref: V.13
---
Table: THUYẾT MINH BÁO CÁO TÀI CHÍNH
Subheading: 13. Phải trả người bán ngắn hạn
Item: Các nhà cung cấp khác | Số cuối kỳ
Period: cuối
Value: 26.265.437.526
Note ref: V.13
---
Table: THUYẾT MINH BÁO CÁO TÀI CHÍNH
Subheading: 13. Phải trả người bán ngắn hạn
Item: Công ty CP Tập Đoàn APEC GROUP | Số cuối kỳ
Period: cuối
Value: 234.935.072
Note ref: V.13",1,,12922,7075,1.0,0.976523796705461,0.9999999999,1.0
197,Dự án nào có người mua trả tiền trước ngắn hạn giảm mạnh nhất từ đầu năm đến cuối kỳ?,"Dựa trên số liệu hiện có:
- **Dự án giảm mạnh nhất:** Dự án Phú Yên
  - Số đầu năm: 146.477.845.146 đ (BẢNG CÂN ĐỐI KẾ TOÁN / Thuyết minh 14)
  - Số cuối kỳ: 71.075.343.687 đ (BẢNG CÂN ĐỐI KẾ TOÁN / Thuyết minh 14)
  - Giảm: 75.402.501.459 đ
  - Tỷ lệ giảm: ≈ 51.5 %

*Nhận xét*:
- Dự án Phú Yên có mức giảm tiền mua trả trước ngắn hạn lớn nhất, hơn 75 tỷ đồng, tương đương giảm hơn 50 % so với đầu năm, cho thấy tiến độ thu tiền từ khách hàng dự án này đã giảm đáng kể trong kỳ.
- Các dự án khác (Đa hội, Mũi Né) chỉ giảm ít hoặc không giảm, trong khi Apec Aquapark Bắc Giang thậm chí tăng, nên không nằm trong danh sách giảm mạnh.

**Kết luận tổng thể**:
Dự án Phú Yên là dự án có sự giảm mạnh nhất về người mua trả tiền trước ngắn hạn, giảm 51.5 % so với đầu năm, cần lưu ý trong việc quản lý thu tiền.","Dự án Phú Yên có người mua trả tiền trước ngắn hạn giảm mạnh nhất từ 146.477.845.146 VND đầu năm xuống 71.075.343.687 VND cuối kỳ, giảm 75.402.501.459 VND.",24,"Table: THUYẾT MINH BÁO CÁO TÀI CHÍNH
Subheading: 14. Người mua trả tiền trước ngắn hạn — Là khoản trả trước theo tiến độ của các khách hàng dự án Bất động sản, bao gồm:
Item: Cộng | Số cuối kỳ
Period: cuối
Value: 101.716.698.889
Note ref: V.14
---
Table: THUYẾT MINH BÁO CÁO TÀI CHÍNH
Subheading: 14. Người mua trả tiền trước ngắn hạn — Là khoản trả trước theo tiến độ của các khách hàng dự án Bất động sản, bao gồm:
Item: Cộng | Số đầu năm
Period: đầu
Value: 175.052.735.650
Note ref: V.14
---
Table: THUYẾT MINH BÁO CÁO TÀI CHÍNH
Subheading: 14. Người mua trả tiền trước ngắn hạn — Là khoản trả trước theo tiến độ của các khách hàng dự án Bất động sản, bao gồm:
Item: Dự án Đa hội | Số cuối kỳ
Period: cuối
Value: 4.773.842.332
Note ref: V.14
---
Table: THUYẾT MINH BÁO CÁO TÀI CHÍNH
Subheading: 14. Người mua trả tiền trước ngắn hạn — Là khoản trả trước theo tiến độ của các khách hàng dự án Bất động sản, bao gồm:
Item: Dự án Đa hội | Số đầu năm
Period: đầu
Value: 4.773.842.332
Note ref: V.14
---
Table: THUYẾT MINH BÁO CÁO TÀI CHÍNH
Subheading: 14. Người mua trả tiền trước ngắn hạn — Là khoản trả trước theo tiến độ của các khách hàng dự án Bất động sản, bao gồm:
Item: Dự án Phú Yên | Số cuối kỳ
Period: cuối
Value: 71.075.343.687
Note ref: V.14
---
Table: THUYẾT MINH BÁO CÁO TÀI CHÍNH
Item: Thuyết minh 14: Người mua trả tiền trước ngắn hạn | Dự án Phú Yên
Value: Số cuối kỳ: 71.075.343.687 | Số đầu năm: 146.477.845.146
---
Table: THUYẾT MINH BÁO CÁO TÀI CHÍNH
Item: Thuyết minh 14: Người mua trả tiền trước ngắn hạn | Dự án Đa hội
Value: Số cuối kỳ: 4.773.842.332 | Số đầu năm: 4.773.842.332
---
Table: THUYẾT MINH BÁO CÁO TÀI CHÍNH
Item: Thuyết minh 14: Người mua trả tiền trước ngắn hạn | Dự án Mũi Né
Value: Số cuối kỳ: 513.203.706 | Số đầu năm: 13.812.280.739
---
Table: THUYẾT MINH BÁO CÁO TÀI CHÍNH
Item: Thuyết minh 14: Người mua trả tiền trước ngắn hạn | Dự án Apec Aquapark Bắc Giang
Value: Số cuối kỳ: 25.354.309.164 | Số đầu năm: 9.988.767.433
---
Table: THUYẾT MINH BÁO CÁO TÀI CHÍNH
Item: Thuyết minh 14: Người mua trả tiền trước ngắn hạn | Cộng
Value: Số cuối kỳ: 101.716.698.889 | Số đầu năm: 175.052.735.650
---
Table: THUYẾT MINH BÁO CÁO TÀI CHÍNH
Subheading: 14. Người mua trả tiền trước ngắn hạn — Là khoản trả trước theo tiến độ của các khách hàng dự án Bất động sản, bao gồm:
Item: Dự án Mũi Né | Số cuối kỳ
Period: cuối
Value: 513.203.706
Note ref: V.14
---
Table: THUYẾT MINH BÁO CÁO TÀI CHÍNH
Subheading: 14. Người mua trả tiền trước ngắn hạn — Là khoản trả trước theo tiến độ của các khách hàng dự án Bất động sản, bao gồm:
Item: Dự án Apec Aquapark Bắc Giang | Số cuối kỳ
Period: cuối
Value: 25.354.309.164
Note ref: V.14
---
Table: THUYẾT MINH BÁO CÁO TÀI CHÍNH
Subheading: 14. Người mua trả tiền trước ngắn hạn — Là khoản trả trước theo tiến độ của các khách hàng dự án Bất động sản, bao gồm:
Item: Dự án Mũi Né | Số đầu năm
Period: đầu
Value: 13.812.280.739
Note ref: V.14
---
Table: THUYẾT MINH BÁO CÁO TÀI CHÍNH
Subheading: 14. Người mua trả tiền trước ngắn hạn — Là khoản trả trước theo tiến độ của các khách hàng dự án Bất động sản, bao gồm:
Item: Dự án Phú Yên | Số đầu năm
Period: đầu
Value: 146.477.845.146
Note ref: V.14
---
Table: THUYẾT MINH BÁO CÁO TÀI CHÍNH
Subheading: 14. Người mua trả tiền trước ngắn hạn — Là khoản trả trước theo tiến độ của các khách hàng dự án Bất động sản, bao gồm:
Item: Dự án Apec Aquapark Bắc Giang | Số đầu năm
Period: đầu
Value: 9.988.767.433
Note ref: V.14
---
Table: THUYẾT MINH BÁO CÁO TÀI CHÍNH
Item: Thuyết minh 14: Người mua trả tiền trước ngắn hạn
Value: Là khoản trả trước theo tiến độ của các khách hàng dự án Bất động sản, bao gồm:
---
Table: THUYẾT MINH BÁO CÁO TÀI CHÍNH
Subheading: 4. Trả trước cho người bán ngắn hạn
Item: Cộng | Số cuối kỳ
Period: cuối
Value: 11.748.605.329
Note ref: V.4
---
Table: THUYẾT MINH BÁO CÁO TÀI CHÍNH
Subheading: 4. Trả trước cho người bán ngắn hạn
Item: Cộng | Số đầu năm
Period: đầu
Value: 17.709.353.952
Note ref: V.4
---
Table: THUYẾT MINH BÁO CÁO TÀI CHÍNH
Subheading: 4. Trả trước cho người bán ngắn hạn
Item: Trả trước cho nhà cung cấp | Số cuối kỳ
Period: cuối
Value: 11.748.605.329
Note ref: V.4
---
Table: THUYẾT MINH BÁO CÁO TÀI CHÍNH
Subheading: 4. Trả trước cho người bán ngắn hạn
Item: Trả trước cho nhà cung cấp | Số đầu năm
Period: đầu
Value: 17.709.353.952
Note ref: V.4
---
Table: THUYẾT MINH BÁO CÁO TÀI CHÍNH
Item: Thuyết minh 4: Trả trước cho người bán ngắn hạn | Cộng
Value: Số cuối kỳ: 11.748.605.329 | Số đầu năm: 17.709.353.952
---
Table: THUYẾT MINH BÁO CÁO TÀI CHÍNH
Subheading: 5. Chi phí tài chính
Item: Dự phòng tổn thất đầu tư, Dự phòng giảm giá chứng khoán kinh doanh | Luỹ kế từ đầu năm đến cuối kỳ này Năm trước
Value: 14.384.270.936
Note ref: V.5
---
Table: THUYẾT MINH BÁO CÁO TÀI CHÍNH
Subheading: 6. Chi phí bán hàng
Item: Chi phí dịch vụ mua ngoài | Luỹ kế từ đầu năm đến cuối kỳ này Năm trước
Value: 23.745.196.692
Note ref: V.6
---
Table: THUYẾT MINH BÁO CÁO TÀI CHÍNH
Subheading: 8. Thu nhập khác
Item: Thu nhập khác | Luỹ kế từ đầu năm đến cuối kỳ này Năm trước
Value: 4.296.727.076
Note ref: V.8",1,,312167,21057,1.0,0.9170013932008477,0.24920634919804233,1.0
198,So sánh phải trả CTCP Tập đoàn Apec cuối kỳ với đầu năm.,"Phải trả ngắn hạn khác của CTCP Tập đoàn Apec ở cuối kỳ là 3.010.459.022, trong khi ở đầu năm là 35.240.039.","Phải trả CTCP Tập đoàn Apec cuối kỳ là 234.935.072 VND, còn đầu năm là 1.624.629.768 VND. Khoản này đã giảm đáng kể.",5,"Table: THUYẾT MINH BÁO CÁO TÀI CHÍNH
Item: 17a. Phải trả ngắn hạn khác | Các khoản phải trả ngắn hạn khác
Value: Số cuối kỳ: 3.010.459.022 | Số đầu năm: 35.240.039
---
Table: THUYẾT MINH BÁO CÁO TÀI CHÍNH
Subheading: 17a. Phải trả ngắn hạn khác
Item: Các khoản phải trả ngắn hạn khác | Số cuối kỳ
Period: cuối
Value: 3.010.459.022
Note ref: V.17a
---
Table: THUYẾT MINH BÁO CÁO TÀI CHÍNH
Subheading: 17a. Phải trả ngắn hạn khác
Item: Các khoản phải trả ngắn hạn khác | Số đầu năm
Period: đầu
Value: 35.240.039
Note ref: V.17a
---
Table: THUYẾT MINH BÁO CÁO TÀI CHÍNH
Subheading: 17a. Phải trả ngắn hạn khác
Item: Cộng | Số cuối kỳ
Period: cuối
Value: 153.679.202.110
Note ref: V.17a
---
Table: THUYẾT MINH BÁO CÁO TÀI CHÍNH
Subheading: 17a. Phải trả ngắn hạn khác
Item: Kinh phí công đoàn | Số cuối kỳ
Period: cuối
Value: 248.034.488
Note ref: V.17a",1,,43171,9543,1.0,0.8153815233222894,0.0,0.0
199,Đánh giá rủi ro tài chính của công ty khi chi phí xây dựng cơ bản dở dang không thay đổi trong kỳ.,"Dựa trên số liệu hiện có:

**2. Thanh khoản và an toàn tài chính**
- **Chi phí xây dựng cơ bản dở dang (cộng) cuối kỳ**: 66.493.520.213 đồng (BẢNG CÂN ĐỐI KẾ TOÁN)
- **Tiền và các khoản tương đương tiền cuối kỳ**: 97.964.405.114 đồng (BẢNG CÂN ĐỐI KẾ TOÁN)
- **Nợ ngắn hạn cuối kỳ**: 566.994.110.452 đồng (BẢNG CÂN ĐỐI KẾ TOÁN)
- **Nợ dài hạn cuối kỳ**: 211.455.297.112 đồng (BẢNG CÂN ĐỐI KẾ TOÁN)
- **Vốn chủ sở hữu cuối kỳ**: 884.244.721.299 đồng (BẢNG CÂN ĐỐI KẾ TOÁN)
- **Lỗ ròng trong kỳ**: 10.849.716.013 đồng (BẢNG CÂN ĐỐI KẾ TOÁN)

*Nhận xét*:
- Chi phí xây dựng dở dang chiếm khoảng **68 %** tiền và các khoản tương đương tiền (66.493.520.213 ÷ 97.964.405.114), cho thấy một phần lớn tài sản đang “đóng băng” trong dự án chưa hoàn thiện, làm giảm khả năng chuyển đổi nhanh sang tiền mặt.
- **Debt‑to‑Equity** ≈ 0,88, tức là nợ (ngắn hạn + dài hạn) gần bằng vốn chủ sở hữu; kết hợp với lỗ ròng, áp lực tài chính tăng lên.
- Tiền so với nợ ngắn hạn chỉ khoảng **0,17** (97.964.405.114 ÷ 566.994.110.452), cho thấy khả năng thanh toán ngắn hạn kém nếu không có các tài sản lưu động khác (phải thu, tồn kho).
- Thiếu dữ liệu về **tổng tài sản ngắn hạn** và **các khoản phải thu, hàng tồn kho** nên không thể tính đầy đủ Current Ratio, Quick Ratio, hay Cash Ratio.

**3. Dòng tiền**
- **Chi phí xây dựng cơ bản dở dang** không thay đổi trong kỳ (giá trị đầu và cuối kỳ giống nhau): 66.493.520.213 đồng (BẢNG CÂN ĐỐI KẾ TOÁN).
- **Lưu chuyển tiền thuần từ hoạt động kinh doanh (CFO)**: 36.158.929.436 đồng (dương) – công ty tạo ra tiền từ hoạt động cốt lõi (BÁO CÁO LƯU CHUYỂN TIỀN TỆ).
- **Lưu chuyển tiền thuần từ hoạt động đầu tư (CFI)**: 40.218.532.929 đồng (dương) – không phản ánh chi tiêu lớn cho đầu tư tài sản dài hạn, có thể do thu hồi vốn hoặc bán tài sản (BÁO CÁO LƯU CHUYỂN TIỀN TỆ).
- **Lưu chuyển tiền thuần từ hoạt động tài chính (CFF)**: (38.988.400.000) đồng (âm) – công ty đang trả nợ hoặc chi trả cổ tức (BÁO CÁO LƯU CHUYỂN TIỀN TỆ).

*Nhận xét*:
- Chi phí xây dựng không tăng cho thấy dự án có khả năng bị trì hoãn hoặc không phát sinh chi phí mới, trong khi **CFI dương** cho thấy không có chi tiêu thực tế cho tài sản dài hạn; nếu thực tế CAPEX lớn hơn CFI, công ty có thể đang tài trợ dự án bằng vay nợ (CFF âm) → tăng rủi ro tài chính.
- Dòng tiền hoạt động mạnh (CFO dương) hỗ trợ thanh khoản ngắn hạn, nhưng thiếu thông tin **lợi nhuận sau thuế** và **CAPEX thực tế** khiến khó đánh giá khả năng duy trì dòng tiền dương trong dài hạn.

**Kết luận tổng thể**
- Khi chi phí xây dựng cơ bản dở dang không thay đổi, công ty duy trì một khoản tài sản “đóng băng” lớn, giảm thanh khoản và làm tăng áp lực tài chính, đặc biệt trong bối cảnh lợi nhuận âm và nợ cao.
- Dòng tiền hoạt động dương giúp giảm bớt áp lực ngắn hạn, nhưng việc không có chi tiêu đầu tư thực tế (CFI dương) và thiếu thông tin về CAPEX và lợi nhuận sau thuế tạo ra rủi ro tiềm ẩn về khả năng hoàn thiện dự án và trả nợ trong tương lai.
- Để đánh giá rủi ro đầy đủ, cần bổ sung dữ liệu về tổng tài sản ngắn hạn, chi tiết các khoản phải thu/hàng tồn kho, và lợi nhuận sau thuế.","Việc chi phí xây dựng cơ bản dở dang không thay đổi trong kỳ (duy trì ở mức 66.493.520.213 VND) cho thấy các dự án xây dựng liên quan (như Dự án Thái Nguyên Plaza và Các dự án khác) đã không có bất kỳ tiến độ nào về mặt chi phí trong kỳ. Điều này tiềm ẩn rủi ro tài chính đáng kể:\n-   **Vốn bị đình trệ:** Một lượng lớn vốn (66,49 tỷ VND) bị kẹt trong các dự án không phát triển, không tạo ra doanh thu hay lợi nhuận.\n-   **Chi phí ẩn:** Có thể phát sinh các chi phí khác liên quan đến việc duy trì hoặc bảo quản các dự án bị đình trệ (ví dụ: chi phí quản lý, bảo vệ) mà không được phản ánh trực tiếp trong khoản mục này.\n-   **Mất cơ hội:** Vốn có thể được sử dụng hiệu quả hơn cho các dự án khác hoặc hoạt động kinh doanh sinh lời khác.\n-   **Rủi ro hoàn thành dự án:** Việc đình trệ kéo dài có thể làm tăng rủi ro về chi phí hoàn thành, thời gian và khả năng sinh lời của dự án khi tiếp tục.  \nĐây là một dấu hiệu không tích cực về quản lý dự án và sử dụng vốn.",32,"Table: THUYẾT MINH BÁO CÁO TÀI CHÍNH
Subheading: 12. Chi phí xây dựng cơ bản dở dang — Là chương trình phần mềm, chi tiết như sau:
Item: Cộng | Số cuối kỳ
Period: cuối
Value: 66.493.520.213
Note ref: V.12
---
Table: THUYẾT MINH BÁO CÁO TÀI CHÍNH
Subheading: 12. Chi phí xây dựng cơ bản dở dang — Là chương trình phần mềm, chi tiết như sau:
Item: Cộng | Số đầu năm
Period: đầu
Value: 66.493.520.213
Note ref: V.12
---
Table: THUYẾT MINH BÁO CÁO TÀI CHÍNH
Subheading: 12. Chi phí xây dựng cơ bản dở dang — Là chương trình phần mềm, chi tiết như sau:
Item: Các dự án khác | Số cuối kỳ
Period: cuối
Value: 7.792.882.942
Note ref: V.12
---
Table: THUYẾT MINH BÁO CÁO TÀI CHÍNH
Subheading: 12. Chi phí xây dựng cơ bản dở dang — Là chương trình phần mềm, chi tiết như sau:
Item: Dự án Trung tâm thương mại Thái Nguyên | Số cuối kỳ
Period: cuối
Value: 58.700.637.271
Note ref: V.12
---
Table: THUYẾT MINH BÁO CÁO TÀI CHÍNH
Subheading: 12. Chi phí xây dựng cơ bản dở dang — Là chương trình phần mềm, chi tiết như sau:
Item: Các dự án khác | Số đầu năm
Period: đầu
Value: 7.792.882.942
Note ref: V.12
---
Table: THUYẾT MINH BÁO CÁO TÀI CHÍNH
Item: Thuyết minh 10: Chi phí xây dựng cơ bản dở dang
Value: Chi phí xây dựng cơ bản dở dang phản ánh các chi phí liên quan trực tiếp (bao gồm cả chi phí lãi vay có liên quan phù hợp với chính sách kế toán của Công ty) đến các tài sản đang trong quá trình xây dựng, máy móc thiết bị đang lắp đặt để phục vụ cho mục đích sản xuất, cho thuê và quản lý cũng
---
Table: THUYẾT MINH BÁO CÁO TÀI CHÍNH
Item: Thuyết minh 10: Chi phí xây dựng cơ bản dở dang
Value: CÔNG TY CỔ PHẦN ĐẦU TƯ CHÂU Á – THÁI BÌNH DƯƠNG QUÝ IV/2024
---
Table: THUYẾT MINH BÁO CÁO TÀI CHÍNH
Subheading: 1. Tiền và các khoản tương đương tiền
Item: Cộng | Số cuối năm
Period: cuối
Value: 97.964.405.114
Note ref: V.1
---
Table: THUYẾT MINH BÁO CÁO TÀI CHÍNH
Subheading: 1. Tiền và các khoản tương đương tiền
Item: Cộng | Số đầu năm
Period: đầu
Value: 60.575.342.749
Note ref: V.1
---
Table: THUYẾT MINH BÁO CÁO TÀI CHÍNH
Subheading: 1. Tiền và các khoản tương đương tiền
Item: Tiền gửi ngân hàng không kỳ hạn | Số cuối năm
Period: cuối
Value: 17.830.416.837
Note ref: V.1
---
Table: THUYẾT MINH BÁO CÁO TÀI CHÍNH
Subheading: 1. Tiền và các khoản tương đương tiền
Item: Tiền gửi ngân hàng không kỳ hạn | Số đầu năm
Period: đầu
Value: 18.346.624.260
Note ref: V.1
---
Table: THUYẾT MINH BÁO CÁO TÀI CHÍNH
Subheading: 1. Tiền và các khoản tương đương tiền
Item: Tiền gửi tại công ty chứng khoán | Số cuối năm
Period: cuối
Value: 109.902.610
Note ref: V.1
---
Table: BẢNG CÂN ĐỐI KẾ TOÁN
Subheading: Tổng nợ ngắn hạn
Item: I. Nợ ngắn hạn | Số cuối năm
Period: cuối
Value: 566.994.110.452
---
Table: BẢNG CÂN ĐỐI KẾ TOÁN
Subheading: Tổng nợ ngắn hạn
Item: I. Nợ ngắn hạn | Số đầu năm
Period: đầu
Value: 895.630.596.406
---
Table: THUYẾT MINH BÁO CÁO TÀI CHÍNH
Item: 18a. Vay ngắn hạn | Chuyển sang nợ vay ngắn hạn
Value: Khoản mục: Chuyển sang nợ vay ngắn hạn | Số cuối kỳ Giá trị: (19.424.900.000) | Số cuối kỳ Khả năng trả nợ: (19.424.900.000) | Trong kỳ Giảm: 19.424.900.000 | Số đầu kỳ Giá trị: - | Số đầu kỳ Khả năng trả nợ: -
---
Table: THUYẾT MINH BÁO CÁO TÀI CHÍNH
Subheading: 18a. Vay ngắn hạn
Item: a) Vay ngắn hạn | Số cuối kỳ Khả năng trả nợ
Period: cuối
Value: 156.502.422.354
Note ref: V.18a
---
Table: THUYẾT MINH BÁO CÁO TÀI CHÍNH
Subheading: 18a. Vay ngắn hạn
Item: a) Vay ngắn hạn | Số đầu kỳ Khả năng trả nợ
Period: đầu
Value: 380.475.557.454
Note ref: V.18a
---
Table: BẢNG CÂN ĐỐI KẾ TOÁN
Subheading: Tổng nợ dài hạn
Item: II. Nợ dài hạn | Số cuối năm
Period: cuối
Value: 211.455.297.112
---
Table: BẢNG CÂN ĐỐI KẾ TOÁN
Subheading: Tổng nợ dài hạn
Item: II. Nợ dài hạn | Số đầu năm
Period: đầu
Value: 115.369.440.931
---
Table: THUYẾT MINH BÁO CÁO TÀI CHÍNH
Item: 18a. Vay ngắn hạn | Kết chuyển từ vay và nợ dài hạn
Value: Khoản mục: Kết chuyển từ vay và nợ dài hạn | Số cuối kỳ Giá trị: 19.424.900.000 | Số cuối kỳ Khả năng trả nợ: 19.424.900.000 | Trong kỳ Tăng: 19.424.900.000
---
Table: THUYẾT MINH BÁO CÁO TÀI CHÍNH
Subheading: 18a. Vay ngắn hạn
Item: Kết chuyển từ vay và nợ dài hạn | Số cuối kỳ Khả năng trả nợ
Period: cuối
Value: 19.424.900.000
Note ref: V.18a
---
Table: THUYẾT MINH BÁO CÁO TÀI CHÍNH
Item: 18a. Vay ngắn hạn | b) Vay dài hạn
Value: Khoản mục: b) Vay dài hạn | Số cuối kỳ Giá trị: 165.014.900.000 | Số cuối kỳ Khả năng trả nợ: 165.014.900.000 | Trong kỳ Tăng: 114.959.800.000 | Trong kỳ Giảm: 19.424.900.000 | Số đầu kỳ Giá trị: 69.480.000.000 | Số đầu kỳ Khả năng trả nợ: 69.480.000.000
---
Table: BẢNG CÂN ĐỐI KẾ TOÁN
Subheading: Tổng vốn chủ sở hữu
Item: D - NGUỒN VỐN CHỦ SỞ HỮU | Số đầu năm
Period: đầu
Value: 895.094.437.312
---
Table: BẢNG CÂN ĐỐI KẾ TOÁN
Subheading: Tổng vốn chủ sở hữu
Item: D - NGUỒN VỐN CHỦ SỞ HỮU | Số cuối năm
Period: cuối
Value: 884.244.721.299
---
Table: THUYẾT MINH BÁO CÁO TÀI CHÍNH
Subheading: 19a. Bảng đối chiếu biến động của vốn chủ sở hữu — Kỳ trước
Item: Số đầu năm | Cộng
Value: 943.281.549.873
Note ref: V.19a
---
Table: THUYẾT MINH BÁO CÁO TÀI CHÍNH
Subheading: 19a. Bảng đối chiếu biến động của vốn chủ sở hữu — Kỳ trước
Item: Lợi nhuận trong kỳ | Cộng
Value: (48.187.112.561)
Note ref: V.19a
---
Table: THUYẾT MINH BÁO CÁO TÀI CHÍNH
Subheading: 19a. Bảng đối chiếu biến động của vốn chủ sở hữu — Kỳ này
Item: Lợi nhuận trong kỳ | Cộng
Value: (10.849.716.013)
Note ref: V.19a
---
Table: BÁO CÁO LƯU CHUYỂN TIỀN TỆ
Item: Lưu chuyển tiền thuần từ hoạt động kinh doanh | Năm nay
Value: 36.158.929.436
---
Table: BÁO CÁO LƯU CHUYỂN TIỀN TỆ
Item: Lưu chuyển tiền thuần từ hoạt động kinh doanh | Năm trước
Value: (4.379.663.565)
---
Table: BÁO CÁO LƯU CHUYỂN TIỀN TỆ
Item: Lưu chuyển tiền thuần từ hoạt động đầu tư | Năm nay
Value: 40.218.532.929
---
Table: BÁO CÁO LƯU CHUYỂN TIỀN TỆ
Item: Lưu chuyển tiền thuần từ hoạt động đầu tư | Năm trước
Value: 87.211.618.301
---
Table: THUYẾT MINH BÁO CÁO TÀI CHÍNH
Item: Thuyết minh 8: Chi phí trả trước dài hạn | Các chi phí trả trước dài hạn khác
Value: Số đầu năm: 77.774.900",1,,404811,39698,0.3103448275862069,0.5756693477419342,0.9266666666481335,0.14285714285714285
200,Phân tích tác động của việc giảm người mua trả tiền trước ngắn hạn đến dòng tiền hoạt động của công ty.,"Dựa trên số liệu hiện có:

**3. Dòng tiền**
- Người mua trả tiền trước ngắn hạn – Số đầu năm: 175.052.735.650 đ đồng (BẢNG CÂN ĐỐI KẾ TOÁN)
- Người mua trả tiền trước ngắn hạn – Số cuối kỳ: 101.716.698.889 đ đồng (BẢNG CÂN ĐỐI KẾ TOÁN)
- Giảm: 73.336.036.761 đ đồng (tính từ số đầu năm trừ số cuối kỳ)
- Lưu chuyển tiền thuần từ hoạt động kinh doanh – Năm trước: (4.379.663.565) đ đồng (BÁO CÁO LƯU CHUYỂN TIỀN TỆ)
- Lưu chuyển tiền thuần từ hoạt động kinh doanh – Năm nay: 36.158.929.436 đ đồng (BÁO CÁO LƯU CHUYỂN TIỀN TỆ)
- Tăng CFO: 40.538.593.001 đ đồng (tính từ CFO năm nay trừ CFO năm trước)

*Nhận xét*:
- Giảm 73,34 tỷ đồng trong khoản “người mua trả tiền trước ngắn hạn” cho thấy công ty đã thu hồi hoặc chuyển đổi khoản trả trước thành doanh thu và tiền mặt, làm giảm lượng tiền bị khóa trong tài sản ngắn hạn.
- CFO tăng 40,54 tỷ đồng so với năm trước, trong khi tài sản “người mua trả tiền trước” giảm 73,34 tỷ đồng. Sự giảm mạnh của khoản này chắc chắn đã đóng góp tích cực vào cải thiện dòng tiền hoạt động.
- Vì không có thông tin chi tiết về các yếu tố điều chỉnh khác trong CFO (như thay đổi hàng tồn kho, phải thu, phải trả...), không thể xác định chính xác tỷ lệ phần trăm của tăng CFO được giải thích bởi giảm người mua trả tiền trước.

**Kết luận tổng thể**
Giảm đáng kể khoản người mua trả tiền trước ngắn hạn đã giải phóng tài sản lưu động, đồng thời CFO hoạt động tăng mạnh, cho thấy cải thiện khả năng tạo tiền từ hoạt động kinh doanh. Tuy nhiên, thiếu dữ liệu chi tiết về các yếu tố khác trong CFO nên không thể định lượng chính xác mức độ ảnh hưởng của giảm khoản này tới tổng tăng CFO.","Người mua trả tiền trước ngắn hạn đã giảm mạnh từ 175.052.735.650 VND đầu năm xuống 101.716.698.889 VND cuối kỳ (giảm 73.336.036.761 VND). Khoản mục này đại diện cho tiền mà công ty nhận được từ khách hàng trước khi cung cấp hàng hóa/dịch vụ (bất động sản). Việc giảm khoản mục này có tác động tiêu cực đến dòng tiền hoạt động của công ty. Điều này có thể xảy ra khi công ty đã bàn giao sản phẩm/dịch vụ cho khách hàng, chuyển khoản tiền này thành doanh thu, hoặc khi công ty nhận ít tiền đặt cọc/trả trước hơn từ khách hàng mới. Nếu là do bàn giao sản phẩm, điều này là tích cực về doanh thu, nhưng nó có nghĩa là một nguồn tài trợ không lãi suất đã giảm đi. Nếu là do nhận ít tiền trả trước từ khách hàng mới, điều này có thể phản ánh doanh số bán hàng chậm lại hoặc thay đổi chính sách bán hàng, từ đó ảnh hưởng đến khả năng huy động vốn ngắn hạn của công ty.",11,"Table: THUYẾT MINH BÁO CÁO TÀI CHÍNH
Subheading: 14. Người mua trả tiền trước ngắn hạn — Là khoản trả trước theo tiến độ của các khách hàng dự án Bất động sản, bao gồm:
Item: Cộng | Số cuối kỳ
Period: cuối
Value: 101.716.698.889
Note ref: V.14
---
Table: THUYẾT MINH BÁO CÁO TÀI CHÍNH
Subheading: 14. Người mua trả tiền trước ngắn hạn — Là khoản trả trước theo tiến độ của các khách hàng dự án Bất động sản, bao gồm:
Item: Cộng | Số đầu năm
Period: đầu
Value: 175.052.735.650
Note ref: V.14
---
Table: THUYẾT MINH BÁO CÁO TÀI CHÍNH
Subheading: 14. Người mua trả tiền trước ngắn hạn — Là khoản trả trước theo tiến độ của các khách hàng dự án Bất động sản, bao gồm:
Item: Dự án Đa hội | Số cuối kỳ
Period: cuối
Value: 4.773.842.332
Note ref: V.14
---
Table: THUYẾT MINH BÁO CÁO TÀI CHÍNH
Subheading: 14. Người mua trả tiền trước ngắn hạn — Là khoản trả trước theo tiến độ của các khách hàng dự án Bất động sản, bao gồm:
Item: Dự án Đa hội | Số đầu năm
Period: đầu
Value: 4.773.842.332
Note ref: V.14
---
Table: THUYẾT MINH BÁO CÁO TÀI CHÍNH
Subheading: 14. Người mua trả tiền trước ngắn hạn — Là khoản trả trước theo tiến độ của các khách hàng dự án Bất động sản, bao gồm:
Item: Dự án Phú Yên | Số cuối kỳ
Period: cuối
Value: 71.075.343.687
Note ref: V.14
---
Table: THUYẾT MINH BÁO CÁO TÀI CHÍNH
Item: Thuyết minh 14: Người mua trả tiền trước ngắn hạn
Value: Là khoản trả trước theo tiến độ của các khách hàng dự án Bất động sản, bao gồm:
---
Table: THUYẾT MINH BÁO CÁO TÀI CHÍNH
Item: Thuyết minh 14: Người mua trả tiền trước ngắn hạn | Cộng
Value: Số cuối kỳ: 101.716.698.889 | Số đầu năm: 175.052.735.650
---
Table: BÁO CÁO LƯU CHUYỂN TIỀN TỆ
Item: Lưu chuyển tiền thuần từ hoạt động kinh doanh | Năm trước
Value: (4.379.663.565)
---
Table: BÁO CÁO LƯU CHUYỂN TIỀN TỆ
Item: Lưu chuyển tiền thuần từ hoạt động kinh doanh | Năm nay
Value: 36.158.929.436
---
Table: THUYẾT MINH BÁO CÁO TÀI CHÍNH
Item: Thuyết minh 14: Người mua trả tiền trước ngắn hạn | Dự án Đa hội
Value: Số cuối kỳ: 4.773.842.332 | Số đầu năm: 4.773.842.332
---
Table: THUYẾT MINH BÁO CÁO TÀI CHÍNH
Subheading: 14. Người mua trả tiền trước ngắn hạn — Là khoản trả trước theo tiến độ của các khách hàng dự án Bất động sản, bao gồm:
Item: Dự án Phú Yên | Số đầu năm
Period: đầu
Value: 146.477.845.146
Note ref: V.14",1,,178689,19802,0.5882352941176471,0.7406506323300447,0.7251948051803013,0.3333333333333333
201,Giải thích lý do phải trả CTCP Đầu tư Xây dựng Ricons không còn số dư cuối kỳ.,"Dựa trên số liệu hiện có: không tìm thấy khoản phải trả cho CTCP Đầu tư Xây dựng Ricons trong các bảng báo cáo tài chính, vì vậy không có số dư cuối kỳ được ghi nhận; có thể khoản này đã được thanh toán đầy đủ.","Phải trả CTCP Đầu tư Xây dựng Ricons không còn số dư cuối kỳ (0 VND) so với 16.482.655.152 VND đầu năm. Lý do có thể là công ty đã thanh toán toàn bộ nghĩa vụ nợ cho CTCP Đầu tư Xây dựng Ricons trong kỳ. Đây là một dấu hiệu tích cực về quản lý công nợ, cho thấy công ty đã hoàn thành việc thanh toán cho nhà cung cấp hoặc nhà thầu xây dựng này, giúp cải thiện tình hình nợ ngắn hạn.",10,"Table: THUYẾT MINH BÁO CÁO TÀI CHÍNH
Item: 19a. Bảng đối chiếu biến động của vốn chủ sở hữu | Số dư cuối kỳ
Value: Vốn đầu tư của chủ sở hữu: 840.839.760.000 | Lợi nhuận sau thuế chưa phân phối: 54.254.677.312 | Cộng: 895.094.437.312
---
Table: THUYẾT MINH BÁO CÁO TÀI CHÍNH
Item: 19a. Bảng đối chiếu biến động của vốn chủ sở hữu | Số dư cuối kỳ
Value: Vốn đầu tư của chủ sở hữu: 840.839.760.000 | Lợi nhuận sau thuế chưa phân phối: 43.404.961.299 | Cộng: 884.244.721.299
---
Table: THUYẾT MINH BÁO CÁO TÀI CHÍNH
Subheading: 13. Phải trả người bán ngắn hạn
Item: Công ty Cổ phần Đầu tư IDJ Việt Nam | Số cuối kỳ
Period: cuối
Value: 43.901.675.948
Note ref: V.13
---
Table: THUYẾT MINH BÁO CÁO TÀI CHÍNH
Subheading: 6. Các khoản phải thu khác
Item: Công ty TNHH Đầu tư và Xây dựng Đô thị Việt Thái - Đặt cọc | Số cuối kỳ Giá trị
Period: cuối
Value: 7.194.490.000
Note ref: V.6
---
Table: THUYẾT MINH BÁO CÁO TÀI CHÍNH
Subheading: 17a. Phải trả ngắn hạn khác
Item: Cộng | Số cuối kỳ
Period: cuối
Value: 153.679.202.110
Note ref: V.17a
---
Table: BẢNG CÂN ĐỐI KẾ TOÁN
Subheading: Tổng nợ phải trả
Item: C - NỢ PHẢI TRẢ | Số cuối năm
Period: cuối
Value: 778.449.407.564
---
Table: BẢNG CÂN ĐỐI KẾ TOÁN
Item: Chi phí xây dựng cơ bản dở dang | Số cuối năm
Period: cuối
Value: 66.493.520.213
Note ref: V.12
---
Table: THUYẾT MINH BÁO CÁO TÀI CHÍNH
Subheading: 12. Chi phí xây dựng cơ bản dở dang — Là chương trình phần mềm, chi tiết như sau:
Item: Cộng | Số cuối kỳ
Period: cuối
Value: 66.493.520.213
Note ref: V.12
---
Table: THUYẾT MINH BÁO CÁO TÀI CHÍNH
Subheading: 12. Chi phí xây dựng cơ bản dở dang — Là chương trình phần mềm, chi tiết như sau:
Item: Các dự án khác | Số cuối kỳ
Period: cuối
Value: 7.792.882.942
Note ref: V.12
---
Table: THUYẾT MINH BÁO CÁO TÀI CHÍNH
Subheading: 12. Chi phí xây dựng cơ bản dở dang — Là chương trình phần mềm, chi tiết như sau:
Item: Dự án Trung tâm thương mại Thái Nguyên | Số cuối kỳ
Period: cuối
Value: 58.700.637.271
Note ref: V.12",1,,40453,12356,0.6666666666666666,0.7923861231261498,0.0,0.0
202,"Nếu các khoản phải trả các bên liên quan tiếp tục tăng, điều này có thể báo hiệu rủi ro gì về quản trị?","Dựa trên số liệu hiện có:

**2. Thanh khoản và an toàn tài chính**
- Các khoản phải trả các bên liên quan – Số cuối kỳ: 44.740.534.882 VND (tăng so với Số đầu năm: 42.763.541.686 VND) (Thuyết minh BÁO CÁO TÀI CHÍNH).
- *Nhận xét*: Thuyết minh 18 cho biết các bên liên quan là những thực thể có khả năng kiểm soát hoặc ảnh hưởng đáng kể đến quyết định tài chính và hoạt động của công ty. Khi khoản phải trả cho các bên liên quan tăng lên, có thể xuất hiện rủi ro về quản trị như xung đột lợi ích, giảm tính minh bạch trong giao dịch, và khả năng các bên này ảnh hưởng đến quyết định tài chính của công ty.

**Kết luận tổng thể**
- Việc tăng các khoản phải trả các bên liên quan không chỉ làm tăng áp lực thanh khoản mà còn báo hiệu tiềm ẩn rủi ro quản trị do khả năng xung đột lợi ích và ảnh hưởng của bên liên quan tới quyết định tài chính của doanh nghiệp.","Các khoản phải trả các bên liên quan đã tăng từ 42.763.541.686 VND đầu năm lên 44.740.534.882 VND cuối kỳ. Nếu xu hướng này tiếp tục tăng, điều này có thể báo hiệu một số rủi ro về quản trị:\n-   **Phụ thuộc vào các bên liên quan:** Công ty có thể ngày càng phụ thuộc vào các giao dịch với các bên liên quan để tài trợ hoạt động hoặc thanh toán các nghĩa vụ, điều này có thể tạo ra xung đột lợi ích hoặc thiếu tính khách quan.\n-   **Thiếu minh bạch:** Các giao dịch với bên liên quan thường ít minh bạch hơn so với giao dịch với các bên độc lập và có thể không phản ánh giá thị trường. Việc tăng nợ với bên liên quan có thể gây nghi ngờ về các điều khoản giao dịch.\n-   **Rủi ro về dòng tiền:** Nếu các bên liên quan gặp khó khăn tài chính, công ty có thể không thể huy động được nguồn vốn từ họ khi cần thiết hoặc gặp khó khăn trong việc thanh toán cho họ.  \nNhìn chung, việc tăng các khoản phải trả các bên liên quan cần được giám sát chặt chẽ để đảm bảo tính công bằng, minh bạch và quản trị hiệu quả.",24,"Table: THUYẾT MINH BÁO CÁO TÀI CHÍNH
Item: Thuyết minh 13: Phải trả người bán ngắn hạn | Phải trả các bên liên quan
Value: Số cuối kỳ: 44.740.534.882 | Số đầu năm: 42.763.541.686
---
Table: THUYẾT MINH BÁO CÁO TÀI CHÍNH
Subheading: 5. Phải thu về cho vay ngắn hạn — Là các khoản cho vay Bên liên quan, bao gồm:
Item: Cộng | Số cuối kỳ
Period: cuối
Value: 85.566.500.000
Note ref: V.5
---
Table: THUYẾT MINH BÁO CÁO TÀI CHÍNH
Subheading: 5. Phải thu về cho vay ngắn hạn — Là các khoản cho vay Bên liên quan, bao gồm:
Item: Cộng | Số đầu năm
Period: đầu
Value: 124.566.500.000
Note ref: V.5
---
Table: THUYẾT MINH BÁO CÁO TÀI CHÍNH
Item: 17a. Phải trả ngắn hạn khác | Các khoản phải trả ngắn hạn khác
Value: Số cuối kỳ: 3.010.459.022 | Số đầu năm: 35.240.039
---
Table: THUYẾT MINH BÁO CÁO TÀI CHÍNH
Subheading: 5. Phải thu về cho vay ngắn hạn — Là các khoản cho vay Bên liên quan, bao gồm:
Item: Công ty Cổ phần Tập đoàn Apec Group (lãi suất 13%/năm) | Số đầu năm
Period: đầu
Value: 98.000.000.000
Note ref: V.5
---
Table: THUYẾT MINH BÁO CÁO TÀI CHÍNH
Subheading: 5. Phải thu về cho vay ngắn hạn — Là các khoản cho vay Bên liên quan, bao gồm:
Item: Công ty Cổ phần Tập đoàn Apec Group (lãi suất 13%/năm) | Số cuối kỳ
Period: cuối
Value: 68.000.000.000
Note ref: V.5
---
Table: THUYẾT MINH BÁO CÁO TÀI CHÍNH
Subheading: 13. Phải trả người bán ngắn hạn
Item: Phải trả các bên liên quan | Số cuối kỳ
Period: cuối
Value: 44.740.534.882
Note ref: V.13
---
Table: THUYẾT MINH BÁO CÁO TÀI CHÍNH
Subheading: 5. Phải thu về cho vay ngắn hạn — Là các khoản cho vay Bên liên quan, bao gồm:
Item: Công ty Cổ phần Chứng khoán Châu Á Thái Bình Dương (lãi suất 0%/năm) | Số đầu năm
Period: đầu
Value: 678.500.000
Note ref: V.5
---
Table: THUYẾT MINH BÁO CÁO TÀI CHÍNH
Subheading: 13. Phải trả người bán ngắn hạn
Item: Phải trả các bên liên quan | Số đầu năm
Period: đầu
Value: 42.763.541.686
Note ref: V.13
---
Table: THUYẾT MINH BÁO CÁO TÀI CHÍNH
Subheading: 5. Phải thu về cho vay ngắn hạn — Là các khoản cho vay Bên liên quan, bao gồm:
Item: Công ty TNHH Đầu tư Châu Á - Thái Bình Dương - Bắc Ninh (lãi suất 12%/năm) | Số đầu năm
Period: đầu
Value: 7.000.000.000
Note ref: V.5
---
Table: THUYẾT MINH BÁO CÁO TÀI CHÍNH
Subheading: 5. Phải thu về cho vay ngắn hạn — Là các khoản cho vay Bên liên quan, bao gồm:
Item: Công ty Cổ phần Dịch vụ Du lịch Thiên đường Hồng (lãi suất 15%/năm) | Số đầu năm
Period: đầu
Value: 9.000.000.000
Note ref: V.5
---
Table: THUYẾT MINH BÁO CÁO TÀI CHÍNH
Subheading: 5. Phải thu về cho vay ngắn hạn — Là các khoản cho vay Bên liên quan, bao gồm:
Item: Công ty Cổ phần Thương mại và Du lịch Kim Bôi (lãi suất 13%/năm) | Số đầu năm
Period: đầu
Value: 9.888.000.000
Note ref: V.5
---
Table: THUYẾT MINH BÁO CÁO TÀI CHÍNH
Subheading: 5. Phải thu về cho vay ngắn hạn — Là các khoản cho vay Bên liên quan, bao gồm:
Item: Công ty Cổ phần Chứng khoán Châu Á Thái Bình Dương (lãi suất 0%/năm) | Số cuối kỳ
Period: cuối
Value: 678.500.000
Note ref: V.5
---
Table: THUYẾT MINH BÁO CÁO TÀI CHÍNH
Subheading: 5. Phải thu về cho vay ngắn hạn — Là các khoản cho vay Bên liên quan, bao gồm:
Item: Công ty Cổ phần Thương mại và Du lịch Kim Bôi (lãi suất 13%/năm) | Số cuối kỳ
Period: cuối
Value: 9.888.000.000
Note ref: V.5
---
Table: THUYẾT MINH BÁO CÁO TÀI CHÍNH
Subheading: 5. Phải thu về cho vay ngắn hạn — Là các khoản cho vay Bên liên quan, bao gồm:
Item: Công ty TNHH Đầu tư Châu Á - Thái Bình Dương - Bắc Ninh (lãi suất 12%/năm) | Số cuối kỳ
Period: cuối
Value: 7.000.000.000
Note ref: V.5
---
Table: THUYẾT MINH BÁO CÁO TÀI CHÍNH
Item: Thuyết minh 6: Các khoản phải thu khác | Các khoản phải thu dài hạn khác
Value: Số cuối kỳ Giá trị: 328.250.000 | Số cuối kỳ Dự phòng: - | Số đầu năm Giá trị: 31.250.000 | Số đầu năm Dự phòng: -
---
Table: THUYẾT MINH BÁO CÁO TÀI CHÍNH
Item: Thuyết minh 6: Các khoản phải thu khác | Các khoản phải thu ngắn hạn khác
Value: Số cuối kỳ Giá trị: 5.727.143.845 | Số cuối kỳ Dự phòng: - | Số đầu năm Giá trị: 5.659.974.185 | Số đầu năm Dự phòng: -
---
Table: THUYẾT MINH BÁO CÁO TÀI CHÍNH
Item: Thuyết minh 4: Các khoản phải thu
Value: Các khoản nợ phải thu được trình bày theo giá trị ghi sổ trừ đi các khoản dự phòng phải thu khó đòi. Việc phân loại các khoản phải thu là phải thu khách hàng và phải thu khác được thực hiện theo nguyên tắc sau: Phải thu của khách hàng phản ánh các khoản phải thu mang tính chất thương mại phát sinh từ giao dịch có tính chất mua – bán giữa Công ty và người mua là đơn vị độc lập với Công ty. Phải thu khác phản ánh các khoản phải thu không có tính thương mại, không liên quan đến giao dịch mua – bán.
---
Table: THUYẾT MINH BÁO CÁO TÀI CHÍNH
Item: Thuyết minh 16: Chi phí phải trả ngắn hạn | Các chi phí phải trả ngắn hạn khác
Value: Số cuối kỳ: - | Số đầu năm: 1.767.586.446
---
Table: THUYẾT MINH BÁO CÁO TÀI CHÍNH
Item: Thuyết minh 15: Thuế và các khoản phải nộp Nhà nước | Thuế và các khoản phải nộp Nhà Nước
Value: Số cuối kỳ: 189.777.117 | Số đầu năm: 572.128.041
---
Table: THUYẾT MINH BÁO CÁO TÀI CHÍNH
Item: Thuyết minh 13: Phải trả người bán ngắn hạn | Phải trả các nhà cung cấp khác
Value: Số cuối kỳ: 26.265.437.526 | Số đầu năm: 46.581.188.492
---
Table: THUYẾT MINH BÁO CÁO TÀI CHÍNH
Item: Thuyết minh 16: Chi phí phải trả ngắn hạn | Phải trả các tổ chức và cá nhân
Value: Số cuối kỳ: 81.623.567.164 | Số đầu năm: 92.849.850.808
---
Table: THUYẾT MINH BÁO CÁO TÀI CHÍNH
Item: Thuyết minh 18: Bên liên quan
Value: Các bên được coi là liên quan nếu một bên có khả năng kiểm soát hoặc có ảnh hưởng đáng kể đối với bên kia trong việc ra quyết định các chính sách tài chính và hoạt động. Các bên cũng được xem là bên liên quan nếu cùng chịu sự kiểm soát chung hay chịu ảnh hưởng đáng kể chung.
---
Table: THUYẾT MINH BÁO CÁO TÀI CHÍNH
Item: Thuyết minh 18: Bên liên quan
Value: Trong việc xem xét mối quan hệ của các bên liên quan, bản chất của mối quan hệ được chú trọng nhiều hơn hình thức pháp lý.",1,,232404,14431,0.29411764705882354,0.8728941518071891,0.448240165620264,0.16666666666666666
203,Tổng thuế và các khoản phải nộp Nhà nước cuối kỳ là bao nhiêu VND?,Tổng thuế và các khoản phải nộp Nhà nước cuối kỳ là 189.777.117 VND.,Tổng thuế và các khoản phải nộp Nhà nước cuối kỳ là 189.777.117 VND.,5,"Table: THUYẾT MINH BÁO CÁO TÀI CHÍNH
Item: Thuyết minh 15: Thuế và các khoản phải nộp Nhà nước | Thuế và các khoản phải nộp Nhà Nước
Value: Số cuối kỳ: 189.777.117 | Số đầu năm: 572.128.041
---
Table: THUYẾT MINH BÁO CÁO TÀI CHÍNH
Subheading: 15. Thuế và các khoản phải nộp Nhà nước
Item: Thuế và các khoản phải nộp Nhà Nước | Số cuối kỳ
Period: cuối
Value: 189.777.117
Note ref: V.15
---
Table: THUYẾT MINH BÁO CÁO TÀI CHÍNH
Subheading: 15. Thuế và các khoản phải nộp Nhà nước
Item: Thuế GTGT | Số cuối kỳ
Period: cuối
Value: 44.474.223
Note ref: V.15
---
Table: THUYẾT MINH BÁO CÁO TÀI CHÍNH
Subheading: 15. Thuế và các khoản phải nộp Nhà nước
Item: Thuế TNCN | Số cuối kỳ
Period: cuối
Value: 145.302.894
Note ref: V.15
---
Table: THUYẾT MINH BÁO CÁO TÀI CHÍNH
Subheading: 15. Thuế và các khoản phải nộp Nhà nước
Item: Cộng | Số cuối kỳ
Period: cuối
Value: 189.777.117
Note ref: V.15",1,,13783,7236,1.0,0.9712315456832522,0.94999999997625,1.0
204,Số dư chi phí trích trước cho Dự án Phú Yên cuối kỳ là bao nhiêu VND?,Số dư chi phí trích trước cho Dự án Phú Yên cuối kỳ là 41.929.707.706 VND.,Số dư chi phí trích trước cho Dự án Phú Yên cuối kỳ là 41.929.707.706 VND.,5,"Table: THUYẾT MINH BÁO CÁO TÀI CHÍNH
Subheading: 16. Chi phí phải trả ngắn hạn
Item: Trích trước chi phí dự án Phú Yên | Số cuối kỳ
Period: cuối
Value: 41.929.707.706
Note ref: V.16
---
Table: THUYẾT MINH BÁO CÁO TÀI CHÍNH
Subheading: 16. Chi phí phải trả ngắn hạn
Item: Trích trước chi phí dự án Bắc Giang | Số cuối kỳ
Period: cuối
Value: 25.512.823.827
Note ref: V.16
---
Table: THUYẾT MINH BÁO CÁO TÀI CHÍNH
Subheading: 16. Chi phí phải trả ngắn hạn
Item: Trích trước chi phí dự án Mũi Né | Số cuối kỳ
Period: cuối
Value: 2.610.053.657
Note ref: V.16
---
Table: THUYẾT MINH BÁO CÁO TÀI CHÍNH
Subheading: 8. Chi phí trả trước dài hạn
Item: Dự án Mandala Phú Yên (Condotel) | Số cuối kỳ
Period: cuối
Value: 19.106.949.648
Note ref: V.8
---
Table: THUYẾT MINH BÁO CÁO TÀI CHÍNH
Subheading: 8. Chi phí trả trước dài hạn
Item: Chi phí công cụ, dụng cụ | Số cuối kỳ
Period: cuối
Value: 1.141.547.635
Note ref: V.8",1,,21640,9318,1.0,0.891970186871578,0.9999999999,1.0
205,Thuế suất VAT mà công ty phải nộp là bao nhiêu phần trăm?,Thuế suất VAT mà công ty phải nộp là từ 8 % đến 10 %.,Thuế suất VAT mà công ty phải nộp là 8% - 10%.,10,"Table: THUYẾT MINH BÁO CÁO TÀI CHÍNH
Item: Thuyết minh 15: Thuế và các khoản phải nộp Nhà nước | Thuế và các khoản phải nộp Nhà Nước
Value: Số cuối kỳ: 189.777.117 | Số đầu năm: 572.128.041
---
Table: THUYẾT MINH BÁO CÁO TÀI CHÍNH
Item: Thuyết minh 15: Thuế và các khoản phải nộp Nhà nước
Value: Thuế thu nhập doanh nghiệp Công ty phải nộp thuế thu nhập doanh nghiệp cho các khoản thu nhập tính thuế với thuế suất 20%.
---
Table: THUYẾT MINH BÁO CÁO TÀI CHÍNH
Item: Thuyết minh 15: Thuế và các khoản phải nộp Nhà nước
Value: Thuế giá trị gia tăng Công ty nộp thuế giá trị gia tăng theo phương pháp khấu trừ với thuế suất 8 - 10%.
---
Table: THUYẾT MINH BÁO CÁO TÀI CHÍNH
Item: Thuyết minh 15: Thuế và các khoản phải nộp Nhà nước | Thuế GTGT
Value: Số cuối kỳ: 44.474.223 | Số đầu năm: 245.608.944
---
Table: THUYẾT MINH BÁO CÁO TÀI CHÍNH
Item: Thuyết minh 15: Thuế và các khoản phải nộp Nhà nước | Thuế TNCN
Value: Số cuối kỳ: 145.302.894 | Số đầu năm: 148.957.841
---
Table: THUYẾT MINH BÁO CÁO TÀI CHÍNH
Subheading: 15. Thuế và các khoản phải nộp Nhà nước
Item: Thuế và các khoản phải nộp Nhà Nước | Số cuối kỳ
Period: cuối
Value: 189.777.117
Note ref: V.15
---
Table: THUYẾT MINH BÁO CÁO TÀI CHÍNH
Subheading: 15. Thuế và các khoản phải nộp Nhà nước
Item: Thuế và các khoản phải nộp Nhà Nước | Số đầu năm
Period: đầu
Value: 572.128.041
Note ref: V.15
---
Table: THUYẾT MINH BÁO CÁO TÀI CHÍNH
Subheading: 15. Thuế và các khoản phải nộp Nhà nước
Item: Thuế GTGT | Số cuối kỳ
Period: cuối
Value: 44.474.223
Note ref: V.15
---
Table: THUYẾT MINH BÁO CÁO TÀI CHÍNH
Subheading: 15. Thuế và các khoản phải nộp Nhà nước
Item: Thuế GTGT | Số đầu năm
Period: đầu
Value: 245.608.944
Note ref: V.15
---
Table: THUYẾT MINH BÁO CÁO TÀI CHÍNH
Subheading: 15. Thuế và các khoản phải nộp Nhà nước
Item: Thuế TNCN | Số cuối kỳ
Period: cuối
Value: 145.302.894
Note ref: V.15",1,,18180,9504,1.0,0.976716477993676,0.3333333333,1.0
206,So sánh tổng các khoản phải trả ngắn hạn khác cuối kỳ với đầu năm.,"Tổng các khoản phải trả ngắn hạn khác cuối kỳ là 153.679.202.110, cao hơn so với đầu năm là 152.919.108.030 (tăng khoảng 760.094.080).","Tổng các khoản phải trả ngắn hạn khác cuối kỳ là 3.010.459.022 VND, trong khi đầu năm là 35.240.039 VND. Khoản này đã tăng lên đáng kể.",5,"Table: THUYẾT MINH BÁO CÁO TÀI CHÍNH
Item: 17a. Phải trả ngắn hạn khác | Các khoản phải trả ngắn hạn khác
Value: Số cuối kỳ: 3.010.459.022 | Số đầu năm: 35.240.039
---
Table: THUYẾT MINH BÁO CÁO TÀI CHÍNH
Subheading: 17a. Phải trả ngắn hạn khác
Item: Các khoản phải trả ngắn hạn khác | Số cuối kỳ
Period: cuối
Value: 3.010.459.022
Note ref: V.17a
---
Table: THUYẾT MINH BÁO CÁO TÀI CHÍNH
Subheading: 17a. Phải trả ngắn hạn khác
Item: Các khoản phải trả ngắn hạn khác | Số đầu năm
Period: đầu
Value: 35.240.039
Note ref: V.17a
---
Table: THUYẾT MINH BÁO CÁO TÀI CHÍNH
Subheading: 17a. Phải trả ngắn hạn khác
Item: Cộng | Số cuối kỳ
Period: cuối
Value: 153.679.202.110
Note ref: V.17a
---
Table: THUYẾT MINH BÁO CÁO TÀI CHÍNH
Subheading: 17a. Phải trả ngắn hạn khác
Item: Cộng | Số đầu năm
Period: đầu
Value: 152.919.108.030
Note ref: V.17a",1,,50545,9616,1.0,0.7939699414250233,0.9999999999666667,0.5
207,Đánh giá xu hướng biến động của các khoản chi phí phải trả ngắn hạn từ đầu năm đến cuối kỳ.,"Dựa trên số liệu hiện có (BẢNG CÂN ĐỐI KẾ TOÁN):

**1. Thanh khoản và an toàn tài chính**
- Tổng chi phí phải trả ngắn hạn:
  - Số đầu năm: 92.849.850.808
  - Số cuối kỳ: 81.623.567.164
  - Thay đổi: -11.226.283.644
  - Tỷ lệ biến đổi: -12,1 %
- Chi phí lãi vay phải trả (một thành phần của chi phí phải trả ngắn hạn):
  - Số đầu năm: 13.826.762.941
  - Số cuối kỳ: 11.570.981.974
  - Thay đổi: -2.255.780.967
  - Tỷ lệ biến đổi: -16,3 %
- Các chi phí phải trả ngắn hạn khác:
  - Số đầu năm: 1.767.586.446
  - Số cuối kỳ: 0
  - Thay đổi: -1.767.586.446 (giảm 100 %)

*Nhận xét*:
- Tổng chi phí phải trả ngắn hạn giảm 12,1 % trong kỳ, cho thấy công ty đã giảm đáng kể các khoản nợ ngắn hạn phải trả.
- Sự giảm mạnh nhất đến từ khoản “các chi phí phải trả ngắn hạn khác”, giảm toàn bộ, có thể do thanh toán hoặc chuyển sang các khoản khác.
- Chi phí lãi vay phải trả cũng giảm 16,3 %, phản ánh khả năng giảm vay ngắn hạn hoặc tái cấu trúc nợ, giảm áp lực chi phí tài chính.
- Xu hướng giảm này cải thiện khả năng thanh khoản ngắn hạn, tuy nhiên cần xem xét nguồn giảm để xác định tính bền vững lâu dài.

**Kết luận tổng thể**:
Xu hướng biến động của chi phí phải trả ngắn hạn trong kỳ là giảm mạnh, đặc biệt ở các khoản chi phí khác và chi phí lãi vay, cho thấy công ty đã giảm gánh nặng nợ ngắn hạn và có khả năng cải thiện thanh khoản ngắn hạn.","Các khoản chi phí phải trả ngắn hạn đã giảm từ 92.849.850.808 VND đầu năm xuống 81.623.567.164 VND cuối kỳ. Điều này cho thấy công ty đã thanh toán một phần các chi phí đã phát sinh trong kỳ hoặc các ước tính chi phí đã được điều chỉnh giảm. Cụ thể, chi phí trích trước cho Dự án Phú Yên và Dự án Bắc Giang đã giảm, trong khi chi phí lãi vay phải trả cũng giảm. Sự giảm này có thể là một dấu hiệu tích cực về việc quản lý tốt các nghĩa vụ ngắn hạn và giảm áp lực dòng tiền trong tương lai gần.",25,"Table: THUYẾT MINH BÁO CÁO TÀI CHÍNH
Item: Thuyết minh 16: Chi phí phải trả ngắn hạn | Các chi phí phải trả ngắn hạn khác
Value: Số cuối kỳ: - | Số đầu năm: 1.767.586.446
---
Table: THUYẾT MINH BÁO CÁO TÀI CHÍNH
Subheading: 16. Chi phí phải trả ngắn hạn
Item: Cộng | Số cuối kỳ
Period: cuối
Value: 81.623.567.164
Note ref: V.16
---
Table: THUYẾT MINH BÁO CÁO TÀI CHÍNH
Subheading: 16. Chi phí phải trả ngắn hạn
Item: Cộng | Số đầu năm
Period: đầu
Value: 92.849.850.808
Note ref: V.16
---
Table: THUYẾT MINH BÁO CÁO TÀI CHÍNH
Subheading: 16. Chi phí phải trả ngắn hạn
Item: Các chi phí phải trả ngắn hạn khác | Số đầu năm
Period: đầu
Value: 1.767.586.446
Note ref: V.16
---
Table: THUYẾT MINH BÁO CÁO TÀI CHÍNH
Subheading: 16. Chi phí phải trả ngắn hạn
Item: Chi phí lãi vay phải trả | Số cuối kỳ
Period: cuối
Value: 11.570.981.974
Note ref: V.16
---
Table: THUYẾT MINH BÁO CÁO TÀI CHÍNH
Item: 17a. Phải trả ngắn hạn khác | Các khoản phải trả ngắn hạn khác
Value: Số cuối kỳ: 3.010.459.022 | Số đầu năm: 35.240.039
---
Table: THUYẾT MINH BÁO CÁO TÀI CHÍNH
Item: Thuyết minh 16: Chi phí phải trả ngắn hạn | Chi phí lãi vay phải trả
Value: Số cuối kỳ: 11.570.981.974 | Số đầu năm: 13.826.762.941
---
Table: THUYẾT MINH BÁO CÁO TÀI CHÍNH
Subheading: 16. Chi phí phải trả ngắn hạn
Item: Phải trả các tổ chức và cá nhân | Số cuối kỳ
Period: cuối
Value: 81.623.567.164
Note ref: V.16
---
Table: THUYẾT MINH BÁO CÁO TÀI CHÍNH
Item: Thuyết minh 16: Chi phí phải trả ngắn hạn | Phải trả các tổ chức và cá nhân
Value: Số cuối kỳ: 81.623.567.164 | Số đầu năm: 92.849.850.808
---
Table: THUYẾT MINH BÁO CÁO TÀI CHÍNH
Item: Thuyết minh 16: Chi phí phải trả ngắn hạn | Cộng
Value: Số cuối kỳ: 81.623.567.164 | Số đầu năm: 92.849.850.808
---
Table: THUYẾT MINH BÁO CÁO TÀI CHÍNH
Subheading: 16. Chi phí phải trả ngắn hạn
Item: Trích trước chi phí dự án Bắc Giang | Số cuối kỳ
Period: cuối
Value: 25.512.823.827
Note ref: V.16
---
Table: THUYẾT MINH BÁO CÁO TÀI CHÍNH
Subheading: 16. Chi phí phải trả ngắn hạn
Item: Trích trước chi phí dự án Phú Yên | Số cuối kỳ
Period: cuối
Value: 41.929.707.706
Note ref: V.16
---
Table: THUYẾT MINH BÁO CÁO TÀI CHÍNH
Subheading: 16. Chi phí phải trả ngắn hạn
Item: Trích trước chi phí dự án Mũi Né | Số cuối kỳ
Period: cuối
Value: 2.610.053.657
Note ref: V.16
---
Table: THUYẾT MINH BÁO CÁO TÀI CHÍNH
Subheading: 17a. Phải trả ngắn hạn khác
Item: Các khoản phải trả ngắn hạn khác | Số cuối kỳ
Period: cuối
Value: 3.010.459.022
Note ref: V.17a
---
Table: THUYẾT MINH BÁO CÁO TÀI CHÍNH
Subheading: 16. Chi phí phải trả ngắn hạn
Item: Phải trả các tổ chức và cá nhân | Số đầu năm
Period: đầu
Value: 92.849.850.808
Note ref: V.16
---
Table: THUYẾT MINH BÁO CÁO TÀI CHÍNH
Subheading: 16. Chi phí phải trả ngắn hạn
Item: Chi phí lãi vay phải trả | Số đầu năm
Period: đầu
Value: 13.826.762.941
Note ref: V.16
---
Table: THUYẾT MINH BÁO CÁO TÀI CHÍNH
Subheading: 16. Chi phí phải trả ngắn hạn
Item: Trích trước chi phí dự án Phú Yên | Số đầu năm
Period: đầu
Value: 49.650.705.253
Note ref: V.16
---
Table: THUYẾT MINH BÁO CÁO TÀI CHÍNH
Subheading: 16. Chi phí phải trả ngắn hạn
Item: Trích trước chi phí dự án Bắc Giang | Số đầu năm
Period: đầu
Value: 27.604.796.168
Note ref: V.16
---
Table: THUYẾT MINH BÁO CÁO TÀI CHÍNH
Subheading: 17a. Phải trả ngắn hạn khác
Item: Các khoản phải trả ngắn hạn khác | Số đầu năm
Period: đầu
Value: 35.240.039
Note ref: V.17a
---
Table: THUYẾT MINH BÁO CÁO TÀI CHÍNH
Item: Thuyết minh 6: Các khoản phải thu khác | Các khoản phải thu ngắn hạn khác
Value: Số cuối kỳ Giá trị: 5.727.143.845 | Số cuối kỳ Dự phòng: - | Số đầu năm Giá trị: 5.659.974.185 | Số đầu năm Dự phòng: -
---
Table: THUYẾT MINH BÁO CÁO TÀI CHÍNH
Subheading: 9. Chi phí khác
Item: Chi phí khác | Luỹ kế từ đầu năm đến cuối kỳ này Năm nay
Value: 2.817.625.199
Note ref: V.9
---
Table: THUYẾT MINH BÁO CÁO TÀI CHÍNH
Subheading: 9. Chi phí khác
Item: Chi phí khác | Luỹ kế từ đầu năm đến cuối kỳ này Năm trước
Value: 8.952.535.848
Note ref: V.9
---
Table: THUYẾT MINH BÁO CÁO TÀI CHÍNH
Subheading: 9. Chi phí khác
Item: Cộng | Luỹ kế từ đầu năm đến cuối kỳ này Năm nay
Value: 2.817.625.199
Note ref: V.9
---
Table: THUYẾT MINH BÁO CÁO TÀI CHÍNH
Subheading: 9. Chi phí khác
Item: Cộng | Luỹ kế từ đầu năm đến cuối kỳ này Năm trước
Value: 8.952.535.848
Note ref: V.9
---
Table: THUYẾT MINH BÁO CÁO TÀI CHÍNH
Item: Thuyết minh 8: Chi phí trả trước dài hạn | Các chi phí trả trước dài hạn khác
Value: Số đầu năm: 77.774.900",1,,418327,20949,0.5925925925925926,0.7467514806730658,0.31993464051754356,0.5
208,Phân tích tác động của việc nhận vốn góp từ các tổ chức và cá nhân trong các dự án đến tình hình tài chính của công ty.,"Dựa trên số liệu hiện có:

**1. Khả năng sinh lời** (agent_profitability)
- Số tiền góp vốn từ các tổ chức, cá nhân vào dự án: 131 537 716 553 đ (đầu năm) → 126 229 443 045 đ (cuối kỳ); giảm **5 308 273 508 đ** (BẢNG CÂN ĐỐI KẾ TOÁN).
- Tỷ lệ góp vốn / tổng tài sản cuối kỳ: **5,56 %** (126 229 443 045 ÷ 1 662 694 128 863 × 100) (BẢNG CÂN ĐỐI KẾ TOÁN).
- Vốn chủ sở hữu giảm từ 895 094 437 312 đ (đầu năm) xuống 884 244 721 299 đ (cuối năm) → giảm **10 849 716 013 đ** (≈ 1,21 % tổng vốn) (BẢNG CÂN ĐỐI KẾ TOÁN).
- Lợi nhuận sau thuế chưa phân phối giảm từ (48 187 112 561 đ) (kỳ trước) xuống (10 849 716 013 đ) (kỳ này) → cải thiện **37 337 396 548 đ** (THUYẾT MINH BÁO CÁO TÀI CHÍNH).
- Lợi nhuận sau thuế Q4/2024: 12 090 244 768 đ (BÁO CÁO KẾT QUẢ HOẠT ĐỘNG KINH DOANH), nhưng lũy kế vẫn là lỗ (‑10 849 716 013 đ).

*Nhận xét*:
- Vốn góp mang lại **≈126 tỷ đồng** dòng tiền tài trợ, chiếm **5‑6 %** tổng tài sản, giúp duy trì tài sản khi tổng tài sản giảm.
- Khoản này được ghi nhận dưới mục phải trả ngắn hạn khác, chưa chuyển thành vốn chủ sở hữu; vì lợi nhuận âm, vốn chủ sở hữu không tăng.
- **Giới hạn dữ liệu**: chưa có chi tiết dòng tiền thuần từ hoạt động tài trợ vốn góp và mục đích sử dụng vốn trong dự án, nên không thể đánh giá đầy đủ ảnh hưởng tới lợi nhuận và ROE/ROA.

**2. Thanh khoản và an toàn tài chính** (agent_liquidity_solvency)
- Vốn góp từ các tổ chức, cá nhân: 126 229 443 045 đ (cuối kỳ) → 131 537 716 553 đ (đầu kỳ) (BẢNG CÂN ĐỐI KẾ TOÁN).
- Vốn góp của chủ sở hữu (vốn chủ sở hữu): 840 839 760 000 đ (không thay đổi) (BẢNG CÂN ĐỐI KẾ TOÁN).
- Tiền và các khoản tương đương tiền: 60 575 342 749 đ (đầu năm) → 97 964 405 114 đ (cuối năm) (BẢNG CÂN ĐỐI KẾ TOÁN).
- Các khoản phải thu ngắn hạn: 401 680 516 983 đ → 362 793 062 285 đ.
- Hàng tồn kho: 528 207 406 021 đ → 474 117 608 966 đ.
- Nợ ngắn hạn: 566 994 110 452 đ (cuối năm) (được dùng trong chỉ số).
- Nợ dài hạn: 211 455 297 112 đ.
- **Current Ratio** ≈ **1.65** ( (Tiền + Phải thu + Hàng tồn kho) ÷ Nợ ngắn hạn ).
- **Tổng nợ / Vốn chủ sở hữu** ≈ **0.88** ( (Nợ ngắn hạn + Nợ dài hạn) ÷ Vốn chủ sở hữu ).

*Nhận xét*:
- Vốn góp tăng **126 tỷ đồng**, đồng thời tiền và tương đương tiền tăng **37 tỷ đồng**, giúp Current Ratio lên **1.65** và giảm đòn bẩy xuống **0.88**.
- Dù lợi nhuận âm, việc giảm nợ ngắn hạn và tăng thanh khoản cho thấy vốn góp hỗ trợ khả năng thanh toán ngắn hạn.
- Tuy nhiên, cấu trúc vốn vẫn phụ thuộc vào nợ vay vì vốn chủ sở hữu không tăng.

**3. Dòng tiền** (agent_cashflow_analysis)
- Tiền và các khoản tương đương tiền: 60 575 342 749 đ (đầu năm) → 97 964 405 114 đ (cuối năm); tăng **37 389 062 365 đ** (BÁO CÁO LƯU CHUYỂN TIỀN TỆ).
- Lưu chuyển tiền thuần từ hoạt động kinh doanh (CFO): **36 158 929 436 đ** (năm nay) (BÁO CÁO LƯU CHUYỂN TIỀN TỆ).
- Nhận tiền góp vốn của các tổ chức, cá nhân vào dự án (phần tài trợ tài chính): **126 229 443 045 đ** (cuối kỳ) (BÁO CÁO LƯU CHUYỂN TIỀN TỆ).
- Lợi nhuận sau thuế chưa phân phối (lỗ): **‑10 849 716 013 đ** (kỳ này) và **‑48 187 112 561 đ** (kỳ trước) (THUYẾT MINH BÁO CÁO TÀI CHÍNH).
- Vốn góp của chủ sở hữu (vốn chủ sở hữu): **840 839 760 000 đ** (đầu và cuối kỳ) (BẢNG CÂN ĐỐI KẾ TOÁN).

*Nhận xét*:
- Khoản vốn góp **126 tỷ đồng** tạo dòng tiền tài trợ lớn, chiếm gần **3,5 %** tổng tài sản cuối kỳ và tăng tiền mặt **37 tỷ đồng**.
- CFO dương **36 tỷ đồng**, gần tương đương mức tăng tiền mặt, cho thấy hoạt động kinh doanh tạo đủ tiền để bù đắp nhu cầu tiền mặt, vốn góp bổ sung nguồn tài trợ cho dự án.
- Lợi nhuận âm **‑10,85 tỷ đồng** làm giảm vốn chủ sở hữu, do đó tổng vốn vẫn giữ **840,84 tỷ đồng**.

**Kết luận tổng thể**
Việc nhận vốn góp từ các tổ chức và cá nhân đã cung cấp một luồng tiền tài trợ quan trọng, nâng thanh khoản và hỗ trợ tài trợ các dự án, đồng thời cải thiện các chỉ số thanh khoản và đòn bẩy. Tuy nhiên, do lợi nhuận vẫn âm, vốn góp không làm tăng vốn chủ sở hữu và không cải thiện đáng kể cấu trúc vốn. Để tăng bền vững, công ty cần chuyển lợi nhuận âm thành lợi nhuận dương, tối ưu việc sử dụng vốn góp trong dự án và giảm phụ thuộc vào nguồn vay.","Việc nhận vốn góp từ các tổ chức và cá nhân trong các dự án (như Dự án Khu đô thị số 5, Mandala Phú Yên, Thái Nguyên Plaza, Aqua Park Bắc Giang, Khu công nghiệp Đa Hội) là một nguồn tài trợ quan trọng cho công ty, đặc biệt là trong lĩnh vực bất động sản. Khoản mục này là một khoản phải trả ngắn hạn khác và có giá trị lớn (126.229.443.045 VND cuối kỳ). Tác động của việc này đến tình hình tài chính bao gồm:\n-   **Huy động vốn không lãi suất:** Công ty có thể huy động vốn để tài trợ cho các dự án mà không phải trả lãi vay, giúp giảm chi phí tài chính.\n-   **Rủi ro chuyển đổi:** Khoản vốn góp này sẽ được chuyển đổi thành khoản thanh toán đầu tiên của giá bán nhà khi đủ điều kiện pháp lý để ký hợp đồng mua bán. Điều này có nghĩa là công ty có nghĩa vụ phải hoàn thành dự án và đáp ứng các điều kiện pháp lý để chuyển đổi khoản nợ này thành doanh thu.\n-   **Tăng khả năng thực hiện dự án:** Nguồn vốn này giúp công ty có đủ nguồn lực để triển khai và hoàn thiện các dự án.\nTuy nhiên, công ty cũng phải đối mặt với rủi ro nếu dự án bị chậm tiến độ hoặc không đủ điều kiện pháp lý, dẫn đến khả năng phải hoàn trả vốn góp hoặc gặp tranh chấp.",79,"Table: BẢNG CÂN ĐỐI KẾ TOÁN
Subheading: Tổng vốn chủ sở hữu
Item: D - NGUỒN VỐN CHỦ SỞ HỮU | Số đầu năm
Period: đầu
Value: 895.094.437.312
---
Table: BẢNG CÂN ĐỐI KẾ TOÁN
Subheading: Tổng vốn chủ sở hữu
Item: D - NGUỒN VỐN CHỦ SỞ HỮU | Số cuối năm
Period: cuối
Value: 884.244.721.299
---
Table: THUYẾT MINH BÁO CÁO TÀI CHÍNH
Subheading: 19a. Bảng đối chiếu biến động của vốn chủ sở hữu — Kỳ trước
Item: Số dư cuối kỳ | Cộng
Value: 895.094.437.312
Note ref: V.19a
---
Table: THUYẾT MINH BÁO CÁO TÀI CHÍNH
Subheading: 19a. Bảng đối chiếu biến động của vốn chủ sở hữu — Kỳ này
Item: Số dư cuối kỳ | Cộng
Value: 884.244.721.299
Note ref: V.19a
---
Table: THUYẾT MINH BÁO CÁO TÀI CHÍNH
Subheading: 19a. Bảng đối chiếu biến động của vốn chủ sở hữu — Kỳ trước
Item: Số đầu năm | Cộng
Value: 943.281.549.873
Note ref: V.19a
---
Table: BẢNG CÂN ĐỐI KẾ TOÁN
Subheading: Tổng tài sản
Item: TỔNG CỘNG TÀI SẢN | Số đầu năm
Period: đầu
Value: 1.906.094.474.649
---
Table: BẢNG CÂN ĐỐI KẾ TOÁN
Subheading: Tổng tài sản
Item: TỔNG CỘNG TÀI SẢN | Số cuối năm
Period: cuối
Value: 1.662.694.128.863
---
Table: THUYẾT MINH BÁO CÁO TÀI CHÍNH
Subheading: 19a. Bảng đối chiếu biến động của vốn chủ sở hữu — Kỳ này
Item: Lợi nhuận trong kỳ | Lợi nhuận sau thuế chưa phân phối
Value: (10.849.716.013)
Note ref: V.19a
---
Table: THUYẾT MINH BÁO CÁO TÀI CHÍNH
Subheading: 19a. Bảng đối chiếu biến động của vốn chủ sở hữu — Kỳ trước
Item: Lợi nhuận trong kỳ | Lợi nhuận sau thuế chưa phân phối
Value: (48.187.112.561)
Note ref: V.19a
---
Table: THUYẾT MINH BÁO CÁO TÀI CHÍNH
Subheading: 19a. Bảng đối chiếu biến động của vốn chủ sở hữu — Kỳ này
Item: Số dư cuối kỳ | Lợi nhuận sau thuế chưa phân phối
Value: 43.404.961.299
Note ref: V.19a
---
Table: THUYẾT MINH BÁO CÁO TÀI CHÍNH
Subheading: 19a. Bảng đối chiếu biến động của vốn chủ sở hữu — Kỳ trước
Item: Số dư cuối kỳ | Lợi nhuận sau thuế chưa phân phối
Value: 54.254.677.312
Note ref: V.19a
---
Table: THUYẾT MINH BÁO CÁO TÀI CHÍNH
Subheading: 19a. Bảng đối chiếu biến động của vốn chủ sở hữu — Kỳ trước
Item: Số đầu năm | Lợi nhuận sau thuế chưa phân phối
Value: 102.441.789.873
Note ref: V.19a
---
Table: THUYẾT MINH BÁO CÁO TÀI CHÍNH
Subheading: 1. Tiền và các khoản tương đương tiền
Item: Cộng | Số cuối năm
Period: cuối
Value: 97.964.405.114
Note ref: V.1
---
Table: THUYẾT MINH BÁO CÁO TÀI CHÍNH
Subheading: 1. Tiền và các khoản tương đương tiền
Item: Cộng | Số đầu năm
Period: đầu
Value: 60.575.342.749
Note ref: V.1
---
Table: THUYẾT MINH BÁO CÁO TÀI CHÍNH
Subheading: 1. Tiền và các khoản tương đương tiền
Item: Các khoản tương đương tiền | Số cuối năm
Period: cuối
Value: 80.000.000.000
Note ref: V.1
---
Table: THUYẾT MINH BÁO CÁO TÀI CHÍNH
Subheading: 1. Tiền và các khoản tương đương tiền
Item: Các khoản tương đương tiền | Số đầu năm
Period: đầu
Value: 42.000.000.000
Note ref: V.1
---
Table: THUYẾT MINH BÁO CÁO TÀI CHÍNH
Subheading: 1. Tiền và các khoản tương đương tiền
Item: Tiền gửi tại công ty chứng khoán | Số cuối năm
Period: cuối
Value: 109.902.610
Note ref: V.1
---
Table: BẢNG CÂN ĐỐI KẾ TOÁN
Item: Các khoản phải thu ngắn hạn | Số cuối năm
Period: cuối
Value: 362.793.062.285
---
Table: BẢNG CÂN ĐỐI KẾ TOÁN
Item: Các khoản phải thu ngắn hạn | Số đầu năm
Period: đầu
Value: 401.680.516.983
---
Table: THUYẾT MINH BÁO CÁO TÀI CHÍNH
Subheading: 7. Hàng tồn kho
Item: Cộng | Số cuối kỳ
Period: cuối
Value: 474.117.608.966
Note ref: V.7
---
Table: THUYẾT MINH BÁO CÁO TÀI CHÍNH
Subheading: 7. Hàng tồn kho
Item: Cộng | Số đầu năm
Period: đầu
Value: 528.207.406.021
Note ref: V.7
---
Table: THUYẾT MINH BÁO CÁO TÀI CHÍNH
Subheading: 7. Hàng tồn kho
Item: Hàng hóa Bất động sản | Số cuối kỳ
Period: cuối
Value: 167.636.178.947
Note ref: V.7
---
Table: THUYẾT MINH BÁO CÁO TÀI CHÍNH
Subheading: 7. Hàng tồn kho
Item: Hàng hóa Bất động sản | Số đầu năm
Period: đầu
Value: 222.245.021.866
Note ref: V.7
---
Table: THUYẾT MINH BÁO CÁO TÀI CHÍNH
Subheading: 7. Hàng tồn kho
Item: Hàng hóa | Số cuối kỳ
Period: cuối
Value: 12.556.351.760
Note ref: V.7
---
Table: BẢNG CÂN ĐỐI KẾ TOÁN
Subheading: Tổng nợ ngắn hạn
Item: I. Nợ ngắn hạn | Số cuối năm
Period: cuối
Value: 566.994.110.452
---
Table: BẢNG CÂN ĐỐI KẾ TOÁN
Subheading: Tổng nợ ngắn hạn
Item: I. Nợ ngắn hạn | Số đầu năm
Period: đầu
Value: 895.630.596.406
---
Table: THUYẾT MINH BÁO CÁO TÀI CHÍNH
Subheading: 18a. Vay ngắn hạn
Item: Tổng | Số cuối kỳ Khả năng trả nợ
Period: cuối
Value: 321.517.322.354
Note ref: V.18a
---
Table: THUYẾT MINH BÁO CÁO TÀI CHÍNH
Item: 18a. Vay ngắn hạn | Chuyển sang nợ vay ngắn hạn
Value: Khoản mục: Chuyển sang nợ vay ngắn hạn | Số cuối kỳ Giá trị: (19.424.900.000) | Số cuối kỳ Khả năng trả nợ: (19.424.900.000) | Trong kỳ Giảm: 19.424.900.000 | Số đầu kỳ Giá trị: - | Số đầu kỳ Khả năng trả nợ: -
---
Table: THUYẾT MINH BÁO CÁO TÀI CHÍNH
Subheading: 18a. Vay ngắn hạn
Item: Tổng | Số đầu kỳ Khả năng trả nợ
Period: đầu
Value: 449.955.557.454
Note ref: V.18a
---
Table: BẢNG CÂN ĐỐI KẾ TOÁN
Subheading: Tổng nợ dài hạn
Item: II. Nợ dài hạn | Số cuối năm
Period: cuối
Value: 211.455.297.112
---
Table: BẢNG CÂN ĐỐI KẾ TOÁN
Subheading: Tổng nợ dài hạn
Item: II. Nợ dài hạn | Số đầu năm
Period: đầu
Value: 115.369.440.931
---
Table: THUYẾT MINH BÁO CÁO TÀI CHÍNH
Item: 18a. Vay ngắn hạn | Kết chuyển từ vay và nợ dài hạn
Value: Khoản mục: Kết chuyển từ vay và nợ dài hạn | Số cuối kỳ Giá trị: 19.424.900.000 | Số cuối kỳ Khả năng trả nợ: 19.424.900.000 | Trong kỳ Tăng: 19.424.900.000
---
Table: THUYẾT MINH BÁO CÁO TÀI CHÍNH
Subheading: 18a. Vay ngắn hạn
Item: Kết chuyển từ vay và nợ dài hạn | Số cuối kỳ Khả năng trả nợ
Period: cuối
Value: 19.424.900.000
Note ref: V.18a
---
Table: THUYẾT MINH BÁO CÁO TÀI CHÍNH
Item: 18a. Vay ngắn hạn | Vay dài hạn các cá nhân
Value: Khoản mục: Vay dài hạn các cá nhân | Số cuối kỳ Giá trị: 184.439.800.000 | Số cuối kỳ Khả năng trả nợ: 184.439.800.000 | Trong kỳ Tăng: 114.959.800.000 | Số đầu kỳ Giá trị: 69.480.000.000 | Số đầu kỳ Khả năng trả nợ: 69.480.000.000
---
Table: BẢNG CÂN ĐỐI KẾ TOÁN
Item: Vốn góp của chủ sở hữu | Số đầu năm
Period: đầu
Value: 840.839.760.000
---
Table: BẢNG CÂN ĐỐI KẾ TOÁN
Item: Vốn góp của chủ sở hữu | Số cuối năm
Period: cuối
Value: 840.839.760.000
---
Table: THUYẾT MINH BÁO CÁO TÀI CHÍNH
Item: 17a. Phải trả ngắn hạn khác | Nhận tiền góp vốn của các tổ chức, cá nhân vào dự án ()
Value: Số cuối kỳ: 126.229.443.045 | Số đầu năm: 131.537.716.553
---
Table: THUYẾT MINH BÁO CÁO TÀI CHÍNH
Item: Thuyết minh 16: Chi phí phải trả ngắn hạn | Phải trả các tổ chức và cá nhân
Value: Số cuối kỳ: 81.623.567.164 | Số đầu năm: 92.849.850.808
---
Table: THUYẾT MINH BÁO CÁO TÀI CHÍNH
Item: 17a. Phải trả ngắn hạn khác
Value: () Khoản nhận tiền góp vốn của các tổ chức, cá nhân vào các dự án Công ty đang thực hiện để được phân chia sản phẩm là nhà ở của Dự án mà không phải thông qua sàn giao dịch bất động sản. Khi các dự án đủ điều kiện pháp lý để ký hợp đồng mua bán và các bên ký hợp đồng mua bán nhà ở thì toàn bộ tiền vốn góp thực tế sẽ được chuyển thành khoản tiền thanh toán đầu tiên của Giá bán nhà ở.
---
Table: THUYẾT MINH BÁO CÁO TÀI CHÍNH
Subheading: 17a. Phải trả ngắn hạn khác
Item: Nhận tiền góp vốn của các tổ chức, cá nhân vào dự án () | Số cuối kỳ
Period: cuối
Value: 126.229.443.045
Note ref: V.17a
---
Table: THUYẾT MINH BÁO CÁO TÀI CHÍNH
Subheading: 17a. Phải trả ngắn hạn khác
Item: Nhận tiền góp vốn của các tổ chức, cá nhân vào dự án () | Số đầu năm
Period: đầu
Value: 131.537.716.553
Note ref: V.17a
---
Table: THUYẾT MINH BÁO CÁO TÀI CHÍNH
Item: Lợi nhuận sau thuế thu nhập doanh nghiệp | Quý IV năm 2024
Period: cuối
Value: 12.090.244.768
---
Table: THUYẾT MINH BÁO CÁO TÀI CHÍNH
Item: Lợi nhuận sau thuế thu nhập doanh nghiệp | Lũy kế đến quý IV năm 2024
Period: cuối
Value: (10.849.716.013)
---
Table: THUYẾT MINH BÁO CÁO TÀI CHÍNH
Item: Lợi nhuận sau thuế thu nhập doanh nghiệp | Quý IV năm 2023
Period: đầu
Value: (33.607.254.235)
---
Table: THUYẾT MINH BÁO CÁO TÀI CHÍNH
Item: Lợi nhuận sau thuế thu nhập doanh nghiệp | Lũy kế đến quý IV năm 2023
Period: đầu
Value: (48.187.112.561)
---
Table: BÁO CÁO KẾT QUẢ HOẠT ĐỘNG KINH DOANH
Item: Lợi nhuận thuần từ hoạt động kinh doanh | Lũy kế đến quý IV năm 2024
Period: cuối
Value: (12.918.933.440)
---
Table: BÁO CÁO KẾT QUẢ HOẠT ĐỘNG KINH DOANH
Item: Lợi nhuận thuần từ hoạt động kinh doanh | Quý IV năm 2024
Period: cuối
Value: 12.205.164.159
---
Table: BÁO CÁO KẾT QUẢ HOẠT ĐỘNG KINH DOANH
Item: Lợi nhuận thuần từ hoạt động kinh doanh | Lũy kế đến quý IV năm 2023
Period: đầu
Value: (43.531.303.789)
---
Table: BÁO CÁO KẾT QUẢ HOẠT ĐỘNG KINH DOANH
Item: Lợi nhuận thuần từ hoạt động kinh doanh | Quý IV năm 2023
Period: đầu
Value: (29.778.741.081)
---
Table: THUYẾT MINH BÁO CÁO TÀI CHÍNH
Subheading: 19a. Bảng đối chiếu biến động của vốn chủ sở hữu — Kỳ trước
Item: Số đầu năm | Vốn đầu tư của chủ sở hữu
Value: 840.839.760.000
Note ref: V.19a
---
Table: THUYẾT MINH BÁO CÁO TÀI CHÍNH
Subheading: 19a. Bảng đối chiếu biến động của vốn chủ sở hữu — Kỳ trước
Item: Số dư cuối kỳ | Vốn đầu tư của chủ sở hữu
Value: 840.839.760.000
Note ref: V.19a
---
Table: THUYẾT MINH BÁO CÁO TÀI CHÍNH
Subheading: 19a. Bảng đối chiếu biến động của vốn chủ sở hữu — Kỳ này
Item: Số dư đầu năm | Vốn đầu tư của chủ sở hữu
Value: 840.839.760.000
Note ref: V.19a
---
Table: BÁO CÁO LƯU CHUYỂN TIỀN TỆ
Item: Lưu chuyển tiền thuần từ hoạt động kinh doanh | Năm nay
Value: 36.158.929.436
---
Table: BÁO CÁO LƯU CHUYỂN TIỀN TỆ
Item: Lưu chuyển tiền thuần từ hoạt động kinh doanh | Năm trước
Value: (4.379.663.565)
---
Table: THUYẾT MINH BÁO CÁO TÀI CHÍNH
Subheading: 1. Tiền và các khoản tương đương tiền
Item: Tiền gửi ngân hàng không kỳ hạn | Số cuối năm
Period: cuối
Value: 17.830.416.837
Note ref: V.1
---
Table: THUYẾT MINH BÁO CÁO TÀI CHÍNH
Subheading: 1. Tiền và các khoản tương đương tiền
Item: Tiền mặt | Số cuối năm
Period: cuối
Value: 24.085.667
Note ref: V.1
---
Table: THUYẾT MINH BÁO CÁO TÀI CHÍNH
Item: Thuyết minh 1: Tiền và các khoản tương đương tiền | Cộng
Value: Số cuối năm: 97.964.405.114 | Số đầu năm: 60.575.342.749
---
Table: THUYẾT MINH BÁO CÁO TÀI CHÍNH
Subheading: 1. Tiền và các khoản tương đương tiền
Item: Tiền gửi ngân hàng không kỳ hạn | Số đầu năm
Period: đầu
Value: 18.346.624.260
Note ref: V.1
---
Table: THUYẾT MINH BÁO CÁO TÀI CHÍNH
Item: Thuyết minh 1: Tiền và các khoản tương đương tiền | Các khoản tương đương tiền
Value: Số cuối năm: 80.000.000.000 | Số đầu năm: 42.000.000.000
---
Table: THUYẾT MINH BÁO CÁO TÀI CHÍNH
Subheading: 1. Tiền và các khoản tương đương tiền
Item: Tiền gửi tại công ty chứng khoán | Số đầu năm
Period: đầu
Value: 110.425.559
Note ref: V.1
---
Table: THUYẾT MINH BÁO CÁO TÀI CHÍNH
Item: Thuyết minh báo cáo tài chính
Value: Doanh thu cho thuê tài sản hoạt động Doanh thu cho thuê tài sản hoạt động được ghi nhận theo phương pháp đường thẳng trong suốt thời gian cho thuê. Trường hợp thời gian cho thuê chiếm trên 90% thời gian sử dụng hữu ích của tài sản, doanh thu được ghi nhận một lần đối với toàn bộ số tiền cho thuê nhận trước nếu thỏa mãn đồng thời các điều kiện sau: Bên đi thuê không có quyền hủy ngang hợp đồng thuê và Công ty không có nghĩa vụ phải trả lại số tiền đã nhận trước trong mọi trường hợp và dưới mọi hình thức. Số tiền nhận trước từ việc cho thuê không nhỏ hơn 90% tổng số tiền cho thuê dự kiến thu được theo hợp đồng trong suốt thời hạn cho thuê và bên đi thuê phải thanh toán toàn bộ số tiền thuê trong vòng 12 tháng kể từ thời điểm khởi đầu thuê tài sản. Hầu như toàn bộ rủi ro và lợi ích gắn liền với quyền sở hữu tài sản thuê đã chuyển giao cho bên đi thuê. Giá vốn của hoạt động cho thuê được ước tính tương đối đầy đủ.
---
Table: THUYẾT MINH BÁO CÁO TÀI CHÍNH
Subheading: 19a. Bảng đối chiếu biến động của vốn chủ sở hữu — Kỳ trước
Item: Lợi nhuận trong kỳ | Cộng
Value: (48.187.112.561)
Note ref: V.19a
---
Table: THUYẾT MINH BÁO CÁO TÀI CHÍNH
Subheading: 19a. Bảng đối chiếu biến động của vốn chủ sở hữu — Kỳ này
Item: Lợi nhuận trong kỳ | Cộng
Value: (10.849.716.013)
Note ref: V.19a
---
Table: THUYẾT MINH BÁO CÁO TÀI CHÍNH
Subheading: 2c. Đầu tư góp vốn vào đơn vị khác — Tỷ lệ sở hữu của Công ty tại các đơn vị như sau:
Item: Công ty Cổ phần Thương mại và Du lịch Kim Bôi | Số đầu năm Số lượng CP
Period: đầu
Value: 5.200.000
Note ref: V.2c
---
Table: THUYẾT MINH BÁO CÁO TÀI CHÍNH
Subheading: 2c. Đầu tư góp vốn vào đơn vị khác — Tỷ lệ sở hữu của Công ty tại các đơn vị như sau:
Item: Công ty Cổ phần Quản lý Vận hành Bất động sản Mandala | Số đầu năm Số lượng CP
Period: đầu
Value: 150.000
Note ref: V.2c
---
Table: THUYẾT MINH BÁO CÁO TÀI CHÍNH
Subheading: 2c. Đầu tư góp vốn vào đơn vị khác — Tỷ lệ sở hữu của Công ty tại các đơn vị như sau:
Item: Công ty Cổ phần Quản lý Khách sạn và Dịch vụ Mandala | Số đầu năm Số lượng CP
Period: đầu
Value: 800.000
Note ref: V.2c
---
Table: THUYẾT MINH BÁO CÁO TÀI CHÍNH
Subheading: 2c. Đầu tư góp vốn vào đơn vị khác — Tỷ lệ sở hữu của Công ty tại các đơn vị như sau:
Item: Công ty Cổ phần Thương mại và Du lịch Kim Bôi | Số cuối kỳ Số lượng CP
Period: cuối
Value: 5.200.000
Note ref: V.2c
---
Table: THUYẾT MINH BÁO CÁO TÀI CHÍNH
Subheading: 2c. Đầu tư góp vốn vào đơn vị khác — Tỷ lệ sở hữu của Công ty tại các đơn vị như sau:
Item: Công ty Cổ phần Quản lý Vận hành Bất động sản Mandala | Số cuối kỳ Số lượng CP
Period: cuối
Value: 150.000
Note ref: V.2c
---
Table: THUYẾT MINH BÁO CÁO TÀI CHÍNH
Subheading: 2c. Đầu tư góp vốn vào đơn vị khác — Tỷ lệ sở hữu của Công ty tại các đơn vị như sau:
Item: Công ty Cổ phần Quản lý Khách sạn và Dịch vụ Mandala | Số cuối kỳ Số lượng CP
Period: cuối
Value: 800.000
Note ref: V.2c
---
Table: THUYẾT MINH BÁO CÁO TÀI CHÍNH
Subheading: 2c. Đầu tư góp vốn vào đơn vị khác — Tỷ lệ sở hữu của Công ty tại các đơn vị như sau:
Item: Công ty Cổ phần Lagoon Lăng Cô | Số đầu năm Số lượng CP
Period: đầu
Value: 9.000.000
Note ref: V.2c
---
Table: THUYẾT MINH BÁO CÁO TÀI CHÍNH
Subheading: 2c. Đầu tư góp vốn vào đơn vị khác — Tỷ lệ sở hữu của Công ty tại các đơn vị như sau:
Item: Công ty Cổ phần Đầu tư Apec Túc Duyên | Số đầu năm Số lượng CP
Period: đầu
Value: 1.895.769
Note ref: V.2c
---
Table: THUYẾT MINH BÁO CÁO TÀI CHÍNH
Subheading: 2c. Đầu tư góp vốn vào đơn vị khác — Tỷ lệ sở hữu của Công ty tại các đơn vị như sau:
Item: Công ty Cổ phần Đầu tư Quốc tế Dubai | Số đầu năm Số lượng CP
Period: đầu
Value: 7.711.250
Note ref: V.2c
---
Table: THUYẾT MINH BÁO CÁO TÀI CHÍNH
Subheading: 2c. Đầu tư góp vốn vào đơn vị khác — Tỷ lệ sở hữu của Công ty tại các đơn vị như sau:
Item: Công ty Cổ phần Apec Land Huế | Số đầu năm Số lượng CP
Period: đầu
Value: 16.898.000
Note ref: V.2c
---
Table: THUYẾT MINH BÁO CÁO TÀI CHÍNH
Subheading: 2c. Đầu tư góp vốn vào đơn vị khác — Tỷ lệ sở hữu của Công ty tại các đơn vị như sau:
Item: Công ty Cổ phần Giáo dục E-ACADEMY | Số đầu năm Số lượng CP
Period: đầu
Value: 640.000
Note ref: V.2c
---
Table: THUYẾT MINH BÁO CÁO TÀI CHÍNH
Subheading: 2c. Đầu tư góp vốn vào đơn vị khác — Tỷ lệ sở hữu của Công ty tại các đơn vị như sau:
Item: Công ty Cổ phần Đầu tư Apec Túc Duyên | Số cuối kỳ Số lượng CP
Period: cuối
Value: 1.896.169
Note ref: V.2c
---
Table: THUYẾT MINH BÁO CÁO TÀI CHÍNH
Subheading: 2c. Đầu tư góp vốn vào đơn vị khác — Tỷ lệ sở hữu của Công ty tại các đơn vị như sau:
Item: Công ty Cổ phần Đầu tư Quốc tế Dubai | Số cuối kỳ Số lượng CP
Period: cuối
Value: 7.711.250
Note ref: V.2c
---
Table: THUYẾT MINH BÁO CÁO TÀI CHÍNH
Subheading: 2c. Đầu tư góp vốn vào đơn vị khác — Tỷ lệ sở hữu của Công ty tại các đơn vị như sau:
Item: Công ty Cổ phần Apec Land Huế | Số cuối kỳ Số lượng CP
Period: cuối
Value: 16.898.000
Note ref: V.2c
---
Table: THUYẾT MINH BÁO CÁO TÀI CHÍNH
Subheading: 2c. Đầu tư góp vốn vào đơn vị khác — Tỷ lệ sở hữu của Công ty tại các đơn vị như sau:
Item: Công ty Cổ phần Giáo dục E-ACADEMY | Số cuối kỳ Số lượng CP
Period: cuối
Value: 1.000.000
Note ref: V.2c
---
Table: THUYẾT MINH BÁO CÁO TÀI CHÍNH
Subheading: 19a. Bảng đối chiếu biến động của vốn chủ sở hữu — Kỳ này
Item: Số dư đầu năm | Cộng
Value: 895.094.437.312
Note ref: V.19a",1,,1127339,61611,0.6590909090909091,0.7971387898180075,0.05303315192888493,0.25
209,"Giải thích ý nghĩa của việc không còn số dư bảo hiểm xã hội, y tế, thất nghiệp phải trả cuối kỳ.","Trong các dữ liệu thu thập được không có mục “bảo hiểm xã hội, y tế, thất nghiệp phải trả” ở phần số dư cuối kỳ, vì vậy không thể đưa ra giải thích về ý nghĩa của việc không còn số dư này.","Việc không còn số dư bảo hiểm xã hội, y tế, thất nghiệp phải trả cuối kỳ (0 VND) so với 229.165.885 VND đầu năm có ý nghĩa tích cực là công ty đã hoàn thành tất cả các nghĩa vụ thanh toán liên quan đến các khoản bảo hiểm này cho người lao động và cơ quan nhà nước. Điều này cho thấy công ty tuân thủ tốt các quy định về lao động và giảm bớt các khoản nợ phải trả trong ngắn hạn, cải thiện tình hình thanh khoản liên quan đến nghĩa vụ với người lao động và Nhà nước.",8,"Table: THUYẾT MINH BÁO CÁO TÀI CHÍNH
Subheading: 17a. Phải trả ngắn hạn khác
Item: Dự án Khu công nghiệp Đa Hội - Bắc Ninh | Số cuối kỳ
Period: cuối
Value: 8.620.861.121
Note ref: V.17a
---
Table: THUYẾT MINH BÁO CÁO TÀI CHÍNH
Subheading: 17a. Phải trả ngắn hạn khác
Item: Các khoản phải trả ngắn hạn khác | Số cuối kỳ
Period: cuối
Value: 3.010.459.022
Note ref: V.17a
---
Table: THUYẾT MINH BÁO CÁO TÀI CHÍNH
Subheading: 17a. Phải trả ngắn hạn khác
Item: Thu hộ phí bảo trì | Số cuối kỳ
Period: cuối
Value: 20.916.120.555
Note ref: V.17a
---
Table: THUYẾT MINH BÁO CÁO TÀI CHÍNH
Subheading: 17a. Phải trả ngắn hạn khác
Item: Cộng | Số cuối kỳ
Period: cuối
Value: 153.679.202.110
Note ref: V.17a
---
Table: THUYẾT MINH BÁO CÁO TÀI CHÍNH
Item: 19a. Bảng đối chiếu biến động của vốn chủ sở hữu | Số dư cuối kỳ
Value: Vốn đầu tư của chủ sở hữu: 840.839.760.000 | Lợi nhuận sau thuế chưa phân phối: 54.254.677.312 | Cộng: 895.094.437.312
---
Table: THUYẾT MINH BÁO CÁO TÀI CHÍNH
Subheading: 17a. Phải trả ngắn hạn khác
Item: Nhận đặt cọc mua nội thất Dự Án Mũi Né | Số cuối kỳ
Period: cuối
Value: 518.505.000
Note ref: V.17a
---
Table: THUYẾT MINH BÁO CÁO TÀI CHÍNH
Subheading: 7. Hàng tồn kho
Item: Dự án Khu công nghiệp Đa Hội | Số cuối kỳ
Period: cuối
Value: 115.731.971.300
Note ref: V.7
---
Table: THUYẾT MINH BÁO CÁO TÀI CHÍNH
Subheading: 14. Người mua trả tiền trước ngắn hạn — Là khoản trả trước theo tiến độ của các khách hàng dự án Bất động sản, bao gồm:
Item: Dự án Đa hội | Số cuối kỳ
Period: cuối
Value: 4.773.842.332
Note ref: V.14",1,,164681,11910,1.0,0.0,0.0,0.0
210,"Nếu cổ tức và lợi nhuận phải trả tiếp tục giảm, điều này có ý nghĩa gì đối với chính sách phân phối lợi nhuận của công ty?","Dựa trên số liệu hiện có:

**1. Khả năng sinh lời** (agent_profitability)
- Cổ tức, lợi nhuận phải trả cuối kỳ hiện tại: 656.640.000 đ (BẢNG CÂN ĐỐI KẾ TOÁN)
- Số đầu năm: 531.525.000 đ (BẢNG CÂN ĐỐI KẾ TOÁN)
- Thuyết minh: Lợi nhuận sau thuế được phân phối cho cổ đông chỉ sau khi trích lập các quỹ và được Đại hội đồng cổ đông phê duyệt; việc phân phối cân nhắc các khoản mục phi tiền tệ (Thuyết minh BCTC – mục 13).

*Nhận xét*:
- Dữ liệu hiện có cho thấy cổ tức, lợi nhuận phải trả **tăng** so với đầu năm, không phản ánh xu hướng giảm.
- Nếu trong các kỳ tiếp theo số tiền này **giảm**, công ty có xu hướng giữ lại lợi nhuận nhiều hơn, tăng vốn nội lực và khả năng tái đầu tư.
- Việc giảm sẽ dẫn đến mức chi trả cổ tức thấp hơn cho cổ đông, có thể thay đổi kỳ vọng thị trường về cổ tức.

**2. Dòng tiền** (agent_cashflow_analysis)
- Cổ tức, lợi nhuận phải trả cuối kỳ: 656.640.000 đ (BÁO CÁO LƯU CHUYỂN TIỀN TỆ, *Số cuối kỳ*)
- Cổ tức, lợi nhuận phải trả đầu năm: 531.525.000 đ (BÁO CÁO LƯU CHUYỂN TIỀN TỆ, *Số đầu năm*)
- Thuyết minh: Lợi nhuận sau thuế được phân phối cho cổ đông chỉ sau khi đã trích lập các quỹ và được Đại hội đồng cổ đông phê duyệt; việc phân phối còn tính đến các khoản mục phi tiền tệ có thể ảnh hưởng tới luồng tiền (Thuyết minh BCTC, mục 13).

*Nhận xét*:
- Dữ liệu hiện tại cho thấy cổ tức, lợi nhuận phải trả **tăng** trong kỳ, không có dấu hiệu giảm.
- Nếu trong các kỳ tới số tiền này **giảm**, công ty sẽ áp dụng chính sách phân phối thận trọng hơn, giữ lại lợi nhuận để củng cố vốn, đáp ứng nhu cầu đầu tư và duy trì thanh khoản.
- Sự giảm sẽ được thực hiện trong khuôn khổ quy định và sau khi hội đồng phê duyệt.

**Kết luận tổng thể**:
- Mặc dù hiện tại cổ tức và lợi nhuận phải trả đang tăng, nếu chúng **tiếp tục giảm** trong tương lai, công ty có khả năng điều chỉnh chính sách phân phối lợi nhuận hướng tới việc giữ lại lợi nhuận để tăng cường vốn và bảo vệ thanh khoản, dẫn đến mức chi trả cổ tức cho cổ đông thấp hơn. Tuy nhiên, vì chưa có dữ liệu về xu hướng giảm, cần theo dõi các kỳ kế tiếp để xác nhận thay đổi thực tế.","Cổ tức, lợi nhuận phải trả đầu năm là 531.525.000 VND và cuối kỳ là 656.640.000 VND (thuyết minh 17a - Phải trả ngắn hạn khác), tức là đã tăng trong kỳ chứ không giảm. Nếu giả định khoản này giảm trong tương lai, điều đó có thể phản ánh việc công ty đã chi trả cổ tức/lợi nhuận cho chủ sở hữu, làm giảm nghĩa vụ phải trả nhưng cũng giảm lượng tiền mặt.",21,"Table: BÁO CÁO KẾT QUẢ HOẠT ĐỘNG KINH DOANH
Item: Lợi nhuận thuần từ hoạt động kinh doanh | Quý IV năm 2024
Period: cuối
Value: 12.205.164.159
---
Table: BÁO CÁO KẾT QUẢ HOẠT ĐỘNG KINH DOANH
Item: Lợi nhuận thuần từ hoạt động kinh doanh | Lũy kế đến quý IV năm 2024
Period: cuối
Value: (12.918.933.440)
---
Table: BÁO CÁO KẾT QUẢ HOẠT ĐỘNG KINH DOANH
Item: Lợi nhuận thuần từ hoạt động kinh doanh | Lũy kế đến quý IV năm 2023
Period: đầu
Value: (43.531.303.789)
---
Table: BÁO CÁO KẾT QUẢ HOẠT ĐỘNG KINH DOANH
Item: Lợi nhuận thuần từ hoạt động kinh doanh | Quý IV năm 2023
Period: đầu
Value: (29.778.741.081)
---
Table: BÁO CÁO KẾT QUẢ HOẠT ĐỘNG KINH DOANH
Item: Lợi nhuận gộp về bán hàng và cung cấp dịch vụ | Quý IV năm 2024
Period: cuối
Value: 34.352.002.130
---
Table: BÁO CÁO KẾT QUẢ HOẠT ĐỘNG KINH DOANH
Item: Lợi nhuận gộp về bán hàng và cung cấp dịch vụ | Lũy kế đến quý IV năm 2024
Period: cuối
Value: 75.877.336.939
---
Table: BÁO CÁO KẾT QUẢ HOẠT ĐỘNG KINH DOANH
Item: Lợi nhuận gộp về bán hàng và cung cấp dịch vụ | Quý IV năm 2023
Period: đầu
Value: 2.249.284.279
---
Table: BÁO CÁO KẾT QUẢ HOẠT ĐỘNG KINH DOANH
Item: Lợi nhuận gộp về bán hàng và cung cấp dịch vụ | Lũy kế đến quý IV năm 2023
Period: đầu
Value: 52.040.652.356
---
Table: THUYẾT MINH BÁO CÁO TÀI CHÍNH
Item: 17a. Phải trả ngắn hạn khác | Cổ tức, lợi nhuận phải trả
Value: Số cuối kỳ: 656.640.000 | Số đầu năm: 531.525.000
---
Table: THUYẾT MINH BÁO CÁO TÀI CHÍNH
Item: Thuyết minh báo cáo tài chính
Value: 13. Phân phối lợi nhuận Lợi nhuận sau thuế thu nhập doanh nghiệp được phân phối cho các cổ đông sau khi đã trích lập các quỹ theo Điều lệ của Công ty cũng như các quy định của pháp luật và đã được Đại hội đồng cổ đông phê duyệt. Việc phân phối lợi nhuận cho các cổ đông được cân nhắc đến các khoản mục phi tiền tệ nằm trong lợi nhuận sau thuế chưa phân phối có thể ảnh hưởng đến luồng tiền và khả năng chi trả cổ tức như lãi do đánh giá lại tài sản mang đi góp vốn, lãi do đánh giá lại các khoản mục tiền tệ, các công cụ tài chính và các khoản mục phi tiền tệ khác. Cổ tức được ghi nhận là nợ phải trả khi được Đại hội đồng cổ đông phê duyệt.
---
Table: THUYẾT MINH BÁO CÁO TÀI CHÍNH
Subheading: 17a. Phải trả ngắn hạn khác
Item: Cổ tức, lợi nhuận phải trả | Số cuối kỳ
Period: cuối
Value: 656.640.000
Note ref: V.17a
---
Table: THUYẾT MINH BÁO CÁO TÀI CHÍNH
Subheading: 17a. Phải trả ngắn hạn khác
Item: Cổ tức, lợi nhuận phải trả | Số đầu năm
Period: đầu
Value: 531.525.000
Note ref: V.17a
---
Table: THUYẾT MINH BÁO CÁO TÀI CHÍNH
Item: 19a. Bảng đối chiếu biến động của vốn chủ sở hữu | Lợi nhuận trong kỳ
Value: Vốn đầu tư của chủ sở hữu: - | Lợi nhuận sau thuế chưa phân phối: (48.187.112.561) | Cộng: (48.187.112.561)
---
Table: THUYẾT MINH BÁO CÁO TÀI CHÍNH
Subheading: 19a. Bảng đối chiếu biến động của vốn chủ sở hữu — Kỳ này
Item: Số dư cuối kỳ | Lợi nhuận sau thuế chưa phân phối
Value: 43.404.961.299
Note ref: V.19a
---
Table: THUYẾT MINH BÁO CÁO TÀI CHÍNH
Subheading: 19a. Bảng đối chiếu biến động của vốn chủ sở hữu — Kỳ này
Item: Lợi nhuận trong kỳ | Lợi nhuận sau thuế chưa phân phối
Value: (10.849.716.013)
Note ref: V.19a
---
Table: THUYẾT MINH BÁO CÁO TÀI CHÍNH
Subheading: 19a. Bảng đối chiếu biến động của vốn chủ sở hữu — Kỳ này
Item: Số dư đầu năm | Lợi nhuận sau thuế chưa phân phối
Value: 54.254.677.312
Note ref: V.19a
---
Table: THUYẾT MINH BÁO CÁO TÀI CHÍNH
Subheading: 19a. Bảng đối chiếu biến động của vốn chủ sở hữu — Kỳ trước
Item: Số dư cuối kỳ | Lợi nhuận sau thuế chưa phân phối
Value: 54.254.677.312
Note ref: V.19a
---
Table: THUYẾT MINH BÁO CÁO TÀI CHÍNH
Subheading: 19a. Bảng đối chiếu biến động của vốn chủ sở hữu — Kỳ trước
Item: Lợi nhuận trong kỳ | Lợi nhuận sau thuế chưa phân phối
Value: (48.187.112.561)
Note ref: V.19a
---
Table: THUYẾT MINH BÁO CÁO TÀI CHÍNH
Item: Thuyết minh báo cáo tài chính
Value: Cổ tức và lợi nhuận được chia Cổ tức và lợi nhuận được chia được ghi nhận khi Công ty được quyền nhận cổ tức hoặc lợi nhuận từ việc góp vốn. Cổ tức được nhận bằng cổ phiếu chỉ được theo dõi số lượng cổ phiếu tăng thêm, không ghi nhận giá trị cổ phiếu nhận được.
---
Table: THUYẾT MINH BÁO CÁO TÀI CHÍNH
Item: Thuyết minh 4: Doanh thu hoạt động tài chính | Cổ tức, lợi nhuận được chia
Value: Luỹ kế từ đầu năm đến cuối kỳ này Năm trước: 43.844.718
---
Table: THUYẾT MINH BÁO CÁO TÀI CHÍNH
Subheading: 4. Doanh thu hoạt động tài chính
Item: Cổ tức, lợi nhuận được chia | Luỹ kế từ đầu năm đến cuối kỳ này Năm trước
Value: 43.844.718
Note ref: V.4",1,,293124,36136,0.4117647058823529,0.760378411617613,0.23606592237699056,0.5
